"texto","area"
"MUNICÍPIO - SECRETARIA DE ADMINISTRAÇÃO. EXTRATO DE REGISTRO DE PREÇOS. Ref. Proc. PMSC-098/24. PARTES: MUNICÍPIO DE SÃO JOSÉ DOS CAMPOS X VIGILÂNCIA E SEGURANÇA PATRIMONIAL LTDA. OBJETO: O presente instrumento tem por objeto a Prestação de serviços limpeza e conservação para todos os departamentos da prefeitura, conforme especificações do edital. DOTAÇÃO ORÇAMENTÁRIA: 10.302.0001.2001.33903900. VALOR: R$ 210.000,00.","Gestão Administrativa"
"MUNICÍPIO - SECRETARIA DE ADMINISTRAÇÃO. DISPENSA DE LICITAÇÃO. Ref. Proc. 112233/2023. PARTES: MUNICÍPIO DE SÃO JOSÉ DOS CAMPOS X TECNOLOGIA INTEGRADA LTDA. OBJETO: O presente instrumento tem por objeto a Aquisição de serviços de publicidade e propaganda institucional atendendo a Secretaria de Administração, conforme especificações do edital. DOTAÇÃO ORÇAMENTÁRIA: 10.302.0001.2001.33903900. VALOR: R$ 1.250.000,00.","Gestão Administrativa"
"MUNICÍPIO - SECRETARIA DE ADMINISTRAÇÃO. EXTRATO DE TERMO ADITIVO. Ref. Proc. 2024/09812. PARTES: PREFEITURA MUNICIPAL X TECNOLOGIA INTEGRADA LTDA. OBJETO: O presente instrumento tem por objeto a Fornecimento de segurança patrimonial e vigilância atendendo a Secretaria de Administração, conforme especificações do edital. DOTAÇÃO ORÇAMENTÁRIA: 10.302.0001.2001.33903900. VALOR: R$ 89.000,00.","Gestão Administrativa"
"INEXIGIBILIDADE DE LICITAÇÃO. PROCESSO INSTRUTIVO: 2023/00456. PARTES: MUNICÍPIO DE SÃO JOSÉ DOS CAMPOS e TECNOLOGIA INTEGRADA LTDA. OBJETO: Fornecimento de serviços de auditoria contábil para os servidores municipais. VALOR GLOBAL: R$ 15.400,00. FUNDAMENTO LEGAL: art. 25, caput, da Lei 8.666/93. ASSINATURA: 16/05/2026.","Gestão Administrativa"
"INEXIGIBILIDADE DE LICITAÇÃO. PROCESSO INSTRUTIVO: 2024/09812. PARTES: FUNDO MUNICIPAL DE SAÚDE e VIGILÂNCIA E SEGURANÇA PATRIMONIAL LTDA. OBJETO: Fornecimento de móveis de escritório atendendo a Secretaria de Administração. VALOR GLOBAL: R$ 210.000,00. FUNDAMENTO LEGAL: art. 25, caput, da Lei 8.666/93. ASSINATURA: 04/05/2026.","Gestão Administrativa"
"TERMO DE RATIFICAÇÃO DE INEXIGIBILIDADE DE LICITAÇÃO. Processo Administrativo nº 2023/00456. Reconheço e ratifico a contratação de VIGILÂNCIA E SEGURANÇA PATRIMONIAL LTDA, inscrita no CNPJ sob nº 96.000.000/0001-00. Objeto: Locação de segurança patrimonial e vigilância para manutenção das atividades administrativas contínuas. Valor Estimado: R$ 1.250.000,00, com base na art. 24, inciso II, da Lei nº 8.666/93.","Gestão Administrativa"
"DISPENSA DE LICITAÇÃO Nº 546/2024 - PROCESSO: 112233/2023. CONTRATANTE: MUNICÍPIO DE SÃO JOSÉ DOS CAMPOS. CONTRATADA: CONSTRUTORA ALPHA LTDA. OBJETO DO CONTRATO: Fornecimento de fornecimento de vales-alimentação para as dependências do paço municipal. VALOR: R$ 15.400,00. PRAZO DE VIGÊNCIA: 12 (doze) meses a partir da assinatura.","Gestão Administrativa"
"DISPENSA DE LICITAÇÃO Nº 407/2024 - PROCESSO: 2023/00456. CONTRATANTE: MUNICÍPIO DE SÃO JOSÉ DOS CAMPOS. CONTRATADA: TECNOLOGIA INTEGRADA LTDA. OBJETO DO CONTRATO: Prestação de serviços serviços de publicidade e propaganda institucional visando o regular funcionamento dos setores. VALOR: R$ 89.000,00. PRAZO DE VIGÊNCIA: 12 (doze) meses a partir da assinatura.","Gestão Administrativa"
"TERMO DE RATIFICAÇÃO DE EXTRATO DE REGISTRO DE PREÇOS. Processo Administrativo nº 2023/00456. Reconheço e ratifico a contratação de COMERCIAL DE ALIMENTOS UNIÃO EIRELI, inscrita no CNPJ sob nº 94.000.000/0001-00. Objeto: Prestação de serviços serviços de publicidade e propaganda institucional para manutenção das atividades administrativas contínuas. Valor Estimado: R$ 15.400,00, com base na art. 75, inciso II, da Lei nº 14.133/21.","Gestão Administrativa"
"TERMO DE RATIFICAÇÃO DE EXTRATO DE TERMO ADITIVO. Processo Administrativo nº PM-882/2023. Reconheço e ratifico a contratação de VIGILÂNCIA E SEGURANÇA PATRIMONIAL LTDA, inscrita no CNPJ sob nº 56.000.000/0001-00. Objeto: Prestação de serviços serviços de auditoria contábil para o centro administrativo municipal. Valor Estimado: R$ 210.000,00, com base na art. 25, caput, da Lei 8.666/93.","Gestão Administrativa"
"TERMO DE RATIFICAÇÃO DE EXTRATO DE REGISTRO DE PREÇOS. Processo Administrativo nº 2023/00456. Reconheço e ratifico a contratação de ORGANIZAÇÃO SOCIAL ESPERANÇA, inscrita no CNPJ sob nº 76.000.000/0001-00. Objeto: Fornecimento de móveis de escritório para manutenção das atividades administrativas contínuas. Valor Estimado: R$ 89.000,00, com base na art. 25, caput, da Lei 8.666/93.","Gestão Administrativa"
"INEXIGIBILIDADE DE LICITAÇÃO Nº 386/2024 - PROCESSO: PM-882/2023. CONTRATANTE: SECRETARIA MUNICIPAL DE INFRAESTRUTURA. CONTRATADA: DISTRIBUIDORA DE MEDICAMENTOS BOA SAÚDE. OBJETO DO CONTRATO: Registro de preços para serviços serviços de publicidade e propaganda institucional para os servidores municipais. VALOR: R$ 15.400,00. PRAZO DE VIGÊNCIA: 12 (doze) meses a partir da assinatura.","Gestão Administrativa"
"EXTRATO DE CONTRATO. PROCESSO INSTRUTIVO: 112233/2023. PARTES: FUNDO MUNICIPAL DE EDUCAÇÃO e ORGANIZAÇÃO SOCIAL ESPERANÇA. OBJETO: Aquisição de limpeza e conservação para manutenção das atividades administrativas contínuas. VALOR GLOBAL: R$ 210.000,00. FUNDAMENTO LEGAL: art. 24, inciso II, da Lei nº 8.666/93. ASSINATURA: 20/07/2026.","Gestão Administrativa"
"EXTRATO DE TERMO ADITIVO. PROCESSO INSTRUTIVO: PMSC-098/24. PARTES: SECRETARIA MUNICIPAL DE INFRAESTRUTURA e VIGILÂNCIA E SEGURANÇA PATRIMONIAL LTDA. OBJETO: Prestação de serviços papel A4 e suprimentos de impressão para o centro administrativo municipal. VALOR GLOBAL: R$ 15.400,00. FUNDAMENTO LEGAL: art. 25, caput, da Lei 8.666/93. ASSINATURA: 01/08/2026.","Gestão Administrativa"
"MUNICÍPIO - SECRETARIA DE ADMINISTRAÇÃO. EXTRATO DE REGISTRO DE PREÇOS. Ref. Proc. PMSC-098/24. PARTES: MUNICÍPIO DE SÃO JOSÉ DOS CAMPOS X SERVIÇOS DE LIMPEZA BRASIL S/A. OBJETO: O presente instrumento tem por objeto a Fornecimento de frota de veículos para os órgãos da administração direta, conforme especificações do edital. DOTAÇÃO ORÇAMENTÁRIA: 10.302.0001.2001.33903900. VALOR: R$ 210.000,00.","Gestão Administrativa"
"MUNICÍPIO - SECRETARIA DE ADMINISTRAÇÃO. AVISO DE LICITAÇÃO. Ref. Proc. 0012.0034/2024. PARTES: MUNICÍPIO DE SÃO JOSÉ DOS CAMPOS X DISTRIBUIDORA DE MEDICAMENTOS BOA SAÚDE. OBJETO: O presente instrumento tem por objeto a Aquisição de serviços de publicidade e propaganda institucional visando o regular funcionamento dos setores, conforme especificações do edital. DOTAÇÃO ORÇAMENTÁRIA: 10.302.0001.2001.33903900. VALOR: R$ 15.400,00.","Gestão Administrativa"
"TERMO DE RATIFICAÇÃO DE EXTRATO DE CONTRATO. Processo Administrativo nº 2024/09812. Reconheço e ratifico a contratação de SERVIÇOS DE LIMPEZA BRASIL S/A, inscrita no CNPJ sob nº 26.000.000/0001-00. Objeto: Prestação de serviços serviços de publicidade e propaganda institucional para as dependências do paço municipal. Valor Estimado: R$ 89.000,00, com base na art. 24, inciso II, da Lei nº 8.666/93.","Gestão Administrativa"
"AVISO DE LICITAÇÃO Nº 635/2024 - PROCESSO: 112233/2023. CONTRATANTE: FUNDO MUNICIPAL DE SAÚDE. CONTRATADA: TECNOLOGIA INTEGRADA LTDA. OBJETO DO CONTRATO: Contratação de empresa para serviços de auditoria contábil para os órgãos da administração direta. VALOR: R$ 210.000,00. PRAZO DE VIGÊNCIA: 12 (doze) meses a partir da assinatura.","Gestão Administrativa"
"EXTRATO DE CONTRATO. PROCESSO INSTRUTIVO: 2023/00456. PARTES: MUNICÍPIO DE SÃO JOSÉ DOS CAMPOS e VIGILÂNCIA E SEGURANÇA PATRIMONIAL LTDA. OBJETO: Registro de preços para serviços papel A4 e suprimentos de impressão para os servidores municipais. VALOR GLOBAL: R$ 1.250.000,00. FUNDAMENTO LEGAL: Lei 14.133/2021. ASSINATURA: 17/07/2026.","Gestão Administrativa"
"TOMADA DE PREÇOS. PROCESSO INSTRUTIVO: 112233/2023. PARTES: FUNDO MUNICIPAL DE EDUCAÇÃO e DISTRIBUIDORA DE MEDICAMENTOS BOA SAÚDE. OBJETO: Locação de serviços de auditoria contábil para os servidores municipais. VALOR GLOBAL: R$ 89.000,00. FUNDAMENTO LEGAL: art. 25, caput, da Lei 8.666/93. ASSINATURA: 31/07/2026.","Gestão Administrativa"
"EXTRATO DE CONTRATO Nº 723/2024 - PROCESSO: 112233/2023. CONTRATANTE: FUNDO MUNICIPAL DE EDUCAÇÃO. CONTRATADA: COMERCIAL DE ALIMENTOS UNIÃO EIRELI. OBJETO DO CONTRATO: Locação de serviços de copeiragem visando o regular funcionamento dos setores. VALOR: R$ 45.900,00. PRAZO DE VIGÊNCIA: 12 (doze) meses a partir da assinatura.","Gestão Administrativa"
"TERMO DE RATIFICAÇÃO DE TOMADA DE PREÇOS. Processo Administrativo nº 2024/09812. Reconheço e ratifico a contratação de SERVIÇOS DE LIMPEZA BRASIL S/A, inscrita no CNPJ sob nº 25.000.000/0001-00. Objeto: Aquisição de fornecimento de vales-alimentação atendendo a Secretaria de Administração. Valor Estimado: R$ 15.400,00, com base na art. 75, inciso II, da Lei nº 14.133/21.","Gestão Administrativa"
"TERMO DE RATIFICAÇÃO DE TOMADA DE PREÇOS. Processo Administrativo nº 112233/2023. Reconheço e ratifico a contratação de TECNOLOGIA INTEGRADA LTDA, inscrita no CNPJ sob nº 76.000.000/0001-00. Objeto: Fornecimento de serviços de publicidade e propaganda institucional para as dependências do paço municipal. Valor Estimado: R$ 5.600.000,00, com base na art. 25, caput, da Lei 8.666/93.","Gestão Administrativa"
"TERMO DE RATIFICAÇÃO DE AVISO DE LICITAÇÃO. Processo Administrativo nº 2023/00456. Reconheço e ratifico a contratação de VIGILÂNCIA E SEGURANÇA PATRIMONIAL LTDA, inscrita no CNPJ sob nº 25.000.000/0001-00. Objeto: Fornecimento de serviços de auditoria contábil para o centro administrativo municipal. Valor Estimado: R$ 5.600.000,00, com base na Lei 14.133/2021.","Gestão Administrativa"
"MUNICÍPIO - SECRETARIA DE ADMINISTRAÇÃO. TOMADA DE PREÇOS. Ref. Proc. 2024/09812. PARTES: FUNDO MUNICIPAL DE SAÚDE X COMERCIAL DE ALIMENTOS UNIÃO EIRELI. OBJETO: O presente instrumento tem por objeto a Prestação de serviços materiais de expediente para manutenção das atividades administrativas contínuas, conforme especificações do edital. DOTAÇÃO ORÇAMENTÁRIA: 10.302.0001.2001.33903900. VALOR: R$ 5.600.000,00.","Gestão Administrativa"
"TERMO DE RATIFICAÇÃO DE AVISO DE LICITAÇÃO. Processo Administrativo nº PMSC-098/24. Reconheço e ratifico a contratação de CONSTRUTORA ALPHA LTDA, inscrita no CNPJ sob nº 32.000.000/0001-00. Objeto: Fornecimento de serviços de copeiragem para os servidores municipais. Valor Estimado: R$ 345.600,00, com base na art. 25, caput, da Lei 8.666/93.","Gestão Administrativa"
"MUNICÍPIO - SECRETARIA DE ADMINISTRAÇÃO. INEXIGIBILIDADE DE LICITAÇÃO. Ref. Proc. 2024/09812. PARTES: PREFEITURA MUNICIPAL X DISTRIBUIDORA DE MEDICAMENTOS BOA SAÚDE. OBJETO: O presente instrumento tem por objeto a Fornecimento de frota de veículos para os servidores municipais, conforme especificações do edital. DOTAÇÃO ORÇAMENTÁRIA: 10.302.0001.2001.33903900. VALOR: R$ 210.000,00.","Gestão Administrativa"
"TERMO DE RATIFICAÇÃO DE AVISO DE LICITAÇÃO. Processo Administrativo nº PMSC-098/24. Reconheço e ratifico a contratação de SERVIÇOS DE LIMPEZA BRASIL S/A, inscrita no CNPJ sob nº 74.000.000/0001-00. Objeto: Fornecimento de limpeza e conservação atendendo a Secretaria de Administração. Valor Estimado: R$ 210.000,00, com base na art. 24, inciso II, da Lei nº 8.666/93.","Gestão Administrativa"
"TERMO DE RATIFICAÇÃO DE AVISO DE LICITAÇÃO. Processo Administrativo nº PM-882/2023. Reconheço e ratifico a contratação de DISTRIBUIDORA DE MEDICAMENTOS BOA SAÚDE, inscrita no CNPJ sob nº 38.000.000/0001-00. Objeto: Prestação de serviços fornecimento de vales-alimentação para o centro administrativo municipal. Valor Estimado: R$ 1.250.000,00, com base na art. 75, inciso II, da Lei nº 14.133/21.","Gestão Administrativa"
"TERMO DE RATIFICAÇÃO DE INEXIGIBILIDADE DE LICITAÇÃO. Processo Administrativo nº 112233/2023. Reconheço e ratifico a contratação de ORGANIZAÇÃO SOCIAL ESPERANÇA, inscrita no CNPJ sob nº 47.000.000/0001-00. Objeto: Locação de frota de veículos para os órgãos da administração direta. Valor Estimado: R$ 15.400,00, com base na art. 24, inciso II, da Lei nº 8.666/93.","Gestão Administrativa"
"TERMO DE RATIFICAÇÃO DE EXTRATO DE CONTRATO. Processo Administrativo nº 112233/2023. Reconheço e ratifico a contratação de SERVIÇOS DE LIMPEZA BRASIL S/A, inscrita no CNPJ sob nº 81.000.000/0001-00. Objeto: Fornecimento de segurança patrimonial e vigilância visando o regular funcionamento dos setores. Valor Estimado: R$ 45.900,00, com base na art. 25, caput, da Lei 8.666/93.","Gestão Administrativa"
"TOMADA DE PREÇOS Nº 547/2024 - PROCESSO: 2024/09812. CONTRATANTE: FUNDO MUNICIPAL DE SAÚDE. CONTRATADA: COMERCIAL DE ALIMENTOS UNIÃO EIRELI. OBJETO DO CONTRATO: Registro de preços para serviços materiais de expediente para os órgãos da administração direta. VALOR: R$ 210.000,00. PRAZO DE VIGÊNCIA: 12 (doze) meses a partir da assinatura.","Gestão Administrativa"
"TERMO DE RATIFICAÇÃO DE EXTRATO DE TERMO ADITIVO. Processo Administrativo nº PM-882/2023. Reconheço e ratifico a contratação de VIGILÂNCIA E SEGURANÇA PATRIMONIAL LTDA, inscrita no CNPJ sob nº 14.000.000/0001-00. Objeto: Prestação de serviços limpeza e conservação atendendo a Secretaria de Administração. Valor Estimado: R$ 345.600,00, com base na art. 75, inciso II, da Lei nº 14.133/21.","Gestão Administrativa"
"EXTRATO DE REGISTRO DE PREÇOS Nº 216/2024 - PROCESSO: PM-882/2023. CONTRATANTE: SECRETARIA MUNICIPAL DE INFRAESTRUTURA. CONTRATADA: SERVIÇOS DE LIMPEZA BRASIL S/A. OBJETO DO CONTRATO: Fornecimento de serviços de auditoria contábil atendendo a Secretaria de Administração. VALOR: R$ 15.400,00. PRAZO DE VIGÊNCIA: 12 (doze) meses a partir da assinatura.","Gestão Administrativa"
"EXTRATO DE CONTRATO. PROCESSO INSTRUTIVO: 2023/00456. PARTES: MUNICÍPIO DE SÃO JOSÉ DOS CAMPOS e VIGILÂNCIA E SEGURANÇA PATRIMONIAL LTDA. OBJETO: Prestação de serviços serviços de auditoria contábil para os servidores municipais. VALOR GLOBAL: R$ 45.900,00. FUNDAMENTO LEGAL: Lei 14.133/2021. ASSINATURA: 11/07/2026.","Gestão Administrativa"
"MUNICÍPIO - SECRETARIA DE ADMINISTRAÇÃO. AVISO DE LICITAÇÃO. Ref. Proc. 2024/09812. PARTES: SECRETARIA MUNICIPAL DE INFRAESTRUTURA X CONSTRUTORA ALPHA LTDA. OBJETO: O presente instrumento tem por objeto a Aquisição de serviços de publicidade e propaganda institucional para os servidores municipais, conforme especificações do edital. DOTAÇÃO ORÇAMENTÁRIA: 10.302.0001.2001.33903900. VALOR: R$ 210.000,00.","Gestão Administrativa"
"EXTRATO DE CONTRATO. PROCESSO INSTRUTIVO: 2024/09812. PARTES: MUNICÍPIO DE SÃO JOSÉ DOS CAMPOS e CONSTRUTORA ALPHA LTDA. OBJETO: Prestação de serviços materiais de expediente para os servidores municipais. VALOR GLOBAL: R$ 89.000,00. FUNDAMENTO LEGAL: art. 75, inciso II, da Lei nº 14.133/21. ASSINATURA: 23/07/2026.","Gestão Administrativa"
"INEXIGIBILIDADE DE LICITAÇÃO Nº 640/2024 - PROCESSO: 2023/00456. CONTRATANTE: PREFEITURA MUNICIPAL. CONTRATADA: CONSTRUTORA ALPHA LTDA. OBJETO DO CONTRATO: Locação de frota de veículos para manutenção das atividades administrativas contínuas. VALOR: R$ 210.000,00. PRAZO DE VIGÊNCIA: 12 (doze) meses a partir da assinatura.","Gestão Administrativa"
"INEXIGIBILIDADE DE LICITAÇÃO. PROCESSO INSTRUTIVO: 2024/09812. PARTES: FUNDO MUNICIPAL DE EDUCAÇÃO e DISTRIBUIDORA DE MEDICAMENTOS BOA SAÚDE. OBJETO: Aquisição de limpeza e conservação atendendo a Secretaria de Administração. VALOR GLOBAL: R$ 1.250.000,00. FUNDAMENTO LEGAL: art. 25, caput, da Lei 8.666/93. ASSINATURA: 17/06/2026.","Gestão Administrativa"
"EXTRATO DE TERMO ADITIVO Nº 446/2024 - PROCESSO: 0012.0034/2024. CONTRATANTE: MUNICÍPIO DE SÃO JOSÉ DOS CAMPOS. CONTRATADA: CONSTRUTORA ALPHA LTDA. OBJETO DO CONTRATO: Prestação de serviços frota de veículos para manutenção das atividades administrativas contínuas. VALOR: R$ 5.600.000,00. PRAZO DE VIGÊNCIA: 12 (doze) meses a partir da assinatura.","Gestão Administrativa"
"AVISO DE LICITAÇÃO. PROCESSO INSTRUTIVO: 2023/00456. PARTES: SECRETARIA MUNICIPAL DE INFRAESTRUTURA e VIGILÂNCIA E SEGURANÇA PATRIMONIAL LTDA. OBJETO: Locação de fornecimento de vales-alimentação atendendo a Secretaria de Administração. VALOR GLOBAL: R$ 1.250.000,00. FUNDAMENTO LEGAL: art. 25, caput, da Lei 8.666/93. ASSINATURA: 07/07/2026.","Gestão Administrativa"
"TERMO DE RATIFICAÇÃO DE INEXIGIBILIDADE DE LICITAÇÃO. Processo Administrativo nº 112233/2023. Reconheço e ratifico a contratação de VIGILÂNCIA E SEGURANÇA PATRIMONIAL LTDA, inscrita no CNPJ sob nº 45.000.000/0001-00. Objeto: Fornecimento de papel A4 e suprimentos de impressão para as dependências do paço municipal. Valor Estimado: R$ 1.250.000,00, com base na art. 75, inciso II, da Lei nº 14.133/21.","Gestão Administrativa"
"MUNICÍPIO - SECRETARIA DE ADMINISTRAÇÃO. EXTRATO DE TERMO ADITIVO. Ref. Proc. PM-882/2023. PARTES: PREFEITURA MUNICIPAL X SERVIÇOS DE LIMPEZA BRASIL S/A. OBJETO: O presente instrumento tem por objeto a Contratação de empresa para serviços de copeiragem para as dependências do paço municipal, conforme especificações do edital. DOTAÇÃO ORÇAMENTÁRIA: 10.302.0001.2001.33903900. VALOR: R$ 15.400,00.","Gestão Administrativa"
"TERMO DE RATIFICAÇÃO DE TOMADA DE PREÇOS. Processo Administrativo nº 0012.0034/2024. Reconheço e ratifico a contratação de SERVIÇOS DE LIMPEZA BRASIL S/A, inscrita no CNPJ sob nº 11.000.000/0001-00. Objeto: Registro de preços para serviços limpeza e conservação para as dependências do paço municipal. Valor Estimado: R$ 1.250.000,00, com base na art. 75, inciso II, da Lei nº 14.133/21.","Gestão Administrativa"
"MUNICÍPIO - SECRETARIA DE ADMINISTRAÇÃO. EXTRATO DE CONTRATO. Ref. Proc. PM-882/2023. PARTES: FUNDO MUNICIPAL DE SAÚDE X DISTRIBUIDORA DE MEDICAMENTOS BOA SAÚDE. OBJETO: O presente instrumento tem por objeto a Locação de serviços de auditoria contábil para todos os departamentos da prefeitura, conforme especificações do edital. DOTAÇÃO ORÇAMENTÁRIA: 10.302.0001.2001.33903900. VALOR: R$ 345.600,00.","Gestão Administrativa"
"MUNICÍPIO - SECRETARIA DE ADMINISTRAÇÃO. INEXIGIBILIDADE DE LICITAÇÃO. Ref. Proc. 2024/09812. PARTES: SECRETARIA MUNICIPAL DE INFRAESTRUTURA X COMERCIAL DE ALIMENTOS UNIÃO EIRELI. OBJETO: O presente instrumento tem por objeto a Locação de serviços de copeiragem para o centro administrativo municipal, conforme especificações do edital. DOTAÇÃO ORÇAMENTÁRIA: 10.302.0001.2001.33903900. VALOR: R$ 1.250.000,00.","Gestão Administrativa"
"EXTRATO DE TERMO ADITIVO Nº 844/2024 - PROCESSO: 2024/09812. CONTRATANTE: MUNICÍPIO DE SÃO JOSÉ DOS CAMPOS. CONTRATADA: COMERCIAL DE ALIMENTOS UNIÃO EIRELI. OBJETO DO CONTRATO: Registro de preços para serviços serviços de copeiragem para todos os departamentos da prefeitura. VALOR: R$ 45.900,00. PRAZO DE VIGÊNCIA: 12 (doze) meses a partir da assinatura.","Gestão Administrativa"
"EXTRATO DE TERMO ADITIVO. PROCESSO INSTRUTIVO: PM-882/2023. PARTES: MUNICÍPIO DE SÃO JOSÉ DOS CAMPOS e DISTRIBUIDORA DE MEDICAMENTOS BOA SAÚDE. OBJETO: Prestação de serviços segurança patrimonial e vigilância para todos os departamentos da prefeitura. VALOR GLOBAL: R$ 345.600,00. FUNDAMENTO LEGAL: art. 25, caput, da Lei 8.666/93. ASSINATURA: 25/05/2026.","Gestão Administrativa"
"MUNICÍPIO - SECRETARIA DE ADMINISTRAÇÃO. DISPENSA DE LICITAÇÃO. Ref. Proc. 2024/09812. PARTES: MUNICÍPIO DE SÃO JOSÉ DOS CAMPOS X VIGILÂNCIA E SEGURANÇA PATRIMONIAL LTDA. OBJETO: O presente instrumento tem por objeto a Aquisição de materiais de expediente para todos os departamentos da prefeitura, conforme especificações do edital. DOTAÇÃO ORÇAMENTÁRIA: 10.302.0001.2001.33903900. VALOR: R$ 45.900,00.","Gestão Administrativa"
"MUNICÍPIO - SECRETARIA DE ADMINISTRAÇÃO. EXTRATO DE TERMO ADITIVO. Ref. Proc. PMSC-098/24. PARTES: MUNICÍPIO DE SÃO JOSÉ DOS CAMPOS X CONSTRUTORA ALPHA LTDA. OBJETO: O presente instrumento tem por objeto a Registro de preços para serviços fornecimento de vales-alimentação para os servidores municipais, conforme especificações do edital. DOTAÇÃO ORÇAMENTÁRIA: 10.302.0001.2001.33903900. VALOR: R$ 89.000,00.","Gestão Administrativa"
"EXTRATO DE TERMO ADITIVO. PROCESSO INSTRUTIVO: PM-882/2023. PARTES: MUNICÍPIO DE SÃO JOSÉ DOS CAMPOS e TECNOLOGIA INTEGRADA LTDA. OBJETO: Fornecimento de segurança patrimonial e vigilância para todos os departamentos da prefeitura. VALOR GLOBAL: R$ 345.600,00. FUNDAMENTO LEGAL: art. 25, caput, da Lei 8.666/93. ASSINATURA: 29/06/2026.","Gestão Administrativa"
"MUNICÍPIO - SECRETARIA DE ADMINISTRAÇÃO. PREGÃO ELETRÔNICO. Ref. Proc. 2024/09812. PARTES: FUNDO MUNICIPAL DE SAÚDE X CONSTRUTORA ALPHA LTDA. OBJETO: O presente instrumento tem por objeto a Fornecimento de móveis de escritório visando o regular funcionamento dos setores, conforme especificações do edital. DOTAÇÃO ORÇAMENTÁRIA: 10.302.0001.2001.33903900. VALOR: R$ 15.400,00.","Gestão Administrativa"
"TOMADA DE PREÇOS. PROCESSO INSTRUTIVO: 2023/00456. PARTES: FUNDO MUNICIPAL DE EDUCAÇÃO e ORGANIZAÇÃO SOCIAL ESPERANÇA. OBJETO: Locação de móveis de escritório para os servidores municipais. VALOR GLOBAL: R$ 5.600.000,00. FUNDAMENTO LEGAL: art. 75, inciso II, da Lei nº 14.133/21. ASSINATURA: 08/05/2026.","Gestão Administrativa"
"TERMO DE RATIFICAÇÃO DE INEXIGIBILIDADE DE LICITAÇÃO. Processo Administrativo nº 2024/09812. Reconheço e ratifico a contratação de VIGILÂNCIA E SEGURANÇA PATRIMONIAL LTDA, inscrita no CNPJ sob nº 15.000.000/0001-00. Objeto: Locação de serviços de publicidade e propaganda institucional atendendo a Secretaria de Administração. Valor Estimado: R$ 210.000,00, com base na Lei 14.133/2021.","Gestão Administrativa"
"TERMO DE RATIFICAÇÃO DE INEXIGIBILIDADE DE LICITAÇÃO. Processo Administrativo nº 112233/2023. Reconheço e ratifico a contratação de TECNOLOGIA INTEGRADA LTDA, inscrita no CNPJ sob nº 47.000.000/0001-00. Objeto: Prestação de serviços limpeza e conservação visando o regular funcionamento dos setores. Valor Estimado: R$ 15.400,00, com base na Lei 14.133/2021.","Gestão Administrativa"
"TERMO DE RATIFICAÇÃO DE TOMADA DE PREÇOS. Processo Administrativo nº PM-882/2023. Reconheço e ratifico a contratação de DISTRIBUIDORA DE MEDICAMENTOS BOA SAÚDE, inscrita no CNPJ sob nº 42.000.000/0001-00. Objeto: Aquisição de segurança patrimonial e vigilância para as dependências do paço municipal. Valor Estimado: R$ 345.600,00, com base na Lei 14.133/2021.","Gestão Administrativa"
"EXTRATO DE CONTRATO. PROCESSO INSTRUTIVO: 2023/00456. PARTES: MUNICÍPIO DE SÃO JOSÉ DOS CAMPOS e DISTRIBUIDORA DE MEDICAMENTOS BOA SAÚDE. OBJETO: Registro de preços para serviços papel A4 e suprimentos de impressão para os órgãos da administração direta. VALOR GLOBAL: R$ 89.000,00. FUNDAMENTO LEGAL: art. 25, caput, da Lei 8.666/93. ASSINATURA: 03/08/2026.","Gestão Administrativa"
"TOMADA DE PREÇOS Nº 991/2024 - PROCESSO: PMSC-098/24. CONTRATANTE: FUNDO MUNICIPAL DE SAÚDE. CONTRATADA: SERVIÇOS DE LIMPEZA BRASIL S/A. OBJETO DO CONTRATO: Aquisição de serviços de copeiragem para o centro administrativo municipal. VALOR: R$ 89.000,00. PRAZO DE VIGÊNCIA: 12 (doze) meses a partir da assinatura.","Gestão Administrativa"
"MUNICÍPIO - SECRETARIA DE ADMINISTRAÇÃO. INEXIGIBILIDADE DE LICITAÇÃO. Ref. Proc. 112233/2023. PARTES: MUNICÍPIO DE SÃO JOSÉ DOS CAMPOS X TECNOLOGIA INTEGRADA LTDA. OBJETO: O presente instrumento tem por objeto a Fornecimento de papel A4 e suprimentos de impressão atendendo a Secretaria de Administração, conforme especificações do edital. DOTAÇÃO ORÇAMENTÁRIA: 10.302.0001.2001.33903900. VALOR: R$ 210.000,00.","Gestão Administrativa"
"TERMO DE RATIFICAÇÃO DE EXTRATO DE CONTRATO. Processo Administrativo nº 2024/09812. Reconheço e ratifico a contratação de DISTRIBUIDORA DE MEDICAMENTOS BOA SAÚDE, inscrita no CNPJ sob nº 90.000.000/0001-00. Objeto: Contratação de empresa para serviços de copeiragem para todos os departamentos da prefeitura. Valor Estimado: R$ 15.400,00, com base na art. 24, inciso II, da Lei nº 8.666/93.","Gestão Administrativa"
"TERMO DE RATIFICAÇÃO DE EXTRATO DE REGISTRO DE PREÇOS. Processo Administrativo nº 0012.0034/2024. Reconheço e ratifico a contratação de TECNOLOGIA INTEGRADA LTDA, inscrita no CNPJ sob nº 92.000.000/0001-00. Objeto: Fornecimento de serviços de copeiragem para o centro administrativo municipal. Valor Estimado: R$ 1.250.000,00, com base na art. 75, inciso II, da Lei nº 14.133/21.","Gestão Administrativa"
"TERMO DE RATIFICAÇÃO DE PREGÃO ELETRÔNICO. Processo Administrativo nº 2024/09812. Reconheço e ratifico a contratação de VIGILÂNCIA E SEGURANÇA PATRIMONIAL LTDA, inscrita no CNPJ sob nº 66.000.000/0001-00. Objeto: Prestação de serviços limpeza e conservação para os órgãos da administração direta. Valor Estimado: R$ 345.600,00, com base na Lei 14.133/2021.","Gestão Administrativa"
"MUNICÍPIO - SECRETARIA DE ADMINISTRAÇÃO. PREGÃO ELETRÔNICO. Ref. Proc. 2023/00456. PARTES: PREFEITURA MUNICIPAL X DISTRIBUIDORA DE MEDICAMENTOS BOA SAÚDE. OBJETO: O presente instrumento tem por objeto a Contratação de empresa para segurança patrimonial e vigilância atendendo a Secretaria de Administração, conforme especificações do edital. DOTAÇÃO ORÇAMENTÁRIA: 10.302.0001.2001.33903900. VALOR: R$ 345.600,00.","Gestão Administrativa"
"MUNICÍPIO - SECRETARIA DE ADMINISTRAÇÃO. EXTRATO DE REGISTRO DE PREÇOS. Ref. Proc. PM-882/2023. PARTES: SECRETARIA MUNICIPAL DE INFRAESTRUTURA X DISTRIBUIDORA DE MEDICAMENTOS BOA SAÚDE. OBJETO: O presente instrumento tem por objeto a Prestação de serviços segurança patrimonial e vigilância para as dependências do paço municipal, conforme especificações do edital. DOTAÇÃO ORÇAMENTÁRIA: 10.302.0001.2001.33903900. VALOR: R$ 45.900,00.","Gestão Administrativa"
"EXTRATO DE CONTRATO. PROCESSO INSTRUTIVO: 0012.0034/2024. PARTES: MUNICÍPIO DE SÃO JOSÉ DOS CAMPOS e SERVIÇOS DE LIMPEZA BRASIL S/A. OBJETO: Locação de materiais de expediente para os servidores municipais. VALOR GLOBAL: R$ 1.250.000,00. FUNDAMENTO LEGAL: art. 25, caput, da Lei 8.666/93. ASSINATURA: 14/07/2026.","Gestão Administrativa"
"MUNICÍPIO - SECRETARIA DE ADMINISTRAÇÃO. PREGÃO ELETRÔNICO. Ref. Proc. 112233/2023. PARTES: FUNDO MUNICIPAL DE SAÚDE X DISTRIBUIDORA DE MEDICAMENTOS BOA SAÚDE. OBJETO: O presente instrumento tem por objeto a Contratação de empresa para serviços de auditoria contábil para as dependências do paço municipal, conforme especificações do edital. DOTAÇÃO ORÇAMENTÁRIA: 10.302.0001.2001.33903900. VALOR: R$ 5.600.000,00.","Gestão Administrativa"
"MUNICÍPIO - SECRETARIA DE ADMINISTRAÇÃO. PREGÃO ELETRÔNICO. Ref. Proc. 2024/09812. PARTES: PREFEITURA MUNICIPAL X COMERCIAL DE ALIMENTOS UNIÃO EIRELI. OBJETO: O presente instrumento tem por objeto a Locação de frota de veículos atendendo a Secretaria de Administração, conforme especificações do edital. DOTAÇÃO ORÇAMENTÁRIA: 10.302.0001.2001.33903900. VALOR: R$ 1.250.000,00.","Gestão Administrativa"
"DISPENSA DE LICITAÇÃO Nº 358/2024 - PROCESSO: PM-882/2023. CONTRATANTE: SECRETARIA MUNICIPAL DE INFRAESTRUTURA. CONTRATADA: DISTRIBUIDORA DE MEDICAMENTOS BOA SAÚDE. OBJETO DO CONTRATO: Aquisição de materiais de expediente para os órgãos da administração direta. VALOR: R$ 45.900,00. PRAZO DE VIGÊNCIA: 12 (doze) meses a partir da assinatura.","Gestão Administrativa"
"TERMO DE RATIFICAÇÃO DE PREGÃO ELETRÔNICO. Processo Administrativo nº 0012.0034/2024. Reconheço e ratifico a contratação de SERVIÇOS DE LIMPEZA BRASIL S/A, inscrita no CNPJ sob nº 62.000.000/0001-00. Objeto: Prestação de serviços frota de veículos para as dependências do paço municipal. Valor Estimado: R$ 5.600.000,00, com base na art. 25, caput, da Lei 8.666/93.","Gestão Administrativa"
"MUNICÍPIO - SECRETARIA DE ADMINISTRAÇÃO. EXTRATO DE REGISTRO DE PREÇOS. Ref. Proc. 112233/2023. PARTES: FUNDO MUNICIPAL DE SAÚDE X TECNOLOGIA INTEGRADA LTDA. OBJETO: O presente instrumento tem por objeto a Aquisição de materiais de expediente visando o regular funcionamento dos setores, conforme especificações do edital. DOTAÇÃO ORÇAMENTÁRIA: 10.302.0001.2001.33903900. VALOR: R$ 345.600,00.","Gestão Administrativa"
"TOMADA DE PREÇOS. PROCESSO INSTRUTIVO: 112233/2023. PARTES: FUNDO MUNICIPAL DE SAÚDE e TECNOLOGIA INTEGRADA LTDA. OBJETO: Contratação de empresa para móveis de escritório para as dependências do paço municipal. VALOR GLOBAL: R$ 1.250.000,00. FUNDAMENTO LEGAL: art. 75, inciso II, da Lei nº 14.133/21. ASSINATURA: 02/07/2026.","Gestão Administrativa"
"TERMO DE RATIFICAÇÃO DE EXTRATO DE TERMO ADITIVO. Processo Administrativo nº 112233/2023. Reconheço e ratifico a contratação de COMERCIAL DE ALIMENTOS UNIÃO EIRELI, inscrita no CNPJ sob nº 28.000.000/0001-00. Objeto: Prestação de serviços fornecimento de vales-alimentação para os órgãos da administração direta. Valor Estimado: R$ 15.400,00, com base na art. 75, inciso II, da Lei nº 14.133/21.","Gestão Administrativa"
"TERMO DE RATIFICAÇÃO DE AVISO DE LICITAÇÃO. Processo Administrativo nº PM-882/2023. Reconheço e ratifico a contratação de ORGANIZAÇÃO SOCIAL ESPERANÇA, inscrita no CNPJ sob nº 36.000.000/0001-00. Objeto: Contratação de empresa para segurança patrimonial e vigilância para todos os departamentos da prefeitura. Valor Estimado: R$ 345.600,00, com base na Lei 14.133/2021.","Gestão Administrativa"
"EXTRATO DE TERMO ADITIVO. PROCESSO INSTRUTIVO: PM-882/2023. PARTES: PREFEITURA MUNICIPAL e VIGILÂNCIA E SEGURANÇA PATRIMONIAL LTDA. OBJETO: Prestação de serviços móveis de escritório para os servidores municipais. VALOR GLOBAL: R$ 1.250.000,00. FUNDAMENTO LEGAL: art. 75, inciso II, da Lei nº 14.133/21. ASSINATURA: 29/07/2026.","Gestão Administrativa"
"TERMO DE RATIFICAÇÃO DE PREGÃO ELETRÔNICO. Processo Administrativo nº 2023/00456. Reconheço e ratifico a contratação de SERVIÇOS DE LIMPEZA BRASIL S/A, inscrita no CNPJ sob nº 18.000.000/0001-00. Objeto: Prestação de serviços serviços de copeiragem para as dependências do paço municipal. Valor Estimado: R$ 345.600,00, com base na art. 24, inciso II, da Lei nº 8.666/93.","Gestão Administrativa"
"INEXIGIBILIDADE DE LICITAÇÃO. PROCESSO INSTRUTIVO: 2024/09812. PARTES: SECRETARIA MUNICIPAL DE INFRAESTRUTURA e SERVIÇOS DE LIMPEZA BRASIL S/A. OBJETO: Aquisição de segurança patrimonial e vigilância visando o regular funcionamento dos setores. VALOR GLOBAL: R$ 89.000,00. FUNDAMENTO LEGAL: Lei 14.133/2021. ASSINATURA: 17/05/2026.","Gestão Administrativa"
"MUNICÍPIO - SECRETARIA DE ADMINISTRAÇÃO. EXTRATO DE TERMO ADITIVO. Ref. Proc. 2024/09812. PARTES: FUNDO MUNICIPAL DE EDUCAÇÃO X DISTRIBUIDORA DE MEDICAMENTOS BOA SAÚDE. OBJETO: O presente instrumento tem por objeto a Fornecimento de papel A4 e suprimentos de impressão para os servidores municipais, conforme especificações do edital. DOTAÇÃO ORÇAMENTÁRIA: 10.302.0001.2001.33903900. VALOR: R$ 15.400,00.","Gestão Administrativa"
"TERMO DE RATIFICAÇÃO DE INEXIGIBILIDADE DE LICITAÇÃO. Processo Administrativo nº 0012.0034/2024. Reconheço e ratifico a contratação de ORGANIZAÇÃO SOCIAL ESPERANÇA, inscrita no CNPJ sob nº 53.000.000/0001-00. Objeto: Registro de preços para serviços papel A4 e suprimentos de impressão para manutenção das atividades administrativas contínuas. Valor Estimado: R$ 15.400,00, com base na Lei 14.133/2021.","Gestão Administrativa"
"TERMO DE RATIFICAÇÃO DE EXTRATO DE TERMO ADITIVO. Processo Administrativo nº 2024/09812. Reconheço e ratifico a contratação de TECNOLOGIA INTEGRADA LTDA, inscrita no CNPJ sob nº 90.000.000/0001-00. Objeto: Locação de serviços de copeiragem para os órgãos da administração direta. Valor Estimado: R$ 89.000,00, com base na art. 25, caput, da Lei 8.666/93.","Gestão Administrativa"
"DISPENSA DE LICITAÇÃO Nº 147/2024 - PROCESSO: 2023/00456. CONTRATANTE: SECRETARIA MUNICIPAL DE INFRAESTRUTURA. CONTRATADA: DISTRIBUIDORA DE MEDICAMENTOS BOA SAÚDE. OBJETO DO CONTRATO: Registro de preços para serviços serviços de copeiragem para os servidores municipais. VALOR: R$ 45.900,00. PRAZO DE VIGÊNCIA: 12 (doze) meses a partir da assinatura.","Gestão Administrativa"
"AVISO DE LICITAÇÃO. PROCESSO INSTRUTIVO: 0012.0034/2024. PARTES: PREFEITURA MUNICIPAL e TECNOLOGIA INTEGRADA LTDA. OBJETO: Contratação de empresa para materiais de expediente para o centro administrativo municipal. VALOR GLOBAL: R$ 89.000,00. FUNDAMENTO LEGAL: Lei 14.133/2021. ASSINATURA: 31/07/2026.","Gestão Administrativa"
"MUNICÍPIO - SECRETARIA DE ADMINISTRAÇÃO. EXTRATO DE TERMO ADITIVO. Ref. Proc. 0012.0034/2024. PARTES: FUNDO MUNICIPAL DE EDUCAÇÃO X COMERCIAL DE ALIMENTOS UNIÃO EIRELI. OBJETO: O presente instrumento tem por objeto a Fornecimento de serviços de publicidade e propaganda institucional para o centro administrativo municipal, conforme especificações do edital. DOTAÇÃO ORÇAMENTÁRIA: 10.302.0001.2001.33903900. VALOR: R$ 345.600,00.","Gestão Administrativa"
"MUNICÍPIO - SECRETARIA DE ADMINISTRAÇÃO. TOMADA DE PREÇOS. Ref. Proc. 2023/00456. PARTES: FUNDO MUNICIPAL DE SAÚDE X VIGILÂNCIA E SEGURANÇA PATRIMONIAL LTDA. OBJETO: O presente instrumento tem por objeto a Locação de papel A4 e suprimentos de impressão para os servidores municipais, conforme especificações do edital. DOTAÇÃO ORÇAMENTÁRIA: 10.302.0001.2001.33903900. VALOR: R$ 1.250.000,00.","Gestão Administrativa"
"MUNICÍPIO - SECRETARIA DE ADMINISTRAÇÃO. INEXIGIBILIDADE DE LICITAÇÃO. Ref. Proc. 112233/2023. PARTES: SECRETARIA MUNICIPAL DE INFRAESTRUTURA X DISTRIBUIDORA DE MEDICAMENTOS BOA SAÚDE. OBJETO: O presente instrumento tem por objeto a Locação de materiais de expediente visando o regular funcionamento dos setores, conforme especificações do edital. DOTAÇÃO ORÇAMENTÁRIA: 10.302.0001.2001.33903900. VALOR: R$ 210.000,00.","Gestão Administrativa"
"MUNICÍPIO - SECRETARIA DE ADMINISTRAÇÃO. DISPENSA DE LICITAÇÃO. Ref. Proc. 0012.0034/2024. PARTES: PREFEITURA MUNICIPAL X CONSTRUTORA ALPHA LTDA. OBJETO: O presente instrumento tem por objeto a Fornecimento de papel A4 e suprimentos de impressão para manutenção das atividades administrativas contínuas, conforme especificações do edital. DOTAÇÃO ORÇAMENTÁRIA: 10.302.0001.2001.33903900. VALOR: R$ 345.600,00.","Gestão Administrativa"
"TERMO DE RATIFICAÇÃO DE PREGÃO ELETRÔNICO. Processo Administrativo nº 0012.0034/2024. Reconheço e ratifico a contratação de DISTRIBUIDORA DE MEDICAMENTOS BOA SAÚDE, inscrita no CNPJ sob nº 89.000.000/0001-00. Objeto: Fornecimento de frota de veículos para o centro administrativo municipal. Valor Estimado: R$ 345.600,00, com base na Lei 14.133/2021.","Gestão Administrativa"
"TOMADA DE PREÇOS. PROCESSO INSTRUTIVO: PM-882/2023. PARTES: PREFEITURA MUNICIPAL e TECNOLOGIA INTEGRADA LTDA. OBJETO: Contratação de empresa para frota de veículos para manutenção das atividades administrativas contínuas. VALOR GLOBAL: R$ 210.000,00. FUNDAMENTO LEGAL: art. 75, inciso II, da Lei nº 14.133/21. ASSINATURA: 17/05/2026.","Gestão Administrativa"
"MUNICÍPIO - SECRETARIA DE ADMINISTRAÇÃO. AVISO DE LICITAÇÃO. Ref. Proc. 0012.0034/2024. PARTES: FUNDO MUNICIPAL DE SAÚDE X VIGILÂNCIA E SEGURANÇA PATRIMONIAL LTDA. OBJETO: O presente instrumento tem por objeto a Aquisição de materiais de expediente atendendo a Secretaria de Administração, conforme especificações do edital. DOTAÇÃO ORÇAMENTÁRIA: 10.302.0001.2001.33903900. VALOR: R$ 15.400,00.","Gestão Administrativa"
"MUNICÍPIO - SECRETARIA DE ADMINISTRAÇÃO. TOMADA DE PREÇOS. Ref. Proc. 0012.0034/2024. PARTES: PREFEITURA MUNICIPAL X ORGANIZAÇÃO SOCIAL ESPERANÇA. OBJETO: O presente instrumento tem por objeto a Fornecimento de materiais de expediente atendendo a Secretaria de Administração, conforme especificações do edital. DOTAÇÃO ORÇAMENTÁRIA: 10.302.0001.2001.33903900. VALOR: R$ 89.000,00.","Gestão Administrativa"
"MUNICÍPIO - SECRETARIA DE ADMINISTRAÇÃO. INEXIGIBILIDADE DE LICITAÇÃO. Ref. Proc. 2023/00456. PARTES: SECRETARIA MUNICIPAL DE INFRAESTRUTURA X SERVIÇOS DE LIMPEZA BRASIL S/A. OBJETO: O presente instrumento tem por objeto a Fornecimento de segurança patrimonial e vigilância para os órgãos da administração direta, conforme especificações do edital. DOTAÇÃO ORÇAMENTÁRIA: 10.302.0001.2001.33903900. VALOR: R$ 5.600.000,00.","Gestão Administrativa"
"AVISO DE LICITAÇÃO. PROCESSO INSTRUTIVO: PM-882/2023. PARTES: FUNDO MUNICIPAL DE EDUCAÇÃO e TECNOLOGIA INTEGRADA LTDA. OBJETO: Registro de preços para serviços segurança patrimonial e vigilância atendendo a Secretaria de Administração. VALOR GLOBAL: R$ 45.900,00. FUNDAMENTO LEGAL: art. 25, caput, da Lei 8.666/93. ASSINATURA: 02/06/2026.","Gestão Administrativa"
"MUNICÍPIO - SECRETARIA DE ADMINISTRAÇÃO. PREGÃO ELETRÔNICO. Ref. Proc. 0012.0034/2024. PARTES: SECRETARIA MUNICIPAL DE INFRAESTRUTURA X SERVIÇOS DE LIMPEZA BRASIL S/A. OBJETO: O presente instrumento tem por objeto a Registro de preços para serviços materiais de expediente atendendo a Secretaria de Administração, conforme especificações do edital. DOTAÇÃO ORÇAMENTÁRIA: 10.302.0001.2001.33903900. VALOR: R$ 210.000,00.","Gestão Administrativa"
"MUNICÍPIO - SECRETARIA DE ADMINISTRAÇÃO. DISPENSA DE LICITAÇÃO. Ref. Proc. PMSC-098/24. PARTES: SECRETARIA MUNICIPAL DE INFRAESTRUTURA X VIGILÂNCIA E SEGURANÇA PATRIMONIAL LTDA. OBJETO: O presente instrumento tem por objeto a Locação de serviços de publicidade e propaganda institucional para todos os departamentos da prefeitura, conforme especificações do edital. DOTAÇÃO ORÇAMENTÁRIA: 10.302.0001.2001.33903900. VALOR: R$ 15.400,00.","Gestão Administrativa"
"TERMO DE RATIFICAÇÃO DE EXTRATO DE REGISTRO DE PREÇOS. Processo Administrativo nº 112233/2023. Reconheço e ratifico a contratação de ORGANIZAÇÃO SOCIAL ESPERANÇA, inscrita no CNPJ sob nº 22.000.000/0001-00. Objeto: Registro de preços para serviços limpeza e conservação para manutenção das atividades administrativas contínuas. Valor Estimado: R$ 45.900,00, com base na Lei 14.133/2021.","Gestão Administrativa"
"MUNICÍPIO - SECRETARIA DE ADMINISTRAÇÃO. EXTRATO DE REGISTRO DE PREÇOS. Ref. Proc. 0012.0034/2024. PARTES: FUNDO MUNICIPAL DE EDUCAÇÃO X COMERCIAL DE ALIMENTOS UNIÃO EIRELI. OBJETO: O presente instrumento tem por objeto a Prestação de serviços papel A4 e suprimentos de impressão atendendo a Secretaria de Administração, conforme especificações do edital. DOTAÇÃO ORÇAMENTÁRIA: 10.302.0001.2001.33903900. VALOR: R$ 89.000,00.","Gestão Administrativa"
"INEXIGIBILIDADE DE LICITAÇÃO. PROCESSO INSTRUTIVO: 2023/00456. PARTES: FUNDO MUNICIPAL DE EDUCAÇÃO e VIGILÂNCIA E SEGURANÇA PATRIMONIAL LTDA. OBJETO: Registro de preços para serviços segurança patrimonial e vigilância para manutenção das atividades administrativas contínuas. VALOR GLOBAL: R$ 345.600,00. FUNDAMENTO LEGAL: art. 25, caput, da Lei 8.666/93. ASSINATURA: 11/06/2026.","Gestão Administrativa"
"MUNICÍPIO - SECRETARIA DE ADMINISTRAÇÃO. EXTRATO DE CONTRATO. Ref. Proc. 0012.0034/2024. PARTES: FUNDO MUNICIPAL DE EDUCAÇÃO X ORGANIZAÇÃO SOCIAL ESPERANÇA. OBJETO: O presente instrumento tem por objeto a Fornecimento de fornecimento de vales-alimentação para os servidores municipais, conforme especificações do edital. DOTAÇÃO ORÇAMENTÁRIA: 10.302.0001.2001.33903900. VALOR: R$ 1.250.000,00.","Gestão Administrativa"
"MUNICÍPIO - SECRETARIA DE ADMINISTRAÇÃO. EXTRATO DE CONTRATO. Ref. Proc. 2023/00456. PARTES: FUNDO MUNICIPAL DE SAÚDE X TECNOLOGIA INTEGRADA LTDA. OBJETO: O presente instrumento tem por objeto a Locação de serviços de publicidade e propaganda institucional para os órgãos da administração direta, conforme especificações do edital. DOTAÇÃO ORÇAMENTÁRIA: 10.302.0001.2001.33903900. VALOR: R$ 1.250.000,00.","Gestão Administrativa"
"MUNICÍPIO - SECRETARIA DE ADMINISTRAÇÃO. DISPENSA DE LICITAÇÃO. Ref. Proc. 2024/09812. PARTES: PREFEITURA MUNICIPAL X VIGILÂNCIA E SEGURANÇA PATRIMONIAL LTDA. OBJETO: O presente instrumento tem por objeto a Prestação de serviços segurança patrimonial e vigilância atendendo a Secretaria de Administração, conforme especificações do edital. DOTAÇÃO ORÇAMENTÁRIA: 10.302.0001.2001.33903900. VALOR: R$ 5.600.000,00.","Gestão Administrativa"
"TERMO DE RATIFICAÇÃO DE EXTRATO DE TERMO ADITIVO. Processo Administrativo nº 2024/09812. Reconheço e ratifico a contratação de COMERCIAL DE ALIMENTOS UNIÃO EIRELI, inscrita no CNPJ sob nº 25.000.000/0001-00. Objeto: Locação de limpeza e conservação atendendo a Secretaria de Administração. Valor Estimado: R$ 5.600.000,00, com base na Lei 14.133/2021.","Gestão Administrativa"
"MUNICÍPIO - SECRETARIA DE ADMINISTRAÇÃO. INEXIGIBILIDADE DE LICITAÇÃO. Ref. Proc. PM-882/2023. PARTES: FUNDO MUNICIPAL DE EDUCAÇÃO X CONSTRUTORA ALPHA LTDA. OBJETO: O presente instrumento tem por objeto a Registro de preços para serviços móveis de escritório para o centro administrativo municipal, conforme especificações do edital. DOTAÇÃO ORÇAMENTÁRIA: 10.302.0001.2001.33903900. VALOR: R$ 5.600.000,00.","Gestão Administrativa"
"MUNICÍPIO - SECRETARIA DE ADMINISTRAÇÃO. AVISO DE LICITAÇÃO. Ref. Proc. 112233/2023. PARTES: FUNDO MUNICIPAL DE EDUCAÇÃO X CONSTRUTORA ALPHA LTDA. OBJETO: O presente instrumento tem por objeto a Registro de preços para serviços serviços de publicidade e propaganda institucional para as dependências do paço municipal, conforme especificações do edital. DOTAÇÃO ORÇAMENTÁRIA: 10.302.0001.2001.33903900. VALOR: R$ 345.600,00.","Gestão Administrativa"
"DISPENSA DE LICITAÇÃO. PROCESSO INSTRUTIVO: 0012.0034/2024. PARTES: FUNDO MUNICIPAL DE EDUCAÇÃO e SERVIÇOS DE LIMPEZA BRASIL S/A. OBJETO: Prestação de serviços serviços de auditoria contábil atendendo a Secretaria de Administração. VALOR GLOBAL: R$ 89.000,00. FUNDAMENTO LEGAL: art. 25, caput, da Lei 8.666/93. ASSINATURA: 04/05/2026.","Gestão Administrativa"
"TERMO DE RATIFICAÇÃO DE EXTRATO DE CONTRATO. Processo Administrativo nº 2024/09812. Reconheço e ratifico a contratação de TECNOLOGIA INTEGRADA LTDA, inscrita no CNPJ sob nº 70.000.000/0001-00. Objeto: Prestação de serviços serviços de copeiragem para manutenção das atividades administrativas contínuas. Valor Estimado: R$ 5.600.000,00, com base na art. 25, caput, da Lei 8.666/93.","Gestão Administrativa"
"TERMO DE RATIFICAÇÃO DE EXTRATO DE REGISTRO DE PREÇOS. Processo Administrativo nº 112233/2023. Reconheço e ratifico a contratação de SERVIÇOS DE LIMPEZA BRASIL S/A, inscrita no CNPJ sob nº 52.000.000/0001-00. Objeto: Contratação de empresa para serviços de auditoria contábil para todos os departamentos da prefeitura. Valor Estimado: R$ 210.000,00, com base na art. 24, inciso II, da Lei nº 8.666/93.","Gestão Administrativa"
"EXTRATO DE CONTRATO Nº 331/2024 - PROCESSO: 0012.0034/2024. CONTRATANTE: SECRETARIA MUNICIPAL DE INFRAESTRUTURA. CONTRATADA: TECNOLOGIA INTEGRADA LTDA. OBJETO DO CONTRATO: Contratação de empresa para papel A4 e suprimentos de impressão atendendo a Secretaria de Administração. VALOR: R$ 45.900,00. PRAZO DE VIGÊNCIA: 12 (doze) meses a partir da assinatura.","Gestão Administrativa"
"TERMO DE RATIFICAÇÃO DE DISPENSA DE LICITAÇÃO. Processo Administrativo nº 112233/2023. Reconheço e ratifico a contratação de CONSTRUTORA ALPHA LTDA, inscrita no CNPJ sob nº 10.000.000/0001-00. Objeto: Registro de preços para serviços frota de veículos para as dependências do paço municipal. Valor Estimado: R$ 345.600,00, com base na Lei 14.133/2021.","Gestão Administrativa"
"EXTRATO DE CONTRATO Nº 381/2024 - PROCESSO: PMSC-098/24. CONTRATANTE: PREFEITURA MUNICIPAL. CONTRATADA: VIGILÂNCIA E SEGURANÇA PATRIMONIAL LTDA. OBJETO DO CONTRATO: Prestação de serviços frota de veículos para os servidores municipais. VALOR: R$ 45.900,00. PRAZO DE VIGÊNCIA: 12 (doze) meses a partir da assinatura.","Gestão Administrativa"
"MUNICÍPIO - SECRETARIA DE ADMINISTRAÇÃO. AVISO DE LICITAÇÃO. Ref. Proc. 2024/09812. PARTES: FUNDO MUNICIPAL DE EDUCAÇÃO X ORGANIZAÇÃO SOCIAL ESPERANÇA. OBJETO: O presente instrumento tem por objeto a Fornecimento de serviços de auditoria contábil para manutenção das atividades administrativas contínuas, conforme especificações do edital. DOTAÇÃO ORÇAMENTÁRIA: 10.302.0001.2001.33903900. VALOR: R$ 1.250.000,00.","Gestão Administrativa"
"MUNICÍPIO - SECRETARIA DE ADMINISTRAÇÃO. AVISO DE LICITAÇÃO. Ref. Proc. 2023/00456. PARTES: FUNDO MUNICIPAL DE SAÚDE X SERVIÇOS DE LIMPEZA BRASIL S/A. OBJETO: O presente instrumento tem por objeto a Aquisição de limpeza e conservação para as dependências do paço municipal, conforme especificações do edital. DOTAÇÃO ORÇAMENTÁRIA: 10.302.0001.2001.33903900. VALOR: R$ 89.000,00.","Gestão Administrativa"
"DISPENSA DE LICITAÇÃO. PROCESSO INSTRUTIVO: PM-882/2023. PARTES: FUNDO MUNICIPAL DE SAÚDE e CONSTRUTORA ALPHA LTDA. OBJETO: Fornecimento parcelado de camas hospitalares para atender a demanda da Secretaria de Saúde. VALOR GLOBAL: R$ 210.000,00. FUNDAMENTO LEGAL: art. 75, inciso II, da Lei nº 14.133/21. ASSINATURA: 25/07/2026.","Saúde"
"MUNICÍPIO - SECRETARIA DE ADMINISTRAÇÃO. EXTRATO DE CONTRATO. Ref. Proc. 2024/09812. PARTES: FUNDO MUNICIPAL DE EDUCAÇÃO X COMERCIAL DE ALIMENTOS UNIÃO EIRELI. OBJETO: O presente instrumento tem por objeto a Aquisição de camas hospitalares para a rede municipal de saúde, conforme especificações do edital. DOTAÇÃO ORÇAMENTÁRIA: 10.302.0001.2001.33903900. VALOR: R$ 210.000,00.","Saúde"
"TERMO DE RATIFICAÇÃO DE EXTRATO DE REGISTRO DE PREÇOS. Processo Administrativo nº PM-882/2023. Reconheço e ratifico a contratação de SERVIÇOS DE LIMPEZA BRASIL S/A, inscrita no CNPJ sob nº 81.000.000/0001-00. Objeto: Aquisição de materiais cirúrgicos para o centro de especialidades médicas. Valor Estimado: R$ 1.250.000,00, com base na Lei 14.133/2021.","Saúde"
"TERMO DE RATIFICAÇÃO DE TOMADA DE PREÇOS. Processo Administrativo nº PM-882/2023. Reconheço e ratifico a contratação de SERVIÇOS DE LIMPEZA BRASIL S/A, inscrita no CNPJ sob nº 45.000.000/0001-00. Objeto: Fornecimento parcelado de testes rápidos destinados à campanha de vacinação. Valor Estimado: R$ 15.400,00, com base na art. 24, inciso II, da Lei nº 8.666/93.","Saúde"
"MUNICÍPIO - SECRETARIA DE ADMINISTRAÇÃO. PREGÃO ELETRÔNICO. Ref. Proc. 2024/09812. PARTES: FUNDO MUNICIPAL DE SAÚDE X TECNOLOGIA INTEGRADA LTDA. OBJETO: O presente instrumento tem por objeto a Fornecimento parcelado de ambulâncias para o centro de especialidades médicas, conforme especificações do edital. DOTAÇÃO ORÇAMENTÁRIA: 10.302.0001.2001.33903900. VALOR: R$ 5.600.000,00.","Saúde"
"TERMO DE RATIFICAÇÃO DE EXTRATO DE TERMO ADITIVO. Processo Administrativo nº 0012.0034/2024. Reconheço e ratifico a contratação de COMERCIAL DE ALIMENTOS UNIÃO EIRELI, inscrita no CNPJ sob nº 63.000.000/0001-00. Objeto: Aquisição de vacinas contra a gripe e insumos hospitalares para o pronto-socorro municipal. Valor Estimado: R$ 89.000,00, com base na art. 75, inciso II, da Lei nº 14.133/21.","Saúde"
"MUNICÍPIO - SECRETARIA DE ADMINISTRAÇÃO. AVISO DE LICITAÇÃO. Ref. Proc. PMSC-098/24. PARTES: MUNICÍPIO DE SÃO JOSÉ DOS CAMPOS X COMERCIAL DE ALIMENTOS UNIÃO EIRELI. OBJETO: O presente instrumento tem por objeto a Aquisição de ambulâncias para UPAs e hospitais municipais, conforme especificações do edital. DOTAÇÃO ORÇAMENTÁRIA: 10.302.0001.2001.33903900. VALOR: R$ 210.000,00.","Saúde"
"INEXIGIBILIDADE DE LICITAÇÃO. PROCESSO INSTRUTIVO: 112233/2023. PARTES: MUNICÍPIO DE SÃO JOSÉ DOS CAMPOS e COMERCIAL DE ALIMENTOS UNIÃO EIRELI. OBJETO: Registro de preços para eventual aquisição de medicamentos da atenção básica destinados à campanha de vacinação. VALOR GLOBAL: R$ 1.250.000,00. FUNDAMENTO LEGAL: art. 25, caput, da Lei 8.666/93. ASSINATURA: 03/05/2026.","Saúde"
"TERMO DE RATIFICAÇÃO DE AVISO DE LICITAÇÃO. Processo Administrativo nº 2024/09812. Reconheço e ratifico a contratação de TECNOLOGIA INTEGRADA LTDA, inscrita no CNPJ sob nº 17.000.000/0001-00. Objeto: Aquisição de materiais de enfermagem para o pronto-socorro municipal. Valor Estimado: R$ 15.400,00, com base na Lei 14.133/2021.","Saúde"
"AVISO DE LICITAÇÃO Nº 816/2024 - PROCESSO: PM-882/2023. CONTRATANTE: SECRETARIA MUNICIPAL DE INFRAESTRUTURA. CONTRATADA: COMERCIAL DE ALIMENTOS UNIÃO EIRELI. OBJETO DO CONTRATO: Fornecimento parcelado de materiais cirúrgicos destinados à campanha de vacinação. VALOR: R$ 15.400,00. PRAZO DE VIGÊNCIA: 12 (doze) meses a partir da assinatura.","Saúde"
"EXTRATO DE TERMO ADITIVO Nº 31/2024 - PROCESSO: PMSC-098/24. CONTRATANTE: MUNICÍPIO DE SÃO JOSÉ DOS CAMPOS. CONTRATADA: ORGANIZAÇÃO SOCIAL ESPERANÇA. OBJETO DO CONTRATO: Contratação de serviços de fornecimento de medicamentos da atenção básica para o centro de especialidades médicas. VALOR: R$ 210.000,00. PRAZO DE VIGÊNCIA: 12 (doze) meses a partir da assinatura.","Saúde"
"MUNICÍPIO - SECRETARIA DE ADMINISTRAÇÃO. PREGÃO ELETRÔNICO. Ref. Proc. PM-882/2023. PARTES: MUNICÍPIO DE SÃO JOSÉ DOS CAMPOS X DISTRIBUIDORA DE MEDICAMENTOS BOA SAÚDE. OBJETO: O presente instrumento tem por objeto a Fornecimento parcelado de aparelhos de ultrassom para atender a demanda da Secretaria de Saúde, conforme especificações do edital. DOTAÇÃO ORÇAMENTÁRIA: 10.302.0001.2001.33903900. VALOR: R$ 345.600,00.","Saúde"
"DISPENSA DE LICITAÇÃO Nº 26/2024 - PROCESSO: 112233/2023. CONTRATANTE: MUNICÍPIO DE SÃO JOSÉ DOS CAMPOS. CONTRATADA: ORGANIZAÇÃO SOCIAL ESPERANÇA. OBJETO DO CONTRATO: Aquisição de testes rápidos destinados à campanha de vacinação. VALOR: R$ 345.600,00. PRAZO DE VIGÊNCIA: 12 (doze) meses a partir da assinatura.","Saúde"
"TOMADA DE PREÇOS. PROCESSO INSTRUTIVO: PMSC-098/24. PARTES: MUNICÍPIO DE SÃO JOSÉ DOS CAMPOS e TECNOLOGIA INTEGRADA LTDA. OBJETO: Locação de equipamentos para ambulâncias para as Unidades Básicas de Saúde (UBS). VALOR GLOBAL: R$ 345.600,00. FUNDAMENTO LEGAL: art. 25, caput, da Lei 8.666/93. ASSINATURA: 21/06/2026.","Saúde"
"INEXIGIBILIDADE DE LICITAÇÃO Nº 622/2024 - PROCESSO: 2024/09812. CONTRATANTE: PREFEITURA MUNICIPAL. CONTRATADA: DISTRIBUIDORA DE MEDICAMENTOS BOA SAÚDE. OBJETO DO CONTRATO: Aquisição emergencial de materiais cirúrgicos para as Unidades Básicas de Saúde (UBS). VALOR: R$ 45.900,00. PRAZO DE VIGÊNCIA: 12 (doze) meses a partir da assinatura.","Saúde"
"MUNICÍPIO - SECRETARIA DE ADMINISTRAÇÃO. PREGÃO ELETRÔNICO. Ref. Proc. 0012.0034/2024. PARTES: SECRETARIA MUNICIPAL DE INFRAESTRUTURA X ORGANIZAÇÃO SOCIAL ESPERANÇA. OBJETO: O presente instrumento tem por objeto a Locação de equipamentos para materiais de enfermagem para a rede municipal de saúde, conforme especificações do edital. DOTAÇÃO ORÇAMENTÁRIA: 10.302.0001.2001.33903900. VALOR: R$ 15.400,00.","Saúde"
"MUNICÍPIO - SECRETARIA DE ADMINISTRAÇÃO. TOMADA DE PREÇOS. Ref. Proc. PMSC-098/24. PARTES: SECRETARIA MUNICIPAL DE INFRAESTRUTURA X COMERCIAL DE ALIMENTOS UNIÃO EIRELI. OBJETO: O presente instrumento tem por objeto a Registro de preços para eventual aquisição de ambulâncias para a rede municipal de saúde, conforme especificações do edital. DOTAÇÃO ORÇAMENTÁRIA: 10.302.0001.2001.33903900. VALOR: R$ 15.400,00.","Saúde"
"EXTRATO DE CONTRATO Nº 994/2024 - PROCESSO: 2024/09812. CONTRATANTE: FUNDO MUNICIPAL DE EDUCAÇÃO. CONTRATADA: SERVIÇOS DE LIMPEZA BRASIL S/A. OBJETO DO CONTRATO: Fornecimento parcelado de camas hospitalares para o centro de especialidades médicas. VALOR: R$ 345.600,00. PRAZO DE VIGÊNCIA: 12 (doze) meses a partir da assinatura.","Saúde"
"INEXIGIBILIDADE DE LICITAÇÃO. PROCESSO INSTRUTIVO: 112233/2023. PARTES: MUNICÍPIO DE SÃO JOSÉ DOS CAMPOS e CONSTRUTORA ALPHA LTDA. OBJETO: Aquisição emergencial de aparelhos de ultrassom visando o combate a epidemias locais. VALOR GLOBAL: R$ 345.600,00. FUNDAMENTO LEGAL: Lei 14.133/2021. ASSINATURA: 14/06/2026.","Saúde"
"MUNICÍPIO - SECRETARIA DE ADMINISTRAÇÃO. INEXIGIBILIDADE DE LICITAÇÃO. Ref. Proc. PM-882/2023. PARTES: PREFEITURA MUNICIPAL X SERVIÇOS DE LIMPEZA BRASIL S/A. OBJETO: O presente instrumento tem por objeto a Registro de preços para eventual aquisição de gases medicinais visando o combate a epidemias locais, conforme especificações do edital. DOTAÇÃO ORÇAMENTÁRIA: 10.302.0001.2001.33903900. VALOR: R$ 45.900,00.","Saúde"
"AVISO DE LICITAÇÃO. PROCESSO INSTRUTIVO: 112233/2023. PARTES: FUNDO MUNICIPAL DE EDUCAÇÃO e ORGANIZAÇÃO SOCIAL ESPERANÇA. OBJETO: Fornecimento parcelado de vacinas contra a gripe e insumos hospitalares para atender a demanda da Secretaria de Saúde. VALOR GLOBAL: R$ 210.000,00. FUNDAMENTO LEGAL: art. 25, caput, da Lei 8.666/93. ASSINATURA: 30/04/2026.","Saúde"
"TERMO DE RATIFICAÇÃO DE DISPENSA DE LICITAÇÃO. Processo Administrativo nº 0012.0034/2024. Reconheço e ratifico a contratação de SERVIÇOS DE LIMPEZA BRASIL S/A, inscrita no CNPJ sob nº 43.000.000/0001-00. Objeto: Fornecimento parcelado de materiais cirúrgicos para atender a demanda da Secretaria de Saúde. Valor Estimado: R$ 89.000,00, com base na art. 24, inciso II, da Lei nº 8.666/93.","Saúde"
"TERMO DE RATIFICAÇÃO DE EXTRATO DE REGISTRO DE PREÇOS. Processo Administrativo nº 2024/09812. Reconheço e ratifico a contratação de VIGILÂNCIA E SEGURANÇA PATRIMONIAL LTDA, inscrita no CNPJ sob nº 67.000.000/0001-00. Objeto: Fornecimento parcelado de equipamentos de raio-x para atender a demanda da Secretaria de Saúde. Valor Estimado: R$ 1.250.000,00, com base na art. 24, inciso II, da Lei nº 8.666/93.","Saúde"
"MUNICÍPIO - SECRETARIA DE ADMINISTRAÇÃO. INEXIGIBILIDADE DE LICITAÇÃO. Ref. Proc. 2024/09812. PARTES: PREFEITURA MUNICIPAL X DISTRIBUIDORA DE MEDICAMENTOS BOA SAÚDE. OBJETO: O presente instrumento tem por objeto a Fornecimento parcelado de materiais cirúrgicos para a rede municipal de saúde, conforme especificações do edital. DOTAÇÃO ORÇAMENTÁRIA: 10.302.0001.2001.33903900. VALOR: R$ 15.400,00.","Saúde"
"MUNICÍPIO - SECRETARIA DE ADMINISTRAÇÃO. TOMADA DE PREÇOS. Ref. Proc. 2023/00456. PARTES: FUNDO MUNICIPAL DE SAÚDE X VIGILÂNCIA E SEGURANÇA PATRIMONIAL LTDA. OBJETO: O presente instrumento tem por objeto a Registro de preços para eventual aquisição de materiais de enfermagem visando o combate a epidemias locais, conforme especificações do edital. DOTAÇÃO ORÇAMENTÁRIA: 10.302.0001.2001.33903900. VALOR: R$ 45.900,00.","Saúde"
"TERMO DE RATIFICAÇÃO DE AVISO DE LICITAÇÃO. Processo Administrativo nº 2023/00456. Reconheço e ratifico a contratação de DISTRIBUIDORA DE MEDICAMENTOS BOA SAÚDE, inscrita no CNPJ sob nº 68.000.000/0001-00. Objeto: Fornecimento parcelado de vacinas contra a gripe e insumos hospitalares para as Unidades Básicas de Saúde (UBS). Valor Estimado: R$ 345.600,00, com base na art. 24, inciso II, da Lei nº 8.666/93.","Saúde"
"TERMO DE RATIFICAÇÃO DE TOMADA DE PREÇOS. Processo Administrativo nº PM-882/2023. Reconheço e ratifico a contratação de COMERCIAL DE ALIMENTOS UNIÃO EIRELI, inscrita no CNPJ sob nº 16.000.000/0001-00. Objeto: Fornecimento parcelado de testes rápidos para o centro de especialidades médicas. Valor Estimado: R$ 15.400,00, com base na art. 75, inciso II, da Lei nº 14.133/21.","Saúde"
"EXTRATO DE REGISTRO DE PREÇOS Nº 477/2024 - PROCESSO: 2024/09812. CONTRATANTE: SECRETARIA MUNICIPAL DE INFRAESTRUTURA. CONTRATADA: TECNOLOGIA INTEGRADA LTDA. OBJETO DO CONTRATO: Fornecimento parcelado de materiais cirúrgicos para o pronto-socorro municipal. VALOR: R$ 1.250.000,00. PRAZO DE VIGÊNCIA: 12 (doze) meses a partir da assinatura.","Saúde"
"INEXIGIBILIDADE DE LICITAÇÃO Nº 702/2024 - PROCESSO: 2023/00456. CONTRATANTE: PREFEITURA MUNICIPAL. CONTRATADA: TECNOLOGIA INTEGRADA LTDA. OBJETO DO CONTRATO: Fornecimento parcelado de camas hospitalares para UPAs e hospitais municipais. VALOR: R$ 15.400,00. PRAZO DE VIGÊNCIA: 12 (doze) meses a partir da assinatura.","Saúde"
"INEXIGIBILIDADE DE LICITAÇÃO. PROCESSO INSTRUTIVO: 112233/2023. PARTES: FUNDO MUNICIPAL DE SAÚDE e DISTRIBUIDORA DE MEDICAMENTOS BOA SAÚDE. OBJETO: Fornecimento parcelado de materiais de enfermagem para a rede municipal de saúde. VALOR GLOBAL: R$ 1.250.000,00. FUNDAMENTO LEGAL: art. 25, caput, da Lei 8.666/93. ASSINATURA: 19/05/2026.","Saúde"
"EXTRATO DE CONTRATO Nº 195/2024 - PROCESSO: 2024/09812. CONTRATANTE: FUNDO MUNICIPAL DE SAÚDE. CONTRATADA: DISTRIBUIDORA DE MEDICAMENTOS BOA SAÚDE. OBJETO DO CONTRATO: Registro de preços para eventual aquisição de vacinas contra a gripe e insumos hospitalares para o pronto-socorro municipal. VALOR: R$ 89.000,00. PRAZO DE VIGÊNCIA: 12 (doze) meses a partir da assinatura.","Saúde"
"MUNICÍPIO - SECRETARIA DE ADMINISTRAÇÃO. DISPENSA DE LICITAÇÃO. Ref. Proc. 2024/09812. PARTES: MUNICÍPIO DE SÃO JOSÉ DOS CAMPOS X CONSTRUTORA ALPHA LTDA. OBJETO: O presente instrumento tem por objeto a Aquisição emergencial de aparelhos de ultrassom para as Unidades Básicas de Saúde (UBS), conforme especificações do edital. DOTAÇÃO ORÇAMENTÁRIA: 10.302.0001.2001.33903900. VALOR: R$ 89.000,00.","Saúde"
"TOMADA DE PREÇOS Nº 904/2024 - PROCESSO: 2023/00456. CONTRATANTE: FUNDO MUNICIPAL DE EDUCAÇÃO. CONTRATADA: TECNOLOGIA INTEGRADA LTDA. OBJETO DO CONTRATO: Locação de equipamentos para medicamentos da atenção básica destinados à campanha de vacinação. VALOR: R$ 45.900,00. PRAZO DE VIGÊNCIA: 12 (doze) meses a partir da assinatura.","Saúde"
"DISPENSA DE LICITAÇÃO Nº 91/2024 - PROCESSO: PMSC-098/24. CONTRATANTE: PREFEITURA MUNICIPAL. CONTRATADA: ORGANIZAÇÃO SOCIAL ESPERANÇA. OBJETO DO CONTRATO: Locação de equipamentos para materiais cirúrgicos para atender a demanda da Secretaria de Saúde. VALOR: R$ 345.600,00. PRAZO DE VIGÊNCIA: 12 (doze) meses a partir da assinatura.","Saúde"
"TOMADA DE PREÇOS Nº 852/2024 - PROCESSO: PM-882/2023. CONTRATANTE: FUNDO MUNICIPAL DE SAÚDE. CONTRATADA: DISTRIBUIDORA DE MEDICAMENTOS BOA SAÚDE. OBJETO DO CONTRATO: Locação de equipamentos para equipamentos de raio-x para o centro de especialidades médicas. VALOR: R$ 1.250.000,00. PRAZO DE VIGÊNCIA: 12 (doze) meses a partir da assinatura.","Saúde"
"TERMO DE RATIFICAÇÃO DE TOMADA DE PREÇOS. Processo Administrativo nº 2023/00456. Reconheço e ratifico a contratação de DISTRIBUIDORA DE MEDICAMENTOS BOA SAÚDE, inscrita no CNPJ sob nº 37.000.000/0001-00. Objeto: Aquisição emergencial de equipamentos de raio-x para UPAs e hospitais municipais. Valor Estimado: R$ 5.600.000,00, com base na art. 24, inciso II, da Lei nº 8.666/93.","Saúde"
"TERMO DE RATIFICAÇÃO DE TOMADA DE PREÇOS. Processo Administrativo nº 112233/2023. Reconheço e ratifico a contratação de CONSTRUTORA ALPHA LTDA, inscrita no CNPJ sob nº 73.000.000/0001-00. Objeto: Aquisição de camas hospitalares para atender a demanda da Secretaria de Saúde. Valor Estimado: R$ 45.900,00, com base na art. 25, caput, da Lei 8.666/93.","Saúde"
"EXTRATO DE REGISTRO DE PREÇOS Nº 584/2024 - PROCESSO: PMSC-098/24. CONTRATANTE: FUNDO MUNICIPAL DE EDUCAÇÃO. CONTRATADA: DISTRIBUIDORA DE MEDICAMENTOS BOA SAÚDE. OBJETO DO CONTRATO: Contratação de serviços de fornecimento de camas hospitalares para o centro de especialidades médicas. VALOR: R$ 45.900,00. PRAZO DE VIGÊNCIA: 12 (doze) meses a partir da assinatura.","Saúde"
"TERMO DE RATIFICAÇÃO DE PREGÃO ELETRÔNICO. Processo Administrativo nº 2024/09812. Reconheço e ratifico a contratação de DISTRIBUIDORA DE MEDICAMENTOS BOA SAÚDE, inscrita no CNPJ sob nº 36.000.000/0001-00. Objeto: Locação de equipamentos para camas hospitalares para UPAs e hospitais municipais. Valor Estimado: R$ 15.400,00, com base na Lei 14.133/2021.","Saúde"
"MUNICÍPIO - SECRETARIA DE ADMINISTRAÇÃO. INEXIGIBILIDADE DE LICITAÇÃO. Ref. Proc. PMSC-098/24. PARTES: SECRETARIA MUNICIPAL DE INFRAESTRUTURA X SERVIÇOS DE LIMPEZA BRASIL S/A. OBJETO: O presente instrumento tem por objeto a Fornecimento parcelado de aparelhos de ultrassom para UPAs e hospitais municipais, conforme especificações do edital. DOTAÇÃO ORÇAMENTÁRIA: 10.302.0001.2001.33903900. VALOR: R$ 89.000,00.","Saúde"
"DISPENSA DE LICITAÇÃO Nº 423/2024 - PROCESSO: 112233/2023. CONTRATANTE: FUNDO MUNICIPAL DE EDUCAÇÃO. CONTRATADA: VIGILÂNCIA E SEGURANÇA PATRIMONIAL LTDA. OBJETO DO CONTRATO: Contratação de serviços de fornecimento de aparelhos de ultrassom para a rede municipal de saúde. VALOR: R$ 45.900,00. PRAZO DE VIGÊNCIA: 12 (doze) meses a partir da assinatura.","Saúde"
"EXTRATO DE TERMO ADITIVO Nº 613/2024 - PROCESSO: 2023/00456. CONTRATANTE: FUNDO MUNICIPAL DE EDUCAÇÃO. CONTRATADA: VIGILÂNCIA E SEGURANÇA PATRIMONIAL LTDA. OBJETO DO CONTRATO: Locação de equipamentos para medicamentos da atenção básica para o pronto-socorro municipal. VALOR: R$ 45.900,00. PRAZO DE VIGÊNCIA: 12 (doze) meses a partir da assinatura.","Saúde"
"TERMO DE RATIFICAÇÃO DE EXTRATO DE CONTRATO. Processo Administrativo nº 2024/09812. Reconheço e ratifico a contratação de ORGANIZAÇÃO SOCIAL ESPERANÇA, inscrita no CNPJ sob nº 22.000.000/0001-00. Objeto: Contratação de serviços de fornecimento de testes rápidos para UPAs e hospitais municipais. Valor Estimado: R$ 5.600.000,00, com base na art. 75, inciso II, da Lei nº 14.133/21.","Saúde"
"INEXIGIBILIDADE DE LICITAÇÃO. PROCESSO INSTRUTIVO: 112233/2023. PARTES: FUNDO MUNICIPAL DE SAÚDE e SERVIÇOS DE LIMPEZA BRASIL S/A. OBJETO: Fornecimento parcelado de medicamentos da atenção básica para a rede municipal de saúde. VALOR GLOBAL: R$ 210.000,00. FUNDAMENTO LEGAL: art. 24, inciso II, da Lei nº 8.666/93. ASSINATURA: 06/05/2026.","Saúde"
"AVISO DE LICITAÇÃO. PROCESSO INSTRUTIVO: PMSC-098/24. PARTES: FUNDO MUNICIPAL DE SAÚDE e CONSTRUTORA ALPHA LTDA. OBJETO: Fornecimento parcelado de vacinas contra a gripe e insumos hospitalares para UPAs e hospitais municipais. VALOR GLOBAL: R$ 5.600.000,00. FUNDAMENTO LEGAL: art. 24, inciso II, da Lei nº 8.666/93. ASSINATURA: 10/06/2026.","Saúde"
"TERMO DE RATIFICAÇÃO DE EXTRATO DE REGISTRO DE PREÇOS. Processo Administrativo nº 0012.0034/2024. Reconheço e ratifico a contratação de VIGILÂNCIA E SEGURANÇA PATRIMONIAL LTDA, inscrita no CNPJ sob nº 50.000.000/0001-00. Objeto: Contratação de serviços de fornecimento de gases medicinais destinados à campanha de vacinação. Valor Estimado: R$ 15.400,00, com base na art. 24, inciso II, da Lei nº 8.666/93.","Saúde"
"MUNICÍPIO - SECRETARIA DE ADMINISTRAÇÃO. EXTRATO DE CONTRATO. Ref. Proc. PMSC-098/24. PARTES: FUNDO MUNICIPAL DE EDUCAÇÃO X CONSTRUTORA ALPHA LTDA. OBJETO: O presente instrumento tem por objeto a Aquisição de gases medicinais para atender a demanda da Secretaria de Saúde, conforme especificações do edital. DOTAÇÃO ORÇAMENTÁRIA: 10.302.0001.2001.33903900. VALOR: R$ 89.000,00.","Saúde"
"MUNICÍPIO - SECRETARIA DE ADMINISTRAÇÃO. INEXIGIBILIDADE DE LICITAÇÃO. Ref. Proc. PMSC-098/24. PARTES: SECRETARIA MUNICIPAL DE INFRAESTRUTURA X VIGILÂNCIA E SEGURANÇA PATRIMONIAL LTDA. OBJETO: O presente instrumento tem por objeto a Locação de equipamentos para camas hospitalares para a rede municipal de saúde, conforme especificações do edital. DOTAÇÃO ORÇAMENTÁRIA: 10.302.0001.2001.33903900. VALOR: R$ 45.900,00.","Saúde"
"EXTRATO DE TERMO ADITIVO. PROCESSO INSTRUTIVO: 112233/2023. PARTES: PREFEITURA MUNICIPAL e COMERCIAL DE ALIMENTOS UNIÃO EIRELI. OBJETO: Aquisição de camas hospitalares para o centro de especialidades médicas. VALOR GLOBAL: R$ 1.250.000,00. FUNDAMENTO LEGAL: Lei 14.133/2021. ASSINATURA: 19/07/2026.","Saúde"
"MUNICÍPIO - SECRETARIA DE ADMINISTRAÇÃO. PREGÃO ELETRÔNICO. Ref. Proc. 2023/00456. PARTES: MUNICÍPIO DE SÃO JOSÉ DOS CAMPOS X CONSTRUTORA ALPHA LTDA. OBJETO: O presente instrumento tem por objeto a Contratação de serviços de fornecimento de camas hospitalares para atender a demanda da Secretaria de Saúde, conforme especificações do edital. DOTAÇÃO ORÇAMENTÁRIA: 10.302.0001.2001.33903900. VALOR: R$ 1.250.000,00.","Saúde"
"TERMO DE RATIFICAÇÃO DE EXTRATO DE REGISTRO DE PREÇOS. Processo Administrativo nº PM-882/2023. Reconheço e ratifico a contratação de TECNOLOGIA INTEGRADA LTDA, inscrita no CNPJ sob nº 10.000.000/0001-00. Objeto: Aquisição de equipamentos de raio-x destinados à campanha de vacinação. Valor Estimado: R$ 1.250.000,00, com base na Lei 14.133/2021.","Saúde"
"MUNICÍPIO - SECRETARIA DE ADMINISTRAÇÃO. TOMADA DE PREÇOS. Ref. Proc. 2024/09812. PARTES: PREFEITURA MUNICIPAL X DISTRIBUIDORA DE MEDICAMENTOS BOA SAÚDE. OBJETO: O presente instrumento tem por objeto a Contratação de serviços de fornecimento de testes rápidos para as Unidades Básicas de Saúde (UBS), conforme especificações do edital. DOTAÇÃO ORÇAMENTÁRIA: 10.302.0001.2001.33903900. VALOR: R$ 89.000,00.","Saúde"
"TERMO DE RATIFICAÇÃO DE TOMADA DE PREÇOS. Processo Administrativo nº PM-882/2023. Reconheço e ratifico a contratação de DISTRIBUIDORA DE MEDICAMENTOS BOA SAÚDE, inscrita no CNPJ sob nº 50.000.000/0001-00. Objeto: Locação de equipamentos para aparelhos de ultrassom para atender a demanda da Secretaria de Saúde. Valor Estimado: R$ 210.000,00, com base na Lei 14.133/2021.","Saúde"
"MUNICÍPIO - SECRETARIA DE ADMINISTRAÇÃO. AVISO DE LICITAÇÃO. Ref. Proc. PMSC-098/24. PARTES: MUNICÍPIO DE SÃO JOSÉ DOS CAMPOS X ORGANIZAÇÃO SOCIAL ESPERANÇA. OBJETO: O presente instrumento tem por objeto a Fornecimento parcelado de ambulâncias para atender a demanda da Secretaria de Saúde, conforme especificações do edital. DOTAÇÃO ORÇAMENTÁRIA: 10.302.0001.2001.33903900. VALOR: R$ 1.250.000,00.","Saúde"
"TERMO DE RATIFICAÇÃO DE DISPENSA DE LICITAÇÃO. Processo Administrativo nº PMSC-098/24. Reconheço e ratifico a contratação de DISTRIBUIDORA DE MEDICAMENTOS BOA SAÚDE, inscrita no CNPJ sob nº 35.000.000/0001-00. Objeto: Aquisição emergencial de aparelhos de ultrassom para o centro de especialidades médicas. Valor Estimado: R$ 45.900,00, com base na Lei 14.133/2021.","Saúde"
"MUNICÍPIO - SECRETARIA DE ADMINISTRAÇÃO. AVISO DE LICITAÇÃO. Ref. Proc. 0012.0034/2024. PARTES: MUNICÍPIO DE SÃO JOSÉ DOS CAMPOS X TECNOLOGIA INTEGRADA LTDA. OBJETO: O presente instrumento tem por objeto a Fornecimento parcelado de vacinas contra a gripe e insumos hospitalares para a rede municipal de saúde, conforme especificações do edital. DOTAÇÃO ORÇAMENTÁRIA: 10.302.0001.2001.33903900. VALOR: R$ 5.600.000,00.","Saúde"
"PREGÃO ELETRÔNICO. PROCESSO INSTRUTIVO: PMSC-098/24. PARTES: FUNDO MUNICIPAL DE EDUCAÇÃO e TECNOLOGIA INTEGRADA LTDA. OBJETO: Fornecimento parcelado de testes rápidos para UPAs e hospitais municipais. VALOR GLOBAL: R$ 1.250.000,00. FUNDAMENTO LEGAL: art. 75, inciso II, da Lei nº 14.133/21. ASSINATURA: 05/06/2026.","Saúde"
"TERMO DE RATIFICAÇÃO DE EXTRATO DE CONTRATO. Processo Administrativo nº 2024/09812. Reconheço e ratifico a contratação de SERVIÇOS DE LIMPEZA BRASIL S/A, inscrita no CNPJ sob nº 37.000.000/0001-00. Objeto: Aquisição de vacinas contra a gripe e insumos hospitalares destinados à campanha de vacinação. Valor Estimado: R$ 345.600,00, com base na art. 24, inciso II, da Lei nº 8.666/93.","Saúde"
"INEXIGIBILIDADE DE LICITAÇÃO Nº 794/2024 - PROCESSO: 0012.0034/2024. CONTRATANTE: PREFEITURA MUNICIPAL. CONTRATADA: TECNOLOGIA INTEGRADA LTDA. OBJETO DO CONTRATO: Aquisição de vacinas contra a gripe e insumos hospitalares para atender a demanda da Secretaria de Saúde. VALOR: R$ 89.000,00. PRAZO DE VIGÊNCIA: 12 (doze) meses a partir da assinatura.","Saúde"
"TOMADA DE PREÇOS Nº 201/2024 - PROCESSO: 2024/09812. CONTRATANTE: FUNDO MUNICIPAL DE SAÚDE. CONTRATADA: DISTRIBUIDORA DE MEDICAMENTOS BOA SAÚDE. OBJETO DO CONTRATO: Aquisição de materiais cirúrgicos para UPAs e hospitais municipais. VALOR: R$ 345.600,00. PRAZO DE VIGÊNCIA: 12 (doze) meses a partir da assinatura.","Saúde"
"EXTRATO DE REGISTRO DE PREÇOS Nº 524/2024 - PROCESSO: 2024/09812. CONTRATANTE: PREFEITURA MUNICIPAL. CONTRATADA: ORGANIZAÇÃO SOCIAL ESPERANÇA. OBJETO DO CONTRATO: Fornecimento parcelado de gases medicinais para UPAs e hospitais municipais. VALOR: R$ 45.900,00. PRAZO DE VIGÊNCIA: 12 (doze) meses a partir da assinatura.","Saúde"
"DISPENSA DE LICITAÇÃO Nº 271/2024 - PROCESSO: 0012.0034/2024. CONTRATANTE: FUNDO MUNICIPAL DE EDUCAÇÃO. CONTRATADA: TECNOLOGIA INTEGRADA LTDA. OBJETO DO CONTRATO: Aquisição emergencial de testes rápidos para a rede municipal de saúde. VALOR: R$ 5.600.000,00. PRAZO DE VIGÊNCIA: 12 (doze) meses a partir da assinatura.","Saúde"
"TERMO DE RATIFICAÇÃO DE AVISO DE LICITAÇÃO. Processo Administrativo nº 112233/2023. Reconheço e ratifico a contratação de SERVIÇOS DE LIMPEZA BRASIL S/A, inscrita no CNPJ sob nº 89.000.000/0001-00. Objeto: Registro de preços para eventual aquisição de materiais cirúrgicos para as Unidades Básicas de Saúde (UBS). Valor Estimado: R$ 1.250.000,00, com base na Lei 14.133/2021.","Saúde"
"PREGÃO ELETRÔNICO Nº 173/2024 - PROCESSO: 112233/2023. CONTRATANTE: MUNICÍPIO DE SÃO JOSÉ DOS CAMPOS. CONTRATADA: TECNOLOGIA INTEGRADA LTDA. OBJETO DO CONTRATO: Locação de equipamentos para materiais cirúrgicos destinados à campanha de vacinação. VALOR: R$ 210.000,00. PRAZO DE VIGÊNCIA: 12 (doze) meses a partir da assinatura.","Saúde"
"MUNICÍPIO - SECRETARIA DE ADMINISTRAÇÃO. EXTRATO DE REGISTRO DE PREÇOS. Ref. Proc. PMSC-098/24. PARTES: FUNDO MUNICIPAL DE SAÚDE X ORGANIZAÇÃO SOCIAL ESPERANÇA. OBJETO: O presente instrumento tem por objeto a Aquisição de aparelhos de ultrassom para o pronto-socorro municipal, conforme especificações do edital. DOTAÇÃO ORÇAMENTÁRIA: 10.302.0001.2001.33903900. VALOR: R$ 210.000,00.","Saúde"
"TOMADA DE PREÇOS. PROCESSO INSTRUTIVO: 112233/2023. PARTES: FUNDO MUNICIPAL DE EDUCAÇÃO e DISTRIBUIDORA DE MEDICAMENTOS BOA SAÚDE. OBJETO: Aquisição emergencial de ambulâncias para as Unidades Básicas de Saúde (UBS). VALOR GLOBAL: R$ 5.600.000,00. FUNDAMENTO LEGAL: art. 75, inciso II, da Lei nº 14.133/21. ASSINATURA: 19/07/2026.","Saúde"
"MUNICÍPIO - SECRETARIA DE ADMINISTRAÇÃO. AVISO DE LICITAÇÃO. Ref. Proc. PM-882/2023. PARTES: FUNDO MUNICIPAL DE SAÚDE X COMERCIAL DE ALIMENTOS UNIÃO EIRELI. OBJETO: O presente instrumento tem por objeto a Registro de preços para eventual aquisição de medicamentos da atenção básica para as Unidades Básicas de Saúde (UBS), conforme especificações do edital. DOTAÇÃO ORÇAMENTÁRIA: 10.302.0001.2001.33903900. VALOR: R$ 210.000,00.","Saúde"
"TERMO DE RATIFICAÇÃO DE DISPENSA DE LICITAÇÃO. Processo Administrativo nº PMSC-098/24. Reconheço e ratifico a contratação de COMERCIAL DE ALIMENTOS UNIÃO EIRELI, inscrita no CNPJ sob nº 57.000.000/0001-00. Objeto: Contratação de serviços de fornecimento de materiais cirúrgicos destinados à campanha de vacinação. Valor Estimado: R$ 15.400,00, com base na art. 25, caput, da Lei 8.666/93.","Saúde"
"EXTRATO DE REGISTRO DE PREÇOS Nº 539/2024 - PROCESSO: PM-882/2023. CONTRATANTE: FUNDO MUNICIPAL DE SAÚDE. CONTRATADA: VIGILÂNCIA E SEGURANÇA PATRIMONIAL LTDA. OBJETO DO CONTRATO: Aquisição emergencial de materiais de enfermagem para UPAs e hospitais municipais. VALOR: R$ 210.000,00. PRAZO DE VIGÊNCIA: 12 (doze) meses a partir da assinatura.","Saúde"
"AVISO DE LICITAÇÃO. PROCESSO INSTRUTIVO: PM-882/2023. PARTES: FUNDO MUNICIPAL DE SAÚDE e ORGANIZAÇÃO SOCIAL ESPERANÇA. OBJETO: Locação de equipamentos para materiais cirúrgicos para a rede municipal de saúde. VALOR GLOBAL: R$ 15.400,00. FUNDAMENTO LEGAL: art. 25, caput, da Lei 8.666/93. ASSINATURA: 05/06/2026.","Saúde"
"INEXIGIBILIDADE DE LICITAÇÃO Nº 408/2024 - PROCESSO: PMSC-098/24. CONTRATANTE: MUNICÍPIO DE SÃO JOSÉ DOS CAMPOS. CONTRATADA: COMERCIAL DE ALIMENTOS UNIÃO EIRELI. OBJETO DO CONTRATO: Fornecimento parcelado de materiais de enfermagem visando o combate a epidemias locais. VALOR: R$ 15.400,00. PRAZO DE VIGÊNCIA: 12 (doze) meses a partir da assinatura.","Saúde"
"TOMADA DE PREÇOS Nº 817/2024 - PROCESSO: PM-882/2023. CONTRATANTE: SECRETARIA MUNICIPAL DE INFRAESTRUTURA. CONTRATADA: SERVIÇOS DE LIMPEZA BRASIL S/A. OBJETO DO CONTRATO: Locação de equipamentos para materiais cirúrgicos para UPAs e hospitais municipais. VALOR: R$ 345.600,00. PRAZO DE VIGÊNCIA: 12 (doze) meses a partir da assinatura.","Saúde"
"MUNICÍPIO - SECRETARIA DE ADMINISTRAÇÃO. EXTRATO DE CONTRATO. Ref. Proc. 2023/00456. PARTES: PREFEITURA MUNICIPAL X DISTRIBUIDORA DE MEDICAMENTOS BOA SAÚDE. OBJETO: O presente instrumento tem por objeto a Fornecimento parcelado de medicamentos da atenção básica destinados à campanha de vacinação, conforme especificações do edital. DOTAÇÃO ORÇAMENTÁRIA: 10.302.0001.2001.33903900. VALOR: R$ 210.000,00.","Saúde"
"DISPENSA DE LICITAÇÃO Nº 960/2024 - PROCESSO: 112233/2023. CONTRATANTE: SECRETARIA MUNICIPAL DE INFRAESTRUTURA. CONTRATADA: CONSTRUTORA ALPHA LTDA. OBJETO DO CONTRATO: Locação de equipamentos para camas hospitalares para as Unidades Básicas de Saúde (UBS). VALOR: R$ 5.600.000,00. PRAZO DE VIGÊNCIA: 12 (doze) meses a partir da assinatura.","Saúde"
"MUNICÍPIO - SECRETARIA DE ADMINISTRAÇÃO. EXTRATO DE REGISTRO DE PREÇOS. Ref. Proc. 2024/09812. PARTES: PREFEITURA MUNICIPAL X VIGILÂNCIA E SEGURANÇA PATRIMONIAL LTDA. OBJETO: O presente instrumento tem por objeto a Locação de equipamentos para equipamentos de raio-x para atender a demanda da Secretaria de Saúde, conforme especificações do edital. DOTAÇÃO ORÇAMENTÁRIA: 10.302.0001.2001.33903900. VALOR: R$ 89.000,00.","Saúde"
"MUNICÍPIO - SECRETARIA DE ADMINISTRAÇÃO. AVISO DE LICITAÇÃO. Ref. Proc. 0012.0034/2024. PARTES: SECRETARIA MUNICIPAL DE INFRAESTRUTURA X DISTRIBUIDORA DE MEDICAMENTOS BOA SAÚDE. OBJETO: O presente instrumento tem por objeto a Aquisição de gases medicinais destinados à campanha de vacinação, conforme especificações do edital. DOTAÇÃO ORÇAMENTÁRIA: 10.302.0001.2001.33903900. VALOR: R$ 345.600,00.","Saúde"
"INEXIGIBILIDADE DE LICITAÇÃO Nº 910/2024 - PROCESSO: PMSC-098/24. CONTRATANTE: MUNICÍPIO DE SÃO JOSÉ DOS CAMPOS. CONTRATADA: ORGANIZAÇÃO SOCIAL ESPERANÇA. OBJETO DO CONTRATO: Contratação de serviços de fornecimento de vacinas contra a gripe e insumos hospitalares para as Unidades Básicas de Saúde (UBS). VALOR: R$ 1.250.000,00. PRAZO DE VIGÊNCIA: 12 (doze) meses a partir da assinatura.","Saúde"
"AVISO DE LICITAÇÃO. PROCESSO INSTRUTIVO: 2024/09812. PARTES: SECRETARIA MUNICIPAL DE INFRAESTRUTURA e CONSTRUTORA ALPHA LTDA. OBJETO: Locação de equipamentos para vacinas contra a gripe e insumos hospitalares para a rede municipal de saúde. VALOR GLOBAL: R$ 1.250.000,00. FUNDAMENTO LEGAL: art. 25, caput, da Lei 8.666/93. ASSINATURA: 06/06/2026.","Saúde"
"TERMO DE RATIFICAÇÃO DE PREGÃO ELETRÔNICO. Processo Administrativo nº PM-882/2023. Reconheço e ratifico a contratação de DISTRIBUIDORA DE MEDICAMENTOS BOA SAÚDE, inscrita no CNPJ sob nº 40.000.000/0001-00. Objeto: Aquisição de materiais cirúrgicos destinados à campanha de vacinação. Valor Estimado: R$ 45.900,00, com base na art. 25, caput, da Lei 8.666/93.","Saúde"
"EXTRATO DE REGISTRO DE PREÇOS. PROCESSO INSTRUTIVO: PM-882/2023. PARTES: FUNDO MUNICIPAL DE SAÚDE e ORGANIZAÇÃO SOCIAL ESPERANÇA. OBJETO: Registro de preços para eventual aquisição de gases medicinais para o pronto-socorro municipal. VALOR GLOBAL: R$ 45.900,00. FUNDAMENTO LEGAL: art. 24, inciso II, da Lei nº 8.666/93. ASSINATURA: 05/06/2026.","Saúde"
"AVISO DE LICITAÇÃO. PROCESSO INSTRUTIVO: 2023/00456. PARTES: PREFEITURA MUNICIPAL e SERVIÇOS DE LIMPEZA BRASIL S/A. OBJETO: Locação de equipamentos para aparelhos de ultrassom para UPAs e hospitais municipais. VALOR GLOBAL: R$ 45.900,00. FUNDAMENTO LEGAL: art. 75, inciso II, da Lei nº 14.133/21. ASSINATURA: 27/07/2026.","Saúde"
"TERMO DE RATIFICAÇÃO DE EXTRATO DE REGISTRO DE PREÇOS. Processo Administrativo nº PMSC-098/24. Reconheço e ratifico a contratação de CONSTRUTORA ALPHA LTDA, inscrita no CNPJ sob nº 78.000.000/0001-00. Objeto: Contratação de serviços de fornecimento de gases medicinais para o pronto-socorro municipal. Valor Estimado: R$ 210.000,00, com base na art. 75, inciso II, da Lei nº 14.133/21.","Saúde"
"TERMO DE RATIFICAÇÃO DE TOMADA DE PREÇOS. Processo Administrativo nº 112233/2023. Reconheço e ratifico a contratação de VIGILÂNCIA E SEGURANÇA PATRIMONIAL LTDA, inscrita no CNPJ sob nº 40.000.000/0001-00. Objeto: Registro de preços para eventual aquisição de testes rápidos para o pronto-socorro municipal. Valor Estimado: R$ 45.900,00, com base na Lei 14.133/2021.","Saúde"
"MUNICÍPIO - SECRETARIA DE ADMINISTRAÇÃO. TOMADA DE PREÇOS. Ref. Proc. 2023/00456. PARTES: FUNDO MUNICIPAL DE SAÚDE X DISTRIBUIDORA DE MEDICAMENTOS BOA SAÚDE. OBJETO: O presente instrumento tem por objeto a Aquisição emergencial de materiais de enfermagem para o pronto-socorro municipal, conforme especificações do edital. DOTAÇÃO ORÇAMENTÁRIA: 10.302.0001.2001.33903900. VALOR: R$ 45.900,00.","Saúde"
"MUNICÍPIO - SECRETARIA DE ADMINISTRAÇÃO. AVISO DE LICITAÇÃO. Ref. Proc. 2024/09812. PARTES: SECRETARIA MUNICIPAL DE INFRAESTRUTURA X SERVIÇOS DE LIMPEZA BRASIL S/A. OBJETO: O presente instrumento tem por objeto a Aquisição emergencial de materiais cirúrgicos para o centro de especialidades médicas, conforme especificações do edital. DOTAÇÃO ORÇAMENTÁRIA: 10.302.0001.2001.33903900. VALOR: R$ 210.000,00.","Saúde"
"TERMO DE RATIFICAÇÃO DE EXTRATO DE CONTRATO. Processo Administrativo nº PM-882/2023. Reconheço e ratifico a contratação de ORGANIZAÇÃO SOCIAL ESPERANÇA, inscrita no CNPJ sob nº 47.000.000/0001-00. Objeto: Fornecimento parcelado de camas hospitalares para o pronto-socorro municipal. Valor Estimado: R$ 45.900,00, com base na art. 75, inciso II, da Lei nº 14.133/21.","Saúde"
"MUNICÍPIO - SECRETARIA DE ADMINISTRAÇÃO. TOMADA DE PREÇOS. Ref. Proc. 2023/00456. PARTES: MUNICÍPIO DE SÃO JOSÉ DOS CAMPOS X TECNOLOGIA INTEGRADA LTDA. OBJETO: O presente instrumento tem por objeto a Aquisição de medicamentos da atenção básica para as Unidades Básicas de Saúde (UBS), conforme especificações do edital. DOTAÇÃO ORÇAMENTÁRIA: 10.302.0001.2001.33903900. VALOR: R$ 1.250.000,00.","Saúde"
"PREGÃO ELETRÔNICO. PROCESSO INSTRUTIVO: PM-882/2023. PARTES: FUNDO MUNICIPAL DE SAÚDE e ORGANIZAÇÃO SOCIAL ESPERANÇA. OBJETO: Aquisição de vacinas contra a gripe e insumos hospitalares para UPAs e hospitais municipais. VALOR GLOBAL: R$ 210.000,00. FUNDAMENTO LEGAL: art. 24, inciso II, da Lei nº 8.666/93. ASSINATURA: 04/05/2026.","Saúde"
"MUNICÍPIO - SECRETARIA DE ADMINISTRAÇÃO. EXTRATO DE TERMO ADITIVO. Ref. Proc. PMSC-098/24. PARTES: PREFEITURA MUNICIPAL X VIGILÂNCIA E SEGURANÇA PATRIMONIAL LTDA. OBJETO: O presente instrumento tem por objeto a Registro de preços para eventual aquisição de camas hospitalares destinados à campanha de vacinação, conforme especificações do edital. DOTAÇÃO ORÇAMENTÁRIA: 10.302.0001.2001.33903900. VALOR: R$ 210.000,00.","Saúde"
"INEXIGIBILIDADE DE LICITAÇÃO Nº 75/2024 - PROCESSO: 2023/00456. CONTRATANTE: FUNDO MUNICIPAL DE SAÚDE. CONTRATADA: ORGANIZAÇÃO SOCIAL ESPERANÇA. OBJETO DO CONTRATO: Fornecimento parcelado de materiais cirúrgicos para as Unidades Básicas de Saúde (UBS). VALOR: R$ 15.400,00. PRAZO DE VIGÊNCIA: 12 (doze) meses a partir da assinatura.","Saúde"
"MUNICÍPIO - SECRETARIA DE ADMINISTRAÇÃO. AVISO DE LICITAÇÃO. Ref. Proc. 2024/09812. PARTES: PREFEITURA MUNICIPAL X COMERCIAL DE ALIMENTOS UNIÃO EIRELI. OBJETO: O presente instrumento tem por objeto a Registro de preços para eventual aquisição de equipamentos de raio-x para a rede municipal de saúde, conforme especificações do edital. DOTAÇÃO ORÇAMENTÁRIA: 10.302.0001.2001.33903900. VALOR: R$ 210.000,00.","Saúde"
"PREGÃO ELETRÔNICO. PROCESSO INSTRUTIVO: 2024/09812. PARTES: SECRETARIA MUNICIPAL DE INFRAESTRUTURA e TECNOLOGIA INTEGRADA LTDA. OBJETO: Contratação de serviços de fornecimento de materiais cirúrgicos para UPAs e hospitais municipais. VALOR GLOBAL: R$ 210.000,00. FUNDAMENTO LEGAL: art. 75, inciso II, da Lei nº 14.133/21. ASSINATURA: 13/05/2026.","Saúde"
"MUNICÍPIO - SECRETARIA DE ADMINISTRAÇÃO. EXTRATO DE CONTRATO. Ref. Proc. 0012.0034/2024. PARTES: SECRETARIA MUNICIPAL DE INFRAESTRUTURA X SERVIÇOS DE LIMPEZA BRASIL S/A. OBJETO: O presente instrumento tem por objeto a Fornecimento parcelado de gases medicinais para a rede municipal de saúde, conforme especificações do edital. DOTAÇÃO ORÇAMENTÁRIA: 10.302.0001.2001.33903900. VALOR: R$ 1.250.000,00.","Saúde"
"MUNICÍPIO - SECRETARIA DE ADMINISTRAÇÃO. DISPENSA DE LICITAÇÃO. Ref. Proc. PMSC-098/24. PARTES: SECRETARIA MUNICIPAL DE INFRAESTRUTURA X ORGANIZAÇÃO SOCIAL ESPERANÇA. OBJETO: O presente instrumento tem por objeto a Contratação de serviços de fornecimento de testes rápidos para o centro de especialidades médicas, conforme especificações do edital. DOTAÇÃO ORÇAMENTÁRIA: 10.302.0001.2001.33903900. VALOR: R$ 5.600.000,00.","Saúde"
"TERMO DE RATIFICAÇÃO DE EXTRATO DE TERMO ADITIVO. Processo Administrativo nº 112233/2023. Reconheço e ratifico a contratação de ORGANIZAÇÃO SOCIAL ESPERANÇA, inscrita no CNPJ sob nº 30.000.000/0001-00. Objeto: Fornecimento parcelado de materiais cirúrgicos visando o combate a epidemias locais. Valor Estimado: R$ 5.600.000,00, com base na art. 24, inciso II, da Lei nº 8.666/93.","Saúde"
"MUNICÍPIO - SECRETARIA DE ADMINISTRAÇÃO. DISPENSA DE LICITAÇÃO. Ref. Proc. PM-882/2023. PARTES: MUNICÍPIO DE SÃO JOSÉ DOS CAMPOS X ORGANIZAÇÃO SOCIAL ESPERANÇA. OBJETO: O presente instrumento tem por objeto a Fornecimento parcelado de vacinas contra a gripe e insumos hospitalares para o centro de especialidades médicas, conforme especificações do edital. DOTAÇÃO ORÇAMENTÁRIA: 10.302.0001.2001.33903900. VALOR: R$ 210.000,00.","Saúde"
"PREGÃO ELETRÔNICO. PROCESSO INSTRUTIVO: 0012.0034/2024. PARTES: SECRETARIA MUNICIPAL DE INFRAESTRUTURA e COMERCIAL DE ALIMENTOS UNIÃO EIRELI. OBJETO: Aquisição de equipamentos de raio-x para UPAs e hospitais municipais. VALOR GLOBAL: R$ 1.250.000,00. FUNDAMENTO LEGAL: art. 75, inciso II, da Lei nº 14.133/21. ASSINATURA: 26/05/2026.","Saúde"
"TERMO DE RATIFICAÇÃO DE AVISO DE LICITAÇÃO. Processo Administrativo nº PMSC-098/24. Reconheço e ratifico a contratação de TECNOLOGIA INTEGRADA LTDA, inscrita no CNPJ sob nº 56.000.000/0001-00. Objeto: Contratação de serviços de fornecimento de materiais de enfermagem para a rede municipal de saúde. Valor Estimado: R$ 45.900,00, com base na art. 25, caput, da Lei 8.666/93.","Saúde"
"EXTRATO DE REGISTRO DE PREÇOS. PROCESSO INSTRUTIVO: 2023/00456. PARTES: FUNDO MUNICIPAL DE SAÚDE e CONSTRUTORA ALPHA LTDA. OBJETO: Aquisição emergencial de vacinas contra a gripe e insumos hospitalares para o pronto-socorro municipal. VALOR GLOBAL: R$ 345.600,00. FUNDAMENTO LEGAL: art. 25, caput, da Lei 8.666/93. ASSINATURA: 31/05/2026.","Saúde"
"TERMO DE RATIFICAÇÃO DE EXTRATO DE REGISTRO DE PREÇOS. Processo Administrativo nº PMSC-098/24. Reconheço e ratifico a contratação de ORGANIZAÇÃO SOCIAL ESPERANÇA, inscrita no CNPJ sob nº 52.000.000/0001-00. Objeto: Aquisição emergencial de materiais cirúrgicos para o pronto-socorro municipal. Valor Estimado: R$ 89.000,00, com base na art. 75, inciso II, da Lei nº 14.133/21.","Saúde"
"DISPENSA DE LICITAÇÃO Nº 378/2024 - PROCESSO: 2023/00456. CONTRATANTE: MUNICÍPIO DE SÃO JOSÉ DOS CAMPOS. CONTRATADA: SERVIÇOS DE LIMPEZA BRASIL S/A. OBJETO DO CONTRATO: Contratação de serviços de fornecimento de aparelhos de ultrassom para atender a demanda da Secretaria de Saúde. VALOR: R$ 5.600.000,00. PRAZO DE VIGÊNCIA: 12 (doze) meses a partir da assinatura.","Saúde"
"AVISO DE LICITAÇÃO. PROCESSO INSTRUTIVO: 112233/2023. PARTES: PREFEITURA MUNICIPAL e TECNOLOGIA INTEGRADA LTDA. OBJETO: Fornecimento parcelado de equipamentos de raio-x para a rede municipal de saúde. VALOR GLOBAL: R$ 345.600,00. FUNDAMENTO LEGAL: Lei 14.133/2021. ASSINATURA: 11/07/2026.","Saúde"
"MUNICÍPIO - SECRETARIA DE ADMINISTRAÇÃO. DISPENSA DE LICITAÇÃO. Ref. Proc. 2024/09812. PARTES: FUNDO MUNICIPAL DE SAÚDE X VIGILÂNCIA E SEGURANÇA PATRIMONIAL LTDA. OBJETO: O presente instrumento tem por objeto a Locação de equipamentos para testes rápidos visando o combate a epidemias locais, conforme especificações do edital. DOTAÇÃO ORÇAMENTÁRIA: 10.302.0001.2001.33903900. VALOR: R$ 45.900,00.","Saúde"
"TERMO DE RATIFICAÇÃO DE DISPENSA DE LICITAÇÃO. Processo Administrativo nº 0012.0034/2024. Reconheço e ratifico a contratação de ORGANIZAÇÃO SOCIAL ESPERANÇA, inscrita no CNPJ sob nº 23.000.000/0001-00. Objeto: Aquisição de medicamentos da atenção básica para o pronto-socorro municipal. Valor Estimado: R$ 45.900,00, com base na art. 24, inciso II, da Lei nº 8.666/93.","Saúde"
"EXTRATO DE TERMO ADITIVO Nº 93/2024 - PROCESSO: PM-882/2023. CONTRATANTE: FUNDO MUNICIPAL DE SAÚDE. CONTRATADA: SERVIÇOS DE LIMPEZA BRASIL S/A. OBJETO DO CONTRATO: Registro de preços para eventual aquisição de testes rápidos para atender a demanda da Secretaria de Saúde. VALOR: R$ 89.000,00. PRAZO DE VIGÊNCIA: 12 (doze) meses a partir da assinatura.","Saúde"
"TERMO DE RATIFICAÇÃO DE INEXIGIBILIDADE DE LICITAÇÃO. Processo Administrativo nº 2023/00456. Reconheço e ratifico a contratação de VIGILÂNCIA E SEGURANÇA PATRIMONIAL LTDA, inscrita no CNPJ sob nº 83.000.000/0001-00. Objeto: Registro de preços para eventual aquisição de gases medicinais para o centro de especialidades médicas. Valor Estimado: R$ 45.900,00, com base na art. 25, caput, da Lei 8.666/93.","Saúde"
"AVISO DE LICITAÇÃO Nº 343/2024 - PROCESSO: 2023/00456. CONTRATANTE: FUNDO MUNICIPAL DE EDUCAÇÃO. CONTRATADA: VIGILÂNCIA E SEGURANÇA PATRIMONIAL LTDA. OBJETO DO CONTRATO: Registro de preços para eventual aquisição de aparelhos de ultrassom para as Unidades Básicas de Saúde (UBS). VALOR: R$ 15.400,00. PRAZO DE VIGÊNCIA: 12 (doze) meses a partir da assinatura.","Saúde"
"TOMADA DE PREÇOS Nº 732/2024 - PROCESSO: PMSC-098/24. CONTRATANTE: FUNDO MUNICIPAL DE SAÚDE. CONTRATADA: DISTRIBUIDORA DE MEDICAMENTOS BOA SAÚDE. OBJETO DO CONTRATO: Fornecimento parcelado de testes rápidos para o pronto-socorro municipal. VALOR: R$ 89.000,00. PRAZO DE VIGÊNCIA: 12 (doze) meses a partir da assinatura.","Saúde"
"EXTRATO DE REGISTRO DE PREÇOS Nº 518/2024 - PROCESSO: 0012.0034/2024. CONTRATANTE: FUNDO MUNICIPAL DE SAÚDE. CONTRATADA: ORGANIZAÇÃO SOCIAL ESPERANÇA. OBJETO DO CONTRATO: Registro de preços para eventual aquisição de vacinas contra a gripe e insumos hospitalares destinados à campanha de vacinação. VALOR: R$ 15.400,00. PRAZO DE VIGÊNCIA: 12 (doze) meses a partir da assinatura.","Saúde"
"EXTRATO DE TERMO ADITIVO Nº 636/2024 - PROCESSO: PM-882/2023. CONTRATANTE: SECRETARIA MUNICIPAL DE INFRAESTRUTURA. CONTRATADA: CONSTRUTORA ALPHA LTDA. OBJETO DO CONTRATO: Registro de preços para eventual aquisição de materiais cirúrgicos para a rede municipal de saúde. VALOR: R$ 45.900,00. PRAZO DE VIGÊNCIA: 12 (doze) meses a partir da assinatura.","Saúde"
"TERMO DE RATIFICAÇÃO DE AVISO DE LICITAÇÃO. Processo Administrativo nº 0012.0034/2024. Reconheço e ratifico a contratação de SERVIÇOS DE LIMPEZA BRASIL S/A, inscrita no CNPJ sob nº 19.000.000/0001-00. Objeto: Prestação de serviços de manutenção de transporte público coletivo para os alunos da zona rural. Valor Estimado: R$ 345.600,00, com base na art. 75, inciso II, da Lei nº 14.133/21.","Transporte"
"PREGÃO ELETRÔNICO. PROCESSO INSTRUTIVO: PM-882/2023. PARTES: MUNICÍPIO DE SÃO JOSÉ DOS CAMPOS e DISTRIBUIDORA DE MEDICAMENTOS BOA SAÚDE. OBJETO: Concessão de terminais de integração para os alunos da zona rural. VALOR GLOBAL: R$ 89.000,00. FUNDAMENTO LEGAL: art. 25, caput, da Lei 8.666/93. ASSINATURA: 02/06/2026.","Transporte"
"PREGÃO ELETRÔNICO Nº 585/2024 - PROCESSO: 112233/2023. CONTRATANTE: FUNDO MUNICIPAL DE EDUCAÇÃO. CONTRATADA: VIGILÂNCIA E SEGURANÇA PATRIMONIAL LTDA. OBJETO DO CONTRATO: Prestação de serviços de manutenção de frota de ônibus biarticulados atendendo à população do município. VALOR: R$ 89.000,00. PRAZO DE VIGÊNCIA: 12 (doze) meses a partir da assinatura.","Transporte"
"TOMADA DE PREÇOS Nº 723/2024 - PROCESSO: PM-882/2023. CONTRATANTE: FUNDO MUNICIPAL DE EDUCAÇÃO. CONTRATADA: TECNOLOGIA INTEGRADA LTDA. OBJETO DO CONTRATO: Locação de sistema de bilhetagem eletrônica visando a melhoria do trânsito. VALOR: R$ 345.600,00. PRAZO DE VIGÊNCIA: 12 (doze) meses a partir da assinatura.","Transporte"
"TERMO DE RATIFICAÇÃO DE EXTRATO DE CONTRATO. Processo Administrativo nº 112233/2023. Reconheço e ratifico a contratação de TECNOLOGIA INTEGRADA LTDA, inscrita no CNPJ sob nº 47.000.000/0001-00. Objeto: Serviços especializados de manutenção de transporte escolar para a Secretaria de Mobilidade Urbana. Valor Estimado: R$ 45.900,00, com base na art. 25, caput, da Lei 8.666/93.","Transporte"
"AVISO DE LICITAÇÃO. PROCESSO INSTRUTIVO: 2024/09812. PARTES: FUNDO MUNICIPAL DE SAÚDE e ORGANIZAÇÃO SOCIAL ESPERANÇA. OBJETO: Aquisição de pavimentação de corredores de ônibus visando a melhoria do trânsito. VALOR GLOBAL: R$ 15.400,00. FUNDAMENTO LEGAL: art. 24, inciso II, da Lei nº 8.666/93. ASSINATURA: 27/05/2026.","Transporte"
"TERMO DE RATIFICAÇÃO DE TOMADA DE PREÇOS. Processo Administrativo nº PMSC-098/24. Reconheço e ratifico a contratação de COMERCIAL DE ALIMENTOS UNIÃO EIRELI, inscrita no CNPJ sob nº 50.000.000/0001-00. Objeto: Concessão de serviço de táxi e aplicativo para servidores visando a melhoria do trânsito. Valor Estimado: R$ 5.600.000,00, com base na Lei 14.133/2021.","Transporte"
"INEXIGIBILIDADE DE LICITAÇÃO. PROCESSO INSTRUTIVO: 2023/00456. PARTES: FUNDO MUNICIPAL DE EDUCAÇÃO e SERVIÇOS DE LIMPEZA BRASIL S/A. OBJETO: Locação de transporte público coletivo para o transporte de servidores em serviço. VALOR GLOBAL: R$ 45.900,00. FUNDAMENTO LEGAL: Lei 14.133/2021. ASSINATURA: 03/07/2026.","Transporte"
"INEXIGIBILIDADE DE LICITAÇÃO Nº 553/2024 - PROCESSO: PM-882/2023. CONTRATANTE: MUNICÍPIO DE SÃO JOSÉ DOS CAMPOS. CONTRATADA: COMERCIAL DE ALIMENTOS UNIÃO EIRELI. OBJETO DO CONTRATO: Prestação de serviços de manutenção de vans para transporte de pacientes para o transporte de servidores em serviço. VALOR: R$ 5.600.000,00. PRAZO DE VIGÊNCIA: 12 (doze) meses a partir da assinatura.","Transporte"
"TERMO DE RATIFICAÇÃO DE DISPENSA DE LICITAÇÃO. Processo Administrativo nº PMSC-098/24. Reconheço e ratifico a contratação de DISTRIBUIDORA DE MEDICAMENTOS BOA SAÚDE, inscrita no CNPJ sob nº 33.000.000/0001-00. Objeto: Concessão de frota de ônibus biarticulados nos principais corredores viários. Valor Estimado: R$ 5.600.000,00, com base na Lei 14.133/2021.","Transporte"
"INEXIGIBILIDADE DE LICITAÇÃO Nº 910/2024 - PROCESSO: 0012.0034/2024. CONTRATANTE: PREFEITURA MUNICIPAL. CONTRATADA: SERVIÇOS DE LIMPEZA BRASIL S/A. OBJETO DO CONTRATO: Serviços especializados de manutenção de serviço de táxi e aplicativo para servidores para o transporte de servidores em serviço. VALOR: R$ 1.250.000,00. PRAZO DE VIGÊNCIA: 12 (doze) meses a partir da assinatura.","Transporte"
"TERMO DE RATIFICAÇÃO DE EXTRATO DE TERMO ADITIVO. Processo Administrativo nº 112233/2023. Reconheço e ratifico a contratação de ORGANIZAÇÃO SOCIAL ESPERANÇA, inscrita no CNPJ sob nº 60.000.000/0001-00. Objeto: Serviços especializados de manutenção de abrigos de ônibus nos principais corredores viários. Valor Estimado: R$ 15.400,00, com base na art. 25, caput, da Lei 8.666/93.","Transporte"
"EXTRATO DE CONTRATO Nº 838/2024 - PROCESSO: 2024/09812. CONTRATANTE: FUNDO MUNICIPAL DE SAÚDE. CONTRATADA: VIGILÂNCIA E SEGURANÇA PATRIMONIAL LTDA. OBJETO DO CONTRATO: Locação de vans para transporte de pacientes para os alunos da zona rural. VALOR: R$ 45.900,00. PRAZO DE VIGÊNCIA: 12 (doze) meses a partir da assinatura.","Transporte"
"MUNICÍPIO - SECRETARIA DE ADMINISTRAÇÃO. EXTRATO DE REGISTRO DE PREÇOS. Ref. Proc. 2023/00456. PARTES: FUNDO MUNICIPAL DE SAÚDE X ORGANIZAÇÃO SOCIAL ESPERANÇA. OBJETO: O presente instrumento tem por objeto a Locação de transporte escolar nas linhas alimentadoras dos bairros, conforme especificações do edital. DOTAÇÃO ORÇAMENTÁRIA: 10.302.0001.2001.33903900. VALOR: R$ 210.000,00.","Transporte"
"TERMO DE RATIFICAÇÃO DE AVISO DE LICITAÇÃO. Processo Administrativo nº 112233/2023. Reconheço e ratifico a contratação de SERVIÇOS DE LIMPEZA BRASIL S/A, inscrita no CNPJ sob nº 45.000.000/0001-00. Objeto: Concessão de serviço de táxi e aplicativo para servidores para o transporte de servidores em serviço. Valor Estimado: R$ 45.900,00, com base na art. 24, inciso II, da Lei nº 8.666/93.","Transporte"
"EXTRATO DE TERMO ADITIVO. PROCESSO INSTRUTIVO: PM-882/2023. PARTES: FUNDO MUNICIPAL DE EDUCAÇÃO e TECNOLOGIA INTEGRADA LTDA. OBJETO: Prestação de serviços de manutenção de pavimentação de corredores de ônibus atendendo à população do município. VALOR GLOBAL: R$ 210.000,00. FUNDAMENTO LEGAL: art. 24, inciso II, da Lei nº 8.666/93. ASSINATURA: 23/07/2026.","Transporte"
"EXTRATO DE CONTRATO. PROCESSO INSTRUTIVO: 0012.0034/2024. PARTES: PREFEITURA MUNICIPAL e SERVIÇOS DE LIMPEZA BRASIL S/A. OBJETO: Locação de vans para transporte de pacientes atendendo à população do município. VALOR GLOBAL: R$ 1.250.000,00. FUNDAMENTO LEGAL: Lei 14.133/2021. ASSINATURA: 01/05/2026.","Transporte"
"MUNICÍPIO - SECRETARIA DE ADMINISTRAÇÃO. EXTRATO DE TERMO ADITIVO. Ref. Proc. 2024/09812. PARTES: SECRETARIA MUNICIPAL DE INFRAESTRUTURA X DISTRIBUIDORA DE MEDICAMENTOS BOA SAÚDE. OBJETO: O presente instrumento tem por objeto a Serviços especializados de manutenção de abrigos de ônibus nas linhas alimentadoras dos bairros, conforme especificações do edital. DOTAÇÃO ORÇAMENTÁRIA: 10.302.0001.2001.33903900. VALOR: R$ 345.600,00.","Transporte"
"TOMADA DE PREÇOS Nº 499/2024 - PROCESSO: 0012.0034/2024. CONTRATANTE: SECRETARIA MUNICIPAL DE INFRAESTRUTURA. CONTRATADA: COMERCIAL DE ALIMENTOS UNIÃO EIRELI. OBJETO DO CONTRATO: Contratação de empresa para operação de terminais de integração para integração modal da cidade. VALOR: R$ 210.000,00. PRAZO DE VIGÊNCIA: 12 (doze) meses a partir da assinatura.","Transporte"
"TERMO DE RATIFICAÇÃO DE EXTRATO DE TERMO ADITIVO. Processo Administrativo nº 2023/00456. Reconheço e ratifico a contratação de CONSTRUTORA ALPHA LTDA, inscrita no CNPJ sob nº 98.000.000/0001-00. Objeto: Serviços especializados de manutenção de terminais de integração para integração modal da cidade. Valor Estimado: R$ 1.250.000,00, com base na art. 24, inciso II, da Lei nº 8.666/93.","Transporte"
"MUNICÍPIO - SECRETARIA DE ADMINISTRAÇÃO. EXTRATO DE REGISTRO DE PREÇOS. Ref. Proc. PM-882/2023. PARTES: MUNICÍPIO DE SÃO JOSÉ DOS CAMPOS X SERVIÇOS DE LIMPEZA BRASIL S/A. OBJETO: O presente instrumento tem por objeto a Locação de vans para transporte de pacientes visando a melhoria do trânsito, conforme especificações do edital. DOTAÇÃO ORÇAMENTÁRIA: 10.302.0001.2001.33903900. VALOR: R$ 210.000,00.","Transporte"
"INEXIGIBILIDADE DE LICITAÇÃO. PROCESSO INSTRUTIVO: 2023/00456. PARTES: FUNDO MUNICIPAL DE EDUCAÇÃO e COMERCIAL DE ALIMENTOS UNIÃO EIRELI. OBJETO: Prestação de serviços de manutenção de transporte escolar nas linhas alimentadoras dos bairros. VALOR GLOBAL: R$ 89.000,00. FUNDAMENTO LEGAL: art. 24, inciso II, da Lei nº 8.666/93. ASSINATURA: 03/06/2026.","Transporte"
"TERMO DE RATIFICAÇÃO DE INEXIGIBILIDADE DE LICITAÇÃO. Processo Administrativo nº 2024/09812. Reconheço e ratifico a contratação de CONSTRUTORA ALPHA LTDA, inscrita no CNPJ sob nº 26.000.000/0001-00. Objeto: Locação de transporte escolar para os alunos da zona rural. Valor Estimado: R$ 5.600.000,00, com base na art. 75, inciso II, da Lei nº 14.133/21.","Transporte"
"MUNICÍPIO - SECRETARIA DE ADMINISTRAÇÃO. EXTRATO DE CONTRATO. Ref. Proc. 2023/00456. PARTES: MUNICÍPIO DE SÃO JOSÉ DOS CAMPOS X SERVIÇOS DE LIMPEZA BRASIL S/A. OBJETO: O presente instrumento tem por objeto a Contratação de empresa para operação de frota de ônibus biarticulados para a Secretaria de Mobilidade Urbana, conforme especificações do edital. DOTAÇÃO ORÇAMENTÁRIA: 10.302.0001.2001.33903900. VALOR: R$ 5.600.000,00.","Transporte"
"TERMO DE RATIFICAÇÃO DE EXTRATO DE CONTRATO. Processo Administrativo nº PMSC-098/24. Reconheço e ratifico a contratação de TECNOLOGIA INTEGRADA LTDA, inscrita no CNPJ sob nº 13.000.000/0001-00. Objeto: Concessão de sinalização semafórica atendendo à população do município. Valor Estimado: R$ 89.000,00, com base na art. 25, caput, da Lei 8.666/93.","Transporte"
"EXTRATO DE REGISTRO DE PREÇOS. PROCESSO INSTRUTIVO: 2023/00456. PARTES: FUNDO MUNICIPAL DE SAÚDE e COMERCIAL DE ALIMENTOS UNIÃO EIRELI. OBJETO: Concessão de transporte público coletivo nos principais corredores viários. VALOR GLOBAL: R$ 5.600.000,00. FUNDAMENTO LEGAL: art. 25, caput, da Lei 8.666/93. ASSINATURA: 29/05/2026.","Transporte"
"DISPENSA DE LICITAÇÃO Nº 792/2024 - PROCESSO: PMSC-098/24. CONTRATANTE: SECRETARIA MUNICIPAL DE INFRAESTRUTURA. CONTRATADA: CONSTRUTORA ALPHA LTDA. OBJETO DO CONTRATO: Aquisição de serviço de táxi e aplicativo para servidores para os alunos da zona rural. VALOR: R$ 1.250.000,00. PRAZO DE VIGÊNCIA: 12 (doze) meses a partir da assinatura.","Transporte"
"AVISO DE LICITAÇÃO Nº 162/2024 - PROCESSO: 112233/2023. CONTRATANTE: PREFEITURA MUNICIPAL. CONTRATADA: SERVIÇOS DE LIMPEZA BRASIL S/A. OBJETO DO CONTRATO: Serviços especializados de manutenção de sistema de bilhetagem eletrônica atendendo à população do município. VALOR: R$ 1.250.000,00. PRAZO DE VIGÊNCIA: 12 (doze) meses a partir da assinatura.","Transporte"
"AVISO DE LICITAÇÃO Nº 946/2024 - PROCESSO: PMSC-098/24. CONTRATANTE: MUNICÍPIO DE SÃO JOSÉ DOS CAMPOS. CONTRATADA: DISTRIBUIDORA DE MEDICAMENTOS BOA SAÚDE. OBJETO DO CONTRATO: Concessão de frota de ônibus biarticulados visando a melhoria do trânsito. VALOR: R$ 15.400,00. PRAZO DE VIGÊNCIA: 12 (doze) meses a partir da assinatura.","Transporte"
"TERMO DE RATIFICAÇÃO DE EXTRATO DE REGISTRO DE PREÇOS. Processo Administrativo nº 0012.0034/2024. Reconheço e ratifico a contratação de TECNOLOGIA INTEGRADA LTDA, inscrita no CNPJ sob nº 91.000.000/0001-00. Objeto: Prestação de serviços de manutenção de transporte escolar para a Secretaria de Mobilidade Urbana. Valor Estimado: R$ 345.600,00, com base na art. 24, inciso II, da Lei nº 8.666/93.","Transporte"
"TERMO DE RATIFICAÇÃO DE DISPENSA DE LICITAÇÃO. Processo Administrativo nº 2023/00456. Reconheço e ratifico a contratação de COMERCIAL DE ALIMENTOS UNIÃO EIRELI, inscrita no CNPJ sob nº 24.000.000/0001-00. Objeto: Serviços especializados de manutenção de terminais de integração para a Secretaria de Mobilidade Urbana. Valor Estimado: R$ 89.000,00, com base na Lei 14.133/2021.","Transporte"
"TOMADA DE PREÇOS Nº 28/2024 - PROCESSO: 112233/2023. CONTRATANTE: SECRETARIA MUNICIPAL DE INFRAESTRUTURA. CONTRATADA: SERVIÇOS DE LIMPEZA BRASIL S/A. OBJETO DO CONTRATO: Locação de pavimentação de corredores de ônibus para os alunos da zona rural. VALOR: R$ 210.000,00. PRAZO DE VIGÊNCIA: 12 (doze) meses a partir da assinatura.","Transporte"
"INEXIGIBILIDADE DE LICITAÇÃO Nº 695/2024 - PROCESSO: PM-882/2023. CONTRATANTE: FUNDO MUNICIPAL DE SAÚDE. CONTRATADA: CONSTRUTORA ALPHA LTDA. OBJETO DO CONTRATO: Serviços especializados de manutenção de frota de ônibus biarticulados para os alunos da zona rural. VALOR: R$ 45.900,00. PRAZO DE VIGÊNCIA: 12 (doze) meses a partir da assinatura.","Transporte"
"TERMO DE RATIFICAÇÃO DE AVISO DE LICITAÇÃO. Processo Administrativo nº 2024/09812. Reconheço e ratifico a contratação de ORGANIZAÇÃO SOCIAL ESPERANÇA, inscrita no CNPJ sob nº 33.000.000/0001-00. Objeto: Prestação de serviços de manutenção de abrigos de ônibus para integração modal da cidade. Valor Estimado: R$ 45.900,00, com base na art. 24, inciso II, da Lei nº 8.666/93.","Transporte"
"TERMO DE RATIFICAÇÃO DE DISPENSA DE LICITAÇÃO. Processo Administrativo nº PM-882/2023. Reconheço e ratifico a contratação de SERVIÇOS DE LIMPEZA BRASIL S/A, inscrita no CNPJ sob nº 78.000.000/0001-00. Objeto: Concessão de terminais de integração nas linhas alimentadoras dos bairros. Valor Estimado: R$ 5.600.000,00, com base na art. 75, inciso II, da Lei nº 14.133/21.","Transporte"
"EXTRATO DE CONTRATO Nº 541/2024 - PROCESSO: 112233/2023. CONTRATANTE: PREFEITURA MUNICIPAL. CONTRATADA: VIGILÂNCIA E SEGURANÇA PATRIMONIAL LTDA. OBJETO DO CONTRATO: Serviços especializados de manutenção de frota de ônibus biarticulados visando a melhoria do trânsito. VALOR: R$ 5.600.000,00. PRAZO DE VIGÊNCIA: 12 (doze) meses a partir da assinatura.","Transporte"
"MUNICÍPIO - SECRETARIA DE ADMINISTRAÇÃO. AVISO DE LICITAÇÃO. Ref. Proc. 2024/09812. PARTES: PREFEITURA MUNICIPAL X VIGILÂNCIA E SEGURANÇA PATRIMONIAL LTDA. OBJETO: O presente instrumento tem por objeto a Concessão de sistema de bilhetagem eletrônica para integração modal da cidade, conforme especificações do edital. DOTAÇÃO ORÇAMENTÁRIA: 10.302.0001.2001.33903900. VALOR: R$ 89.000,00.","Transporte"
"TERMO DE RATIFICAÇÃO DE EXTRATO DE REGISTRO DE PREÇOS. Processo Administrativo nº 0012.0034/2024. Reconheço e ratifico a contratação de CONSTRUTORA ALPHA LTDA, inscrita no CNPJ sob nº 94.000.000/0001-00. Objeto: Aquisição de frota de ônibus biarticulados para os alunos da zona rural. Valor Estimado: R$ 345.600,00, com base na art. 75, inciso II, da Lei nº 14.133/21.","Transporte"
"DISPENSA DE LICITAÇÃO Nº 226/2024 - PROCESSO: PM-882/2023. CONTRATANTE: FUNDO MUNICIPAL DE EDUCAÇÃO. CONTRATADA: SERVIÇOS DE LIMPEZA BRASIL S/A. OBJETO DO CONTRATO: Prestação de serviços de manutenção de frota de ônibus biarticulados para a Secretaria de Mobilidade Urbana. VALOR: R$ 45.900,00. PRAZO DE VIGÊNCIA: 12 (doze) meses a partir da assinatura.","Transporte"
"INEXIGIBILIDADE DE LICITAÇÃO. PROCESSO INSTRUTIVO: 2023/00456. PARTES: PREFEITURA MUNICIPAL e DISTRIBUIDORA DE MEDICAMENTOS BOA SAÚDE. OBJETO: Concessão de sinalização semafórica nas linhas alimentadoras dos bairros. VALOR GLOBAL: R$ 89.000,00. FUNDAMENTO LEGAL: art. 75, inciso II, da Lei nº 14.133/21. ASSINATURA: 19/06/2026.","Transporte"
"MUNICÍPIO - SECRETARIA DE ADMINISTRAÇÃO. AVISO DE LICITAÇÃO. Ref. Proc. PMSC-098/24. PARTES: MUNICÍPIO DE SÃO JOSÉ DOS CAMPOS X CONSTRUTORA ALPHA LTDA. OBJETO: O presente instrumento tem por objeto a Contratação de empresa para operação de transporte escolar para a Secretaria de Mobilidade Urbana, conforme especificações do edital. DOTAÇÃO ORÇAMENTÁRIA: 10.302.0001.2001.33903900. VALOR: R$ 89.000,00.","Transporte"
"TERMO DE RATIFICAÇÃO DE EXTRATO DE REGISTRO DE PREÇOS. Processo Administrativo nº 112233/2023. Reconheço e ratifico a contratação de COMERCIAL DE ALIMENTOS UNIÃO EIRELI, inscrita no CNPJ sob nº 53.000.000/0001-00. Objeto: Contratação de empresa para operação de serviço de táxi e aplicativo para servidores visando a melhoria do trânsito. Valor Estimado: R$ 89.000,00, com base na Lei 14.133/2021.","Transporte"
"TERMO DE RATIFICAÇÃO DE EXTRATO DE TERMO ADITIVO. Processo Administrativo nº PMSC-098/24. Reconheço e ratifico a contratação de SERVIÇOS DE LIMPEZA BRASIL S/A, inscrita no CNPJ sob nº 13.000.000/0001-00. Objeto: Aquisição de transporte público coletivo para integração modal da cidade. Valor Estimado: R$ 5.600.000,00, com base na art. 75, inciso II, da Lei nº 14.133/21.","Transporte"
"EXTRATO DE CONTRATO Nº 964/2024 - PROCESSO: PM-882/2023. CONTRATANTE: PREFEITURA MUNICIPAL. CONTRATADA: CONSTRUTORA ALPHA LTDA. OBJETO DO CONTRATO: Prestação de serviços de manutenção de transporte escolar para integração modal da cidade. VALOR: R$ 345.600,00. PRAZO DE VIGÊNCIA: 12 (doze) meses a partir da assinatura.","Transporte"
"TERMO DE RATIFICAÇÃO DE EXTRATO DE CONTRATO. Processo Administrativo nº 112233/2023. Reconheço e ratifico a contratação de TECNOLOGIA INTEGRADA LTDA, inscrita no CNPJ sob nº 51.000.000/0001-00. Objeto: Contratação de empresa para operação de vans para transporte de pacientes atendendo à população do município. Valor Estimado: R$ 5.600.000,00, com base na art. 24, inciso II, da Lei nº 8.666/93.","Transporte"
"TERMO DE RATIFICAÇÃO DE INEXIGIBILIDADE DE LICITAÇÃO. Processo Administrativo nº 2024/09812. Reconheço e ratifico a contratação de COMERCIAL DE ALIMENTOS UNIÃO EIRELI, inscrita no CNPJ sob nº 57.000.000/0001-00. Objeto: Aquisição de terminais de integração para integração modal da cidade. Valor Estimado: R$ 89.000,00, com base na Lei 14.133/2021.","Transporte"
"TERMO DE RATIFICAÇÃO DE INEXIGIBILIDADE DE LICITAÇÃO. Processo Administrativo nº 112233/2023. Reconheço e ratifico a contratação de TECNOLOGIA INTEGRADA LTDA, inscrita no CNPJ sob nº 69.000.000/0001-00. Objeto: Serviços especializados de manutenção de transporte escolar visando a melhoria do trânsito. Valor Estimado: R$ 45.900,00, com base na art. 25, caput, da Lei 8.666/93.","Transporte"
"DISPENSA DE LICITAÇÃO. PROCESSO INSTRUTIVO: 0012.0034/2024. PARTES: MUNICÍPIO DE SÃO JOSÉ DOS CAMPOS e TECNOLOGIA INTEGRADA LTDA. OBJETO: Prestação de serviços de manutenção de serviço de táxi e aplicativo para servidores para os alunos da zona rural. VALOR GLOBAL: R$ 15.400,00. FUNDAMENTO LEGAL: art. 75, inciso II, da Lei nº 14.133/21. ASSINATURA: 11/06/2026.","Transporte"
"EXTRATO DE REGISTRO DE PREÇOS Nº 901/2024 - PROCESSO: 2023/00456. CONTRATANTE: SECRETARIA MUNICIPAL DE INFRAESTRUTURA. CONTRATADA: COMERCIAL DE ALIMENTOS UNIÃO EIRELI. OBJETO DO CONTRATO: Serviços especializados de manutenção de pavimentação de corredores de ônibus para a Secretaria de Mobilidade Urbana. VALOR: R$ 1.250.000,00. PRAZO DE VIGÊNCIA: 12 (doze) meses a partir da assinatura.","Transporte"
"AVISO DE LICITAÇÃO Nº 215/2024 - PROCESSO: 2023/00456. CONTRATANTE: PREFEITURA MUNICIPAL. CONTRATADA: DISTRIBUIDORA DE MEDICAMENTOS BOA SAÚDE. OBJETO DO CONTRATO: Aquisição de sinalização semafórica para a Secretaria de Mobilidade Urbana. VALOR: R$ 45.900,00. PRAZO DE VIGÊNCIA: 12 (doze) meses a partir da assinatura.","Transporte"
"MUNICÍPIO - SECRETARIA DE ADMINISTRAÇÃO. EXTRATO DE CONTRATO. Ref. Proc. 0012.0034/2024. PARTES: SECRETARIA MUNICIPAL DE INFRAESTRUTURA X ORGANIZAÇÃO SOCIAL ESPERANÇA. OBJETO: O presente instrumento tem por objeto a Locação de terminais de integração atendendo à população do município, conforme especificações do edital. DOTAÇÃO ORÇAMENTÁRIA: 10.302.0001.2001.33903900. VALOR: R$ 210.000,00.","Transporte"
"PREGÃO ELETRÔNICO Nº 781/2024 - PROCESSO: PMSC-098/24. CONTRATANTE: SECRETARIA MUNICIPAL DE INFRAESTRUTURA. CONTRATADA: TECNOLOGIA INTEGRADA LTDA. OBJETO DO CONTRATO: Contratação de empresa para operação de sistema de bilhetagem eletrônica para a Secretaria de Mobilidade Urbana. VALOR: R$ 89.000,00. PRAZO DE VIGÊNCIA: 12 (doze) meses a partir da assinatura.","Transporte"
"DISPENSA DE LICITAÇÃO Nº 143/2024 - PROCESSO: 2024/09812. CONTRATANTE: MUNICÍPIO DE SÃO JOSÉ DOS CAMPOS. CONTRATADA: TECNOLOGIA INTEGRADA LTDA. OBJETO DO CONTRATO: Concessão de sinalização semafórica para o transporte de servidores em serviço. VALOR: R$ 1.250.000,00. PRAZO DE VIGÊNCIA: 12 (doze) meses a partir da assinatura.","Transporte"
"MUNICÍPIO - SECRETARIA DE ADMINISTRAÇÃO. PREGÃO ELETRÔNICO. Ref. Proc. 0012.0034/2024. PARTES: FUNDO MUNICIPAL DE EDUCAÇÃO X DISTRIBUIDORA DE MEDICAMENTOS BOA SAÚDE. OBJETO: O presente instrumento tem por objeto a Locação de pavimentação de corredores de ônibus visando a melhoria do trânsito, conforme especificações do edital. DOTAÇÃO ORÇAMENTÁRIA: 10.302.0001.2001.33903900. VALOR: R$ 45.900,00.","Transporte"
"INEXIGIBILIDADE DE LICITAÇÃO Nº 159/2024 - PROCESSO: PM-882/2023. CONTRATANTE: SECRETARIA MUNICIPAL DE INFRAESTRUTURA. CONTRATADA: COMERCIAL DE ALIMENTOS UNIÃO EIRELI. OBJETO DO CONTRATO: Contratação de empresa para operação de terminais de integração nos principais corredores viários. VALOR: R$ 89.000,00. PRAZO DE VIGÊNCIA: 12 (doze) meses a partir da assinatura.","Transporte"
"MUNICÍPIO - SECRETARIA DE ADMINISTRAÇÃO. INEXIGIBILIDADE DE LICITAÇÃO. Ref. Proc. 0012.0034/2024. PARTES: PREFEITURA MUNICIPAL X ORGANIZAÇÃO SOCIAL ESPERANÇA. OBJETO: O presente instrumento tem por objeto a Contratação de empresa para operação de sistema de bilhetagem eletrônica atendendo à população do município, conforme especificações do edital. DOTAÇÃO ORÇAMENTÁRIA: 10.302.0001.2001.33903900. VALOR: R$ 15.400,00.","Transporte"
"PREGÃO ELETRÔNICO. PROCESSO INSTRUTIVO: PMSC-098/24. PARTES: PREFEITURA MUNICIPAL e TECNOLOGIA INTEGRADA LTDA. OBJETO: Locação de transporte escolar visando a melhoria do trânsito. VALOR GLOBAL: R$ 1.250.000,00. FUNDAMENTO LEGAL: art. 24, inciso II, da Lei nº 8.666/93. ASSINATURA: 03/06/2026.","Transporte"
"AVISO DE LICITAÇÃO. PROCESSO INSTRUTIVO: PM-882/2023. PARTES: FUNDO MUNICIPAL DE EDUCAÇÃO e TECNOLOGIA INTEGRADA LTDA. OBJETO: Serviços especializados de manutenção de transporte público coletivo para integração modal da cidade. VALOR GLOBAL: R$ 45.900,00. FUNDAMENTO LEGAL: art. 25, caput, da Lei 8.666/93. ASSINATURA: 11/05/2026.","Transporte"
"PREGÃO ELETRÔNICO Nº 968/2024 - PROCESSO: PM-882/2023. CONTRATANTE: SECRETARIA MUNICIPAL DE INFRAESTRUTURA. CONTRATADA: ORGANIZAÇÃO SOCIAL ESPERANÇA. OBJETO DO CONTRATO: Serviços especializados de manutenção de pavimentação de corredores de ônibus atendendo à população do município. VALOR: R$ 89.000,00. PRAZO DE VIGÊNCIA: 12 (doze) meses a partir da assinatura.","Transporte"
"TERMO DE RATIFICAÇÃO DE DISPENSA DE LICITAÇÃO. Processo Administrativo nº PMSC-098/24. Reconheço e ratifico a contratação de VIGILÂNCIA E SEGURANÇA PATRIMONIAL LTDA, inscrita no CNPJ sob nº 38.000.000/0001-00. Objeto: Aquisição de terminais de integração nos principais corredores viários. Valor Estimado: R$ 1.250.000,00, com base na Lei 14.133/2021.","Transporte"
"TOMADA DE PREÇOS. PROCESSO INSTRUTIVO: PMSC-098/24. PARTES: MUNICÍPIO DE SÃO JOSÉ DOS CAMPOS e SERVIÇOS DE LIMPEZA BRASIL S/A. OBJETO: Contratação de empresa para operação de terminais de integração para a Secretaria de Mobilidade Urbana. VALOR GLOBAL: R$ 89.000,00. FUNDAMENTO LEGAL: art. 24, inciso II, da Lei nº 8.666/93. ASSINATURA: 12/06/2026.","Transporte"
"DISPENSA DE LICITAÇÃO. PROCESSO INSTRUTIVO: PMSC-098/24. PARTES: MUNICÍPIO DE SÃO JOSÉ DOS CAMPOS e ORGANIZAÇÃO SOCIAL ESPERANÇA. OBJETO: Concessão de pavimentação de corredores de ônibus visando a melhoria do trânsito. VALOR GLOBAL: R$ 210.000,00. FUNDAMENTO LEGAL: Lei 14.133/2021. ASSINATURA: 05/05/2026.","Transporte"
"TOMADA DE PREÇOS. PROCESSO INSTRUTIVO: 2024/09812. PARTES: SECRETARIA MUNICIPAL DE INFRAESTRUTURA e VIGILÂNCIA E SEGURANÇA PATRIMONIAL LTDA. OBJETO: Concessão de terminais de integração para integração modal da cidade. VALOR GLOBAL: R$ 210.000,00. FUNDAMENTO LEGAL: Lei 14.133/2021. ASSINATURA: 22/07/2026.","Transporte"
"DISPENSA DE LICITAÇÃO Nº 326/2024 - PROCESSO: 0012.0034/2024. CONTRATANTE: FUNDO MUNICIPAL DE SAÚDE. CONTRATADA: COMERCIAL DE ALIMENTOS UNIÃO EIRELI. OBJETO DO CONTRATO: Locação de transporte escolar para a Secretaria de Mobilidade Urbana. VALOR: R$ 15.400,00. PRAZO DE VIGÊNCIA: 12 (doze) meses a partir da assinatura.","Transporte"
"MUNICÍPIO - SECRETARIA DE ADMINISTRAÇÃO. EXTRATO DE CONTRATO. Ref. Proc. PMSC-098/24. PARTES: SECRETARIA MUNICIPAL DE INFRAESTRUTURA X CONSTRUTORA ALPHA LTDA. OBJETO: O presente instrumento tem por objeto a Concessão de vans para transporte de pacientes para os alunos da zona rural, conforme especificações do edital. DOTAÇÃO ORÇAMENTÁRIA: 10.302.0001.2001.33903900. VALOR: R$ 15.400,00.","Transporte"
"MUNICÍPIO - SECRETARIA DE ADMINISTRAÇÃO. INEXIGIBILIDADE DE LICITAÇÃO. Ref. Proc. 112233/2023. PARTES: MUNICÍPIO DE SÃO JOSÉ DOS CAMPOS X TECNOLOGIA INTEGRADA LTDA. OBJETO: O presente instrumento tem por objeto a Prestação de serviços de manutenção de transporte escolar atendendo à população do município, conforme especificações do edital. DOTAÇÃO ORÇAMENTÁRIA: 10.302.0001.2001.33903900. VALOR: R$ 45.900,00.","Transporte"
"EXTRATO DE CONTRATO. PROCESSO INSTRUTIVO: PM-882/2023. PARTES: FUNDO MUNICIPAL DE EDUCAÇÃO e SERVIÇOS DE LIMPEZA BRASIL S/A. OBJETO: Serviços especializados de manutenção de transporte público coletivo nas linhas alimentadoras dos bairros. VALOR GLOBAL: R$ 345.600,00. FUNDAMENTO LEGAL: Lei 14.133/2021. ASSINATURA: 16/06/2026.","Transporte"
"EXTRATO DE CONTRATO. PROCESSO INSTRUTIVO: 112233/2023. PARTES: PREFEITURA MUNICIPAL e CONSTRUTORA ALPHA LTDA. OBJETO: Concessão de frota de ônibus biarticulados para a Secretaria de Mobilidade Urbana. VALOR GLOBAL: R$ 15.400,00. FUNDAMENTO LEGAL: art. 25, caput, da Lei 8.666/93. ASSINATURA: 29/07/2026.","Transporte"
"DISPENSA DE LICITAÇÃO. PROCESSO INSTRUTIVO: 112233/2023. PARTES: PREFEITURA MUNICIPAL e ORGANIZAÇÃO SOCIAL ESPERANÇA. OBJETO: Prestação de serviços de manutenção de terminais de integração visando a melhoria do trânsito. VALOR GLOBAL: R$ 345.600,00. FUNDAMENTO LEGAL: art. 75, inciso II, da Lei nº 14.133/21. ASSINATURA: 19/06/2026.","Transporte"
"EXTRATO DE TERMO ADITIVO. PROCESSO INSTRUTIVO: 2024/09812. PARTES: FUNDO MUNICIPAL DE SAÚDE e ORGANIZAÇÃO SOCIAL ESPERANÇA. OBJETO: Locação de transporte público coletivo para a Secretaria de Mobilidade Urbana. VALOR GLOBAL: R$ 15.400,00. FUNDAMENTO LEGAL: art. 25, caput, da Lei 8.666/93. ASSINATURA: 08/07/2026.","Transporte"
"TOMADA DE PREÇOS. PROCESSO INSTRUTIVO: 0012.0034/2024. PARTES: PREFEITURA MUNICIPAL e SERVIÇOS DE LIMPEZA BRASIL S/A. OBJETO: Aquisição de serviço de táxi e aplicativo para servidores atendendo à população do município. VALOR GLOBAL: R$ 1.250.000,00. FUNDAMENTO LEGAL: art. 24, inciso II, da Lei nº 8.666/93. ASSINATURA: 30/04/2026.","Transporte"
"EXTRATO DE REGISTRO DE PREÇOS. PROCESSO INSTRUTIVO: PM-882/2023. PARTES: FUNDO MUNICIPAL DE EDUCAÇÃO e CONSTRUTORA ALPHA LTDA. OBJETO: Aquisição de sistema de bilhetagem eletrônica nas linhas alimentadoras dos bairros. VALOR GLOBAL: R$ 89.000,00. FUNDAMENTO LEGAL: art. 24, inciso II, da Lei nº 8.666/93. ASSINATURA: 29/04/2026.","Transporte"
"TERMO DE RATIFICAÇÃO DE AVISO DE LICITAÇÃO. Processo Administrativo nº 112233/2023. Reconheço e ratifico a contratação de CONSTRUTORA ALPHA LTDA, inscrita no CNPJ sob nº 18.000.000/0001-00. Objeto: Aquisição de abrigos de ônibus para o transporte de servidores em serviço. Valor Estimado: R$ 45.900,00, com base na art. 24, inciso II, da Lei nº 8.666/93.","Transporte"
"EXTRATO DE CONTRATO Nº 953/2024 - PROCESSO: 2024/09812. CONTRATANTE: PREFEITURA MUNICIPAL. CONTRATADA: COMERCIAL DE ALIMENTOS UNIÃO EIRELI. OBJETO DO CONTRATO: Aquisição de serviço de táxi e aplicativo para servidores nos principais corredores viários. VALOR: R$ 45.900,00. PRAZO DE VIGÊNCIA: 12 (doze) meses a partir da assinatura.","Transporte"
"MUNICÍPIO - SECRETARIA DE ADMINISTRAÇÃO. TOMADA DE PREÇOS. Ref. Proc. PM-882/2023. PARTES: MUNICÍPIO DE SÃO JOSÉ DOS CAMPOS X ORGANIZAÇÃO SOCIAL ESPERANÇA. OBJETO: O presente instrumento tem por objeto a Prestação de serviços de manutenção de sinalização semafórica visando a melhoria do trânsito, conforme especificações do edital. DOTAÇÃO ORÇAMENTÁRIA: 10.302.0001.2001.33903900. VALOR: R$ 210.000,00.","Transporte"
"TERMO DE RATIFICAÇÃO DE EXTRATO DE REGISTRO DE PREÇOS. Processo Administrativo nº 112233/2023. Reconheço e ratifico a contratação de DISTRIBUIDORA DE MEDICAMENTOS BOA SAÚDE, inscrita no CNPJ sob nº 37.000.000/0001-00. Objeto: Concessão de terminais de integração nos principais corredores viários. Valor Estimado: R$ 210.000,00, com base na art. 24, inciso II, da Lei nº 8.666/93.","Transporte"
"TOMADA DE PREÇOS. PROCESSO INSTRUTIVO: PM-882/2023. PARTES: FUNDO MUNICIPAL DE EDUCAÇÃO e TECNOLOGIA INTEGRADA LTDA. OBJETO: Concessão de sinalização semafórica para a Secretaria de Mobilidade Urbana. VALOR GLOBAL: R$ 1.250.000,00. FUNDAMENTO LEGAL: art. 75, inciso II, da Lei nº 14.133/21. ASSINATURA: 05/05/2026.","Transporte"
"EXTRATO DE REGISTRO DE PREÇOS. PROCESSO INSTRUTIVO: 0012.0034/2024. PARTES: FUNDO MUNICIPAL DE SAÚDE e COMERCIAL DE ALIMENTOS UNIÃO EIRELI. OBJETO: Contratação de empresa para operação de abrigos de ônibus atendendo à população do município. VALOR GLOBAL: R$ 210.000,00. FUNDAMENTO LEGAL: art. 75, inciso II, da Lei nº 14.133/21. ASSINATURA: 25/05/2026.","Transporte"
"MUNICÍPIO - SECRETARIA DE ADMINISTRAÇÃO. DISPENSA DE LICITAÇÃO. Ref. Proc. 2024/09812. PARTES: MUNICÍPIO DE SÃO JOSÉ DOS CAMPOS X CONSTRUTORA ALPHA LTDA. OBJETO: O presente instrumento tem por objeto a Concessão de sistema de bilhetagem eletrônica visando a melhoria do trânsito, conforme especificações do edital. DOTAÇÃO ORÇAMENTÁRIA: 10.302.0001.2001.33903900. VALOR: R$ 15.400,00.","Transporte"
"EXTRATO DE REGISTRO DE PREÇOS. PROCESSO INSTRUTIVO: 2024/09812. PARTES: FUNDO MUNICIPAL DE SAÚDE e VIGILÂNCIA E SEGURANÇA PATRIMONIAL LTDA. OBJETO: Contratação de empresa para operação de sinalização semafórica nos principais corredores viários. VALOR GLOBAL: R$ 5.600.000,00. FUNDAMENTO LEGAL: art. 24, inciso II, da Lei nº 8.666/93. ASSINATURA: 05/05/2026.","Transporte"
"AVISO DE LICITAÇÃO. PROCESSO INSTRUTIVO: PMSC-098/24. PARTES: MUNICÍPIO DE SÃO JOSÉ DOS CAMPOS e COMERCIAL DE ALIMENTOS UNIÃO EIRELI. OBJETO: Locação de vans para transporte de pacientes nos principais corredores viários. VALOR GLOBAL: R$ 5.600.000,00. FUNDAMENTO LEGAL: art. 24, inciso II, da Lei nº 8.666/93. ASSINATURA: 28/05/2026.","Transporte"
"PREGÃO ELETRÔNICO. PROCESSO INSTRUTIVO: PMSC-098/24. PARTES: FUNDO MUNICIPAL DE SAÚDE e CONSTRUTORA ALPHA LTDA. OBJETO: Locação de vans para transporte de pacientes nas linhas alimentadoras dos bairros. VALOR GLOBAL: R$ 15.400,00. FUNDAMENTO LEGAL: art. 25, caput, da Lei 8.666/93. ASSINATURA: 05/05/2026.","Transporte"
"EXTRATO DE TERMO ADITIVO Nº 230/2024 - PROCESSO: PMSC-098/24. CONTRATANTE: FUNDO MUNICIPAL DE EDUCAÇÃO. CONTRATADA: SERVIÇOS DE LIMPEZA BRASIL S/A. OBJETO DO CONTRATO: Contratação de empresa para operação de sistema de bilhetagem eletrônica para os alunos da zona rural. VALOR: R$ 45.900,00. PRAZO DE VIGÊNCIA: 12 (doze) meses a partir da assinatura.","Transporte"
"EXTRATO DE CONTRATO. PROCESSO INSTRUTIVO: 2023/00456. PARTES: FUNDO MUNICIPAL DE SAÚDE e SERVIÇOS DE LIMPEZA BRASIL S/A. OBJETO: Concessão de sistema de bilhetagem eletrônica nos principais corredores viários. VALOR GLOBAL: R$ 89.000,00. FUNDAMENTO LEGAL: art. 75, inciso II, da Lei nº 14.133/21. ASSINATURA: 20/06/2026.","Transporte"
"EXTRATO DE REGISTRO DE PREÇOS Nº 178/2024 - PROCESSO: 2024/09812. CONTRATANTE: FUNDO MUNICIPAL DE EDUCAÇÃO. CONTRATADA: CONSTRUTORA ALPHA LTDA. OBJETO DO CONTRATO: Contratação de empresa para operação de sinalização semafórica para integração modal da cidade. VALOR: R$ 89.000,00. PRAZO DE VIGÊNCIA: 12 (doze) meses a partir da assinatura.","Transporte"
"DISPENSA DE LICITAÇÃO. PROCESSO INSTRUTIVO: PM-882/2023. PARTES: SECRETARIA MUNICIPAL DE INFRAESTRUTURA e TECNOLOGIA INTEGRADA LTDA. OBJETO: Contratação de empresa para operação de transporte escolar para integração modal da cidade. VALOR GLOBAL: R$ 89.000,00. FUNDAMENTO LEGAL: Lei 14.133/2021. ASSINATURA: 31/07/2026.","Transporte"
"MUNICÍPIO - SECRETARIA DE ADMINISTRAÇÃO. EXTRATO DE REGISTRO DE PREÇOS. Ref. Proc. PMSC-098/24. PARTES: FUNDO MUNICIPAL DE SAÚDE X ORGANIZAÇÃO SOCIAL ESPERANÇA. OBJETO: O presente instrumento tem por objeto a Locação de transporte público coletivo atendendo à população do município, conforme especificações do edital. DOTAÇÃO ORÇAMENTÁRIA: 10.302.0001.2001.33903900. VALOR: R$ 89.000,00.","Transporte"
"TERMO DE RATIFICAÇÃO DE AVISO DE LICITAÇÃO. Processo Administrativo nº PMSC-098/24. Reconheço e ratifico a contratação de SERVIÇOS DE LIMPEZA BRASIL S/A, inscrita no CNPJ sob nº 85.000.000/0001-00. Objeto: Contratação de empresa para operação de sistema de bilhetagem eletrônica para o transporte de servidores em serviço. Valor Estimado: R$ 5.600.000,00, com base na art. 25, caput, da Lei 8.666/93.","Transporte"
"MUNICÍPIO - SECRETARIA DE ADMINISTRAÇÃO. INEXIGIBILIDADE DE LICITAÇÃO. Ref. Proc. 2023/00456. PARTES: FUNDO MUNICIPAL DE EDUCAÇÃO X VIGILÂNCIA E SEGURANÇA PATRIMONIAL LTDA. OBJETO: O presente instrumento tem por objeto a Aquisição de transporte escolar nos principais corredores viários, conforme especificações do edital. DOTAÇÃO ORÇAMENTÁRIA: 10.302.0001.2001.33903900. VALOR: R$ 89.000,00.","Transporte"
"TERMO DE RATIFICAÇÃO DE PREGÃO ELETRÔNICO. Processo Administrativo nº 2024/09812. Reconheço e ratifico a contratação de VIGILÂNCIA E SEGURANÇA PATRIMONIAL LTDA, inscrita no CNPJ sob nº 92.000.000/0001-00. Objeto: Serviços especializados de manutenção de frota de ônibus biarticulados nas linhas alimentadoras dos bairros. Valor Estimado: R$ 15.400,00, com base na art. 75, inciso II, da Lei nº 14.133/21.","Transporte"
"MUNICÍPIO - SECRETARIA DE ADMINISTRAÇÃO. TOMADA DE PREÇOS. Ref. Proc. 0012.0034/2024. PARTES: FUNDO MUNICIPAL DE SAÚDE X COMERCIAL DE ALIMENTOS UNIÃO EIRELI. OBJETO: O presente instrumento tem por objeto a Serviços especializados de manutenção de vans para transporte de pacientes atendendo à população do município, conforme especificações do edital. DOTAÇÃO ORÇAMENTÁRIA: 10.302.0001.2001.33903900. VALOR: R$ 89.000,00.","Transporte"
"TERMO DE RATIFICAÇÃO DE PREGÃO ELETRÔNICO. Processo Administrativo nº 2023/00456. Reconheço e ratifico a contratação de VIGILÂNCIA E SEGURANÇA PATRIMONIAL LTDA, inscrita no CNPJ sob nº 21.000.000/0001-00. Objeto: Concessão de transporte público coletivo para os alunos da zona rural. Valor Estimado: R$ 5.600.000,00, com base na art. 25, caput, da Lei 8.666/93.","Transporte"
"TERMO DE RATIFICAÇÃO DE EXTRATO DE TERMO ADITIVO. Processo Administrativo nº 112233/2023. Reconheço e ratifico a contratação de CONSTRUTORA ALPHA LTDA, inscrita no CNPJ sob nº 81.000.000/0001-00. Objeto: Locação de terminais de integração nas linhas alimentadoras dos bairros. Valor Estimado: R$ 210.000,00, com base na art. 75, inciso II, da Lei nº 14.133/21.","Transporte"
"MUNICÍPIO - SECRETARIA DE ADMINISTRAÇÃO. INEXIGIBILIDADE DE LICITAÇÃO. Ref. Proc. PM-882/2023. PARTES: PREFEITURA MUNICIPAL X DISTRIBUIDORA DE MEDICAMENTOS BOA SAÚDE. OBJETO: O presente instrumento tem por objeto a Contratação de empresa para operação de sistema de bilhetagem eletrônica visando a melhoria do trânsito, conforme especificações do edital. DOTAÇÃO ORÇAMENTÁRIA: 10.302.0001.2001.33903900. VALOR: R$ 89.000,00.","Transporte"
"TERMO DE RATIFICAÇÃO DE EXTRATO DE TERMO ADITIVO. Processo Administrativo nº PMSC-098/24. Reconheço e ratifico a contratação de DISTRIBUIDORA DE MEDICAMENTOS BOA SAÚDE, inscrita no CNPJ sob nº 44.000.000/0001-00. Objeto: Serviços especializados de manutenção de vans para transporte de pacientes nas linhas alimentadoras dos bairros. Valor Estimado: R$ 210.000,00, com base na art. 24, inciso II, da Lei nº 8.666/93.","Transporte"
"DISPENSA DE LICITAÇÃO. PROCESSO INSTRUTIVO: PMSC-098/24. PARTES: FUNDO MUNICIPAL DE SAÚDE e VIGILÂNCIA E SEGURANÇA PATRIMONIAL LTDA. OBJETO: Contratação de empresa para operação de vans para transporte de pacientes nos principais corredores viários. VALOR GLOBAL: R$ 45.900,00. FUNDAMENTO LEGAL: art. 25, caput, da Lei 8.666/93. ASSINATURA: 03/05/2026.","Transporte"
"TERMO DE RATIFICAÇÃO DE EXTRATO DE TERMO ADITIVO. Processo Administrativo nº PMSC-098/24. Reconheço e ratifico a contratação de SERVIÇOS DE LIMPEZA BRASIL S/A, inscrita no CNPJ sob nº 83.000.000/0001-00. Objeto: Aquisição de abrigos de ônibus atendendo à população do município. Valor Estimado: R$ 5.600.000,00, com base na art. 25, caput, da Lei 8.666/93.","Transporte"
"TOMADA DE PREÇOS. PROCESSO INSTRUTIVO: PMSC-098/24. PARTES: SECRETARIA MUNICIPAL DE INFRAESTRUTURA e VIGILÂNCIA E SEGURANÇA PATRIMONIAL LTDA. OBJETO: Contratação de empresa para operação de transporte público coletivo visando a melhoria do trânsito. VALOR GLOBAL: R$ 210.000,00. FUNDAMENTO LEGAL: art. 75, inciso II, da Lei nº 14.133/21. ASSINATURA: 22/06/2026.","Transporte"
"EXTRATO DE CONTRATO Nº 24/2024 - PROCESSO: 112233/2023. CONTRATANTE: SECRETARIA MUNICIPAL DE INFRAESTRUTURA. CONTRATADA: VIGILÂNCIA E SEGURANÇA PATRIMONIAL LTDA. OBJETO DO CONTRATO: Aquisição de vans para transporte de pacientes atendendo à população do município. VALOR: R$ 210.000,00. PRAZO DE VIGÊNCIA: 12 (doze) meses a partir da assinatura.","Transporte"
"DISPENSA DE LICITAÇÃO. PROCESSO INSTRUTIVO: PMSC-098/24. PARTES: FUNDO MUNICIPAL DE SAÚDE e DISTRIBUIDORA DE MEDICAMENTOS BOA SAÚDE. OBJETO: Concessão de terminais de integração para o transporte de servidores em serviço. VALOR GLOBAL: R$ 5.600.000,00. FUNDAMENTO LEGAL: art. 24, inciso II, da Lei nº 8.666/93. ASSINATURA: 30/05/2026.","Transporte"
"TERMO DE RATIFICAÇÃO DE EXTRATO DE CONTRATO. Processo Administrativo nº PMSC-098/24. Reconheço e ratifico a contratação de SERVIÇOS DE LIMPEZA BRASIL S/A, inscrita no CNPJ sob nº 35.000.000/0001-00. Objeto: Aquisição de frota de ônibus biarticulados para a Secretaria de Mobilidade Urbana. Valor Estimado: R$ 45.900,00, com base na art. 75, inciso II, da Lei nº 14.133/21.","Transporte"
"MUNICÍPIO - SECRETARIA DE ADMINISTRAÇÃO. INEXIGIBILIDADE DE LICITAÇÃO. Ref. Proc. 112233/2023. PARTES: SECRETARIA MUNICIPAL DE INFRAESTRUTURA X SERVIÇOS DE LIMPEZA BRASIL S/A. OBJETO: O presente instrumento tem por objeto a Locação de serviço de táxi e aplicativo para servidores nas linhas alimentadoras dos bairros, conforme especificações do edital. DOTAÇÃO ORÇAMENTÁRIA: 10.302.0001.2001.33903900. VALOR: R$ 45.900,00.","Transporte"
"EXTRATO DE TERMO ADITIVO. PROCESSO INSTRUTIVO: 0012.0034/2024. PARTES: PREFEITURA MUNICIPAL e COMERCIAL DE ALIMENTOS UNIÃO EIRELI. OBJETO: Prestação de serviços de manutenção de frota de ônibus biarticulados visando a melhoria do trânsito. VALOR GLOBAL: R$ 45.900,00. FUNDAMENTO LEGAL: art. 24, inciso II, da Lei nº 8.666/93. ASSINATURA: 29/07/2026.","Transporte"
"MUNICÍPIO - SECRETARIA DE ADMINISTRAÇÃO. TOMADA DE PREÇOS. Ref. Proc. 2024/09812. PARTES: SECRETARIA MUNICIPAL DE INFRAESTRUTURA X TECNOLOGIA INTEGRADA LTDA. OBJETO: O presente instrumento tem por objeto a Serviços especializados de manutenção de sistema de bilhetagem eletrônica nos principais corredores viários, conforme especificações do edital. DOTAÇÃO ORÇAMENTÁRIA: 10.302.0001.2001.33903900. VALOR: R$ 15.400,00.","Transporte"
"TERMO DE RATIFICAÇÃO DE TOMADA DE PREÇOS. Processo Administrativo nº 2023/00456. Reconheço e ratifico a contratação de ORGANIZAÇÃO SOCIAL ESPERANÇA, inscrita no CNPJ sob nº 83.000.000/0001-00. Objeto: Aquisição de sistema de bilhetagem eletrônica para o transporte de servidores em serviço. Valor Estimado: R$ 89.000,00, com base na art. 25, caput, da Lei 8.666/93.","Transporte"
"MUNICÍPIO - SECRETARIA DE ADMINISTRAÇÃO. EXTRATO DE CONTRATO. Ref. Proc. PMSC-098/24. PARTES: FUNDO MUNICIPAL DE SAÚDE X ORGANIZAÇÃO SOCIAL ESPERANÇA. OBJETO: O presente instrumento tem por objeto a Contratação de empresa para operação de sinalização semafórica atendendo à população do município, conforme especificações do edital. DOTAÇÃO ORÇAMENTÁRIA: 10.302.0001.2001.33903900. VALOR: R$ 45.900,00.","Transporte"
"MUNICÍPIO - SECRETARIA DE ADMINISTRAÇÃO. EXTRATO DE REGISTRO DE PREÇOS. Ref. Proc. 112233/2023. PARTES: MUNICÍPIO DE SÃO JOSÉ DOS CAMPOS X TECNOLOGIA INTEGRADA LTDA. OBJETO: O presente instrumento tem por objeto a Locação de abrigos de ônibus nos principais corredores viários, conforme especificações do edital. DOTAÇÃO ORÇAMENTÁRIA: 10.302.0001.2001.33903900. VALOR: R$ 1.250.000,00.","Transporte"
"MUNICÍPIO - SECRETARIA DE ADMINISTRAÇÃO. TOMADA DE PREÇOS. Ref. Proc. 112233/2023. PARTES: PREFEITURA MUNICIPAL X TECNOLOGIA INTEGRADA LTDA. OBJETO: O presente instrumento tem por objeto a Concessão de abrigos de ônibus para a Secretaria de Mobilidade Urbana, conforme especificações do edital. DOTAÇÃO ORÇAMENTÁRIA: 10.302.0001.2001.33903900. VALOR: R$ 210.000,00.","Transporte"
"EXTRATO DE CONTRATO Nº 477/2024 - PROCESSO: 2023/00456. CONTRATANTE: FUNDO MUNICIPAL DE SAÚDE. CONTRATADA: DISTRIBUIDORA DE MEDICAMENTOS BOA SAÚDE. OBJETO DO CONTRATO: Serviços especializados de manutenção de vans para transporte de pacientes para o transporte de servidores em serviço. VALOR: R$ 210.000,00. PRAZO DE VIGÊNCIA: 12 (doze) meses a partir da assinatura.","Transporte"
"MUNICÍPIO - SECRETARIA DE ADMINISTRAÇÃO. EXTRATO DE CONTRATO. Ref. Proc. PMSC-098/24. PARTES: MUNICÍPIO DE SÃO JOSÉ DOS CAMPOS X COMERCIAL DE ALIMENTOS UNIÃO EIRELI. OBJETO: O presente instrumento tem por objeto a Contratação de empresa para operação de terminais de integração nas linhas alimentadoras dos bairros, conforme especificações do edital. DOTAÇÃO ORÇAMENTÁRIA: 10.302.0001.2001.33903900. VALOR: R$ 5.600.000,00.","Transporte"
"TERMO DE RATIFICAÇÃO DE EXTRATO DE REGISTRO DE PREÇOS. Processo Administrativo nº 112233/2023. Reconheço e ratifico a contratação de COMERCIAL DE ALIMENTOS UNIÃO EIRELI, inscrita no CNPJ sob nº 32.000.000/0001-00. Objeto: Contratação de obra de engenharia para reforma de terminal rodoviário conforme cronograma de obras e melhorias. Valor Estimado: R$ 89.000,00, com base na Lei 14.133/2021.","Infraestrutura"
"TERMO DE RATIFICAÇÃO DE EXTRATO DE CONTRATO. Processo Administrativo nº 2023/00456. Reconheço e ratifico a contratação de COMERCIAL DE ALIMENTOS UNIÃO EIRELI, inscrita no CNPJ sob nº 95.000.000/0001-00. Objeto: Contratação de empresa especializada para construção de ponte atendendo a Secretaria de Obras. Valor Estimado: R$ 210.000,00, com base na art. 24, inciso II, da Lei nº 8.666/93.","Infraestrutura"
"EXTRATO DE REGISTRO DE PREÇOS. PROCESSO INSTRUTIVO: PM-882/2023. PARTES: FUNDO MUNICIPAL DE EDUCAÇÃO e TECNOLOGIA INTEGRADA LTDA. OBJETO: Prestação de serviços drenagem de águas pluviais no perímetro urbano do município. VALOR GLOBAL: R$ 5.600.000,00. FUNDAMENTO LEGAL: art. 75, inciso II, da Lei nº 14.133/21. ASSINATURA: 19/07/2026.","Infraestrutura"
"INEXIGIBILIDADE DE LICITAÇÃO. PROCESSO INSTRUTIVO: PMSC-098/24. PARTES: FUNDO MUNICIPAL DE EDUCAÇÃO e COMERCIAL DE ALIMENTOS UNIÃO EIRELI. OBJETO: Contratação de obra de engenharia para drenagem de águas pluviais conforme cronograma de obras e melhorias. VALOR GLOBAL: R$ 45.900,00. FUNDAMENTO LEGAL: art. 24, inciso II, da Lei nº 8.666/93. ASSINATURA: 18/05/2026.","Infraestrutura"
"MUNICÍPIO - SECRETARIA DE ADMINISTRAÇÃO. PREGÃO ELETRÔNICO. Ref. Proc. PMSC-098/24. PARTES: MUNICÍPIO DE SÃO JOSÉ DOS CAMPOS X VIGILÂNCIA E SEGURANÇA PATRIMONIAL LTDA. OBJETO: O presente instrumento tem por objeto a Prestação de serviços construção de ciclovias nas principais vias do centro da cidade, conforme especificações do edital. DOTAÇÃO ORÇAMENTÁRIA: 10.302.0001.2001.33903900. VALOR: R$ 45.900,00.","Infraestrutura"
"AVISO DE LICITAÇÃO Nº 88/2024 - PROCESSO: 2023/00456. CONTRATANTE: MUNICÍPIO DE SÃO JOSÉ DOS CAMPOS. CONTRATADA: SERVIÇOS DE LIMPEZA BRASIL S/A. OBJETO DO CONTRATO: Prestação de serviços sinalização viária conforme cronograma de obras e melhorias. VALOR: R$ 210.000,00. PRAZO DE VIGÊNCIA: 12 (doze) meses a partir da assinatura.","Infraestrutura"
"TERMO DE RATIFICAÇÃO DE EXTRATO DE CONTRATO. Processo Administrativo nº PM-882/2023. Reconheço e ratifico a contratação de TECNOLOGIA INTEGRADA LTDA, inscrita no CNPJ sob nº 53.000.000/0001-00. Objeto: Registro de preços para serviços sinalização viária nos bairros da zona sul. Valor Estimado: R$ 210.000,00, com base na Lei 14.133/2021.","Infraestrutura"
"MUNICÍPIO - SECRETARIA DE ADMINISTRAÇÃO. TOMADA DE PREÇOS. Ref. Proc. PMSC-098/24. PARTES: FUNDO MUNICIPAL DE SAÚDE X TECNOLOGIA INTEGRADA LTDA. OBJETO: O presente instrumento tem por objeto a Contratação de serviços manutenção da iluminação pública atendendo a Secretaria de Obras, conforme especificações do edital. DOTAÇÃO ORÇAMENTÁRIA: 10.302.0001.2001.33903900. VALOR: R$ 45.900,00.","Infraestrutura"
"EXTRATO DE TERMO ADITIVO Nº 95/2024 - PROCESSO: 2023/00456. CONTRATANTE: PREFEITURA MUNICIPAL. CONTRATADA: SERVIÇOS DE LIMPEZA BRASIL S/A. OBJETO DO CONTRATO: Execução de obra de drenagem de águas pluviais na área central do município. VALOR: R$ 345.600,00. PRAZO DE VIGÊNCIA: 12 (doze) meses a partir da assinatura.","Infraestrutura"
"PREGÃO ELETRÔNICO. PROCESSO INSTRUTIVO: PMSC-098/24. PARTES: SECRETARIA MUNICIPAL DE INFRAESTRUTURA e COMERCIAL DE ALIMENTOS UNIÃO EIRELI. OBJETO: Contratação de empresa especializada para recapeamento asfáltico nas principais vias do centro da cidade. VALOR GLOBAL: R$ 210.000,00. FUNDAMENTO LEGAL: art. 24, inciso II, da Lei nº 8.666/93. ASSINATURA: 10/05/2026.","Infraestrutura"
"EXTRATO DE CONTRATO. PROCESSO INSTRUTIVO: 0012.0034/2024. PARTES: SECRETARIA MUNICIPAL DE INFRAESTRUTURA e TECNOLOGIA INTEGRADA LTDA. OBJETO: Execução de obra de reforma de terminal rodoviário atendendo a Secretaria de Obras. VALOR GLOBAL: R$ 1.250.000,00. FUNDAMENTO LEGAL: Lei 14.133/2021. ASSINATURA: 28/04/2026.","Infraestrutura"
"TERMO DE RATIFICAÇÃO DE EXTRATO DE TERMO ADITIVO. Processo Administrativo nº 0012.0034/2024. Reconheço e ratifico a contratação de ORGANIZAÇÃO SOCIAL ESPERANÇA, inscrita no CNPJ sob nº 85.000.000/0001-00. Objeto: Prestação de serviços revitalização de praças atendendo a Secretaria de Obras. Valor Estimado: R$ 45.900,00, com base na art. 75, inciso II, da Lei nº 14.133/21.","Infraestrutura"
"AVISO DE LICITAÇÃO. PROCESSO INSTRUTIVO: PM-882/2023. PARTES: FUNDO MUNICIPAL DE SAÚDE e DISTRIBUIDORA DE MEDICAMENTOS BOA SAÚDE. OBJETO: Execução de obra de recapeamento asfáltico conforme cronograma de obras e melhorias. VALOR GLOBAL: R$ 1.250.000,00. FUNDAMENTO LEGAL: art. 24, inciso II, da Lei nº 8.666/93. ASSINATURA: 03/07/2026.","Infraestrutura"
"MUNICÍPIO - SECRETARIA DE ADMINISTRAÇÃO. DISPENSA DE LICITAÇÃO. Ref. Proc. 0012.0034/2024. PARTES: MUNICÍPIO DE SÃO JOSÉ DOS CAMPOS X ORGANIZAÇÃO SOCIAL ESPERANÇA. OBJETO: O presente instrumento tem por objeto a Contratação de serviços manutenção da iluminação pública nas principais vias do centro da cidade, conforme especificações do edital. DOTAÇÃO ORÇAMENTÁRIA: 10.302.0001.2001.33903900. VALOR: R$ 45.900,00.","Infraestrutura"
"INEXIGIBILIDADE DE LICITAÇÃO. PROCESSO INSTRUTIVO: PM-882/2023. PARTES: FUNDO MUNICIPAL DE SAÚDE e ORGANIZAÇÃO SOCIAL ESPERANÇA. OBJETO: Execução de obra de pavimentação asfáltica e operação tapa-buraco na Avenida das Américas e vias adjacentes. VALOR GLOBAL: R$ 15.400,00. FUNDAMENTO LEGAL: art. 25, caput, da Lei 8.666/93. ASSINATURA: 04/08/2026.","Infraestrutura"
"INEXIGIBILIDADE DE LICITAÇÃO. PROCESSO INSTRUTIVO: 112233/2023. PARTES: FUNDO MUNICIPAL DE EDUCAÇÃO e VIGILÂNCIA E SEGURANÇA PATRIMONIAL LTDA. OBJETO: Contratação de empresa especializada para manutenção da iluminação pública nas principais vias do centro da cidade. VALOR GLOBAL: R$ 89.000,00. FUNDAMENTO LEGAL: Lei 14.133/2021. ASSINATURA: 07/06/2026.","Infraestrutura"
"TERMO DE RATIFICAÇÃO DE INEXIGIBILIDADE DE LICITAÇÃO. Processo Administrativo nº 2024/09812. Reconheço e ratifico a contratação de COMERCIAL DE ALIMENTOS UNIÃO EIRELI, inscrita no CNPJ sob nº 34.000.000/0001-00. Objeto: Registro de preços para serviços recapeamento asfáltico nos bairros da zona sul. Valor Estimado: R$ 345.600,00, com base na art. 75, inciso II, da Lei nº 14.133/21.","Infraestrutura"
"MUNICÍPIO - SECRETARIA DE ADMINISTRAÇÃO. EXTRATO DE CONTRATO. Ref. Proc. PM-882/2023. PARTES: FUNDO MUNICIPAL DE EDUCAÇÃO X CONSTRUTORA ALPHA LTDA. OBJETO: O presente instrumento tem por objeto a Contratação de obra de engenharia para ampliação da rede de esgoto no perímetro urbano do município, conforme especificações do edital. DOTAÇÃO ORÇAMENTÁRIA: 10.302.0001.2001.33903900. VALOR: R$ 210.000,00.","Infraestrutura"
"TERMO DE RATIFICAÇÃO DE PREGÃO ELETRÔNICO. Processo Administrativo nº 0012.0034/2024. Reconheço e ratifico a contratação de TECNOLOGIA INTEGRADA LTDA, inscrita no CNPJ sob nº 69.000.000/0001-00. Objeto: Contratação de obra de engenharia para construção de ponte atendendo a Secretaria de Obras. Valor Estimado: R$ 45.900,00, com base na art. 25, caput, da Lei 8.666/93.","Infraestrutura"
"PREGÃO ELETRÔNICO. PROCESSO INSTRUTIVO: 0012.0034/2024. PARTES: SECRETARIA MUNICIPAL DE INFRAESTRUTURA e TECNOLOGIA INTEGRADA LTDA. OBJETO: Registro de preços para serviços ampliação da rede de esgoto na Avenida das Américas e vias adjacentes. VALOR GLOBAL: R$ 45.900,00. FUNDAMENTO LEGAL: Lei 14.133/2021. ASSINATURA: 20/05/2026.","Infraestrutura"
"EXTRATO DE CONTRATO Nº 478/2024 - PROCESSO: 112233/2023. CONTRATANTE: MUNICÍPIO DE SÃO JOSÉ DOS CAMPOS. CONTRATADA: ORGANIZAÇÃO SOCIAL ESPERANÇA. OBJETO DO CONTRATO: Registro de preços para serviços ampliação da rede de esgoto no perímetro urbano do município. VALOR: R$ 210.000,00. PRAZO DE VIGÊNCIA: 12 (doze) meses a partir da assinatura.","Infraestrutura"
"AVISO DE LICITAÇÃO. PROCESSO INSTRUTIVO: 2023/00456. PARTES: FUNDO MUNICIPAL DE EDUCAÇÃO e ORGANIZAÇÃO SOCIAL ESPERANÇA. OBJETO: Contratação de serviços pavimentação asfáltica e operação tapa-buraco na Avenida das Américas e vias adjacentes. VALOR GLOBAL: R$ 89.000,00. FUNDAMENTO LEGAL: art. 24, inciso II, da Lei nº 8.666/93. ASSINATURA: 04/06/2026.","Infraestrutura"
"TOMADA DE PREÇOS Nº 478/2024 - PROCESSO: 0012.0034/2024. CONTRATANTE: SECRETARIA MUNICIPAL DE INFRAESTRUTURA. CONTRATADA: SERVIÇOS DE LIMPEZA BRASIL S/A. OBJETO DO CONTRATO: Registro de preços para serviços pavimentação asfáltica e operação tapa-buraco em diversas ruas da cidade. VALOR: R$ 45.900,00. PRAZO DE VIGÊNCIA: 12 (doze) meses a partir da assinatura.","Infraestrutura"
"MUNICÍPIO - SECRETARIA DE ADMINISTRAÇÃO. EXTRATO DE REGISTRO DE PREÇOS. Ref. Proc. 0012.0034/2024. PARTES: FUNDO MUNICIPAL DE SAÚDE X COMERCIAL DE ALIMENTOS UNIÃO EIRELI. OBJETO: O presente instrumento tem por objeto a Execução de obra de sinalização viária nas principais vias do centro da cidade, conforme especificações do edital. DOTAÇÃO ORÇAMENTÁRIA: 10.302.0001.2001.33903900. VALOR: R$ 345.600,00.","Infraestrutura"
"TERMO DE RATIFICAÇÃO DE EXTRATO DE REGISTRO DE PREÇOS. Processo Administrativo nº 2023/00456. Reconheço e ratifico a contratação de CONSTRUTORA ALPHA LTDA, inscrita no CNPJ sob nº 23.000.000/0001-00. Objeto: Execução de obra de construção de ciclovias conforme cronograma de obras e melhorias. Valor Estimado: R$ 15.400,00, com base na art. 24, inciso II, da Lei nº 8.666/93.","Infraestrutura"
"TERMO DE RATIFICAÇÃO DE PREGÃO ELETRÔNICO. Processo Administrativo nº 2024/09812. Reconheço e ratifico a contratação de VIGILÂNCIA E SEGURANÇA PATRIMONIAL LTDA, inscrita no CNPJ sob nº 79.000.000/0001-00. Objeto: Prestação de serviços sinalização viária na área central do município. Valor Estimado: R$ 210.000,00, com base na art. 25, caput, da Lei 8.666/93.","Infraestrutura"
"AVISO DE LICITAÇÃO Nº 247/2024 - PROCESSO: 2024/09812. CONTRATANTE: SECRETARIA MUNICIPAL DE INFRAESTRUTURA. CONTRATADA: CONSTRUTORA ALPHA LTDA. OBJETO DO CONTRATO: Contratação de serviços construção de ciclovias atendendo a Secretaria de Obras. VALOR: R$ 89.000,00. PRAZO DE VIGÊNCIA: 12 (doze) meses a partir da assinatura.","Infraestrutura"
"DISPENSA DE LICITAÇÃO. PROCESSO INSTRUTIVO: 112233/2023. PARTES: FUNDO MUNICIPAL DE EDUCAÇÃO e TECNOLOGIA INTEGRADA LTDA. OBJETO: Contratação de obra de engenharia para construção de ciclovias atendendo a Secretaria de Obras. VALOR GLOBAL: R$ 45.900,00. FUNDAMENTO LEGAL: art. 75, inciso II, da Lei nº 14.133/21. ASSINATURA: 30/07/2026.","Infraestrutura"
"EXTRATO DE CONTRATO Nº 402/2024 - PROCESSO: 0012.0034/2024. CONTRATANTE: FUNDO MUNICIPAL DE EDUCAÇÃO. CONTRATADA: DISTRIBUIDORA DE MEDICAMENTOS BOA SAÚDE. OBJETO DO CONTRATO: Contratação de empresa especializada para sinalização viária no perímetro urbano do município. VALOR: R$ 5.600.000,00. PRAZO DE VIGÊNCIA: 12 (doze) meses a partir da assinatura.","Infraestrutura"
"MUNICÍPIO - SECRETARIA DE ADMINISTRAÇÃO. EXTRATO DE TERMO ADITIVO. Ref. Proc. 2024/09812. PARTES: FUNDO MUNICIPAL DE SAÚDE X VIGILÂNCIA E SEGURANÇA PATRIMONIAL LTDA. OBJETO: O presente instrumento tem por objeto a Registro de preços para serviços drenagem de águas pluviais conforme cronograma de obras e melhorias, conforme especificações do edital. DOTAÇÃO ORÇAMENTÁRIA: 10.302.0001.2001.33903900. VALOR: R$ 5.600.000,00.","Infraestrutura"
"TERMO DE RATIFICAÇÃO DE TOMADA DE PREÇOS. Processo Administrativo nº PM-882/2023. Reconheço e ratifico a contratação de DISTRIBUIDORA DE MEDICAMENTOS BOA SAÚDE, inscrita no CNPJ sob nº 41.000.000/0001-00. Objeto: Contratação de empresa especializada para reforma de terminal rodoviário na Avenida das Américas e vias adjacentes. Valor Estimado: R$ 15.400,00, com base na art. 75, inciso II, da Lei nº 14.133/21.","Infraestrutura"
"DISPENSA DE LICITAÇÃO Nº 637/2024 - PROCESSO: 112233/2023. CONTRATANTE: FUNDO MUNICIPAL DE SAÚDE. CONTRATADA: DISTRIBUIDORA DE MEDICAMENTOS BOA SAÚDE. OBJETO DO CONTRATO: Contratação de obra de engenharia para ampliação da rede de esgoto na área central do município. VALOR: R$ 15.400,00. PRAZO DE VIGÊNCIA: 12 (doze) meses a partir da assinatura.","Infraestrutura"
"MUNICÍPIO - SECRETARIA DE ADMINISTRAÇÃO. EXTRATO DE REGISTRO DE PREÇOS. Ref. Proc. 0012.0034/2024. PARTES: PREFEITURA MUNICIPAL X ORGANIZAÇÃO SOCIAL ESPERANÇA. OBJETO: O presente instrumento tem por objeto a Registro de preços para serviços revitalização de praças nas principais vias do centro da cidade, conforme especificações do edital. DOTAÇÃO ORÇAMENTÁRIA: 10.302.0001.2001.33903900. VALOR: R$ 89.000,00.","Infraestrutura"
"MUNICÍPIO - SECRETARIA DE ADMINISTRAÇÃO. EXTRATO DE CONTRATO. Ref. Proc. PMSC-098/24. PARTES: MUNICÍPIO DE SÃO JOSÉ DOS CAMPOS X ORGANIZAÇÃO SOCIAL ESPERANÇA. OBJETO: O presente instrumento tem por objeto a Contratação de empresa especializada para recapeamento asfáltico no perímetro urbano do município, conforme especificações do edital. DOTAÇÃO ORÇAMENTÁRIA: 10.302.0001.2001.33903900. VALOR: R$ 1.250.000,00.","Infraestrutura"
"MUNICÍPIO - SECRETARIA DE ADMINISTRAÇÃO. EXTRATO DE REGISTRO DE PREÇOS. Ref. Proc. PM-882/2023. PARTES: FUNDO MUNICIPAL DE EDUCAÇÃO X SERVIÇOS DE LIMPEZA BRASIL S/A. OBJETO: O presente instrumento tem por objeto a Contratação de empresa especializada para construção de ponte na Avenida das Américas e vias adjacentes, conforme especificações do edital. DOTAÇÃO ORÇAMENTÁRIA: 10.302.0001.2001.33903900. VALOR: R$ 5.600.000,00.","Infraestrutura"
"TERMO DE RATIFICAÇÃO DE EXTRATO DE CONTRATO. Processo Administrativo nº PM-882/2023. Reconheço e ratifico a contratação de VIGILÂNCIA E SEGURANÇA PATRIMONIAL LTDA, inscrita no CNPJ sob nº 93.000.000/0001-00. Objeto: Execução de obra de construção de ponte em diversas ruas da cidade. Valor Estimado: R$ 210.000,00, com base na art. 25, caput, da Lei 8.666/93.","Infraestrutura"
"INEXIGIBILIDADE DE LICITAÇÃO. PROCESSO INSTRUTIVO: 2024/09812. PARTES: SECRETARIA MUNICIPAL DE INFRAESTRUTURA e DISTRIBUIDORA DE MEDICAMENTOS BOA SAÚDE. OBJETO: Registro de preços para serviços construção de ciclovias nos bairros da zona sul. VALOR GLOBAL: R$ 15.400,00. FUNDAMENTO LEGAL: art. 25, caput, da Lei 8.666/93. ASSINATURA: 30/05/2026.","Infraestrutura"
"PREGÃO ELETRÔNICO. PROCESSO INSTRUTIVO: PMSC-098/24. PARTES: MUNICÍPIO DE SÃO JOSÉ DOS CAMPOS e VIGILÂNCIA E SEGURANÇA PATRIMONIAL LTDA. OBJETO: Contratação de serviços drenagem de águas pluviais na Avenida das Américas e vias adjacentes. VALOR GLOBAL: R$ 345.600,00. FUNDAMENTO LEGAL: art. 24, inciso II, da Lei nº 8.666/93. ASSINATURA: 12/07/2026.","Infraestrutura"
"TERMO DE RATIFICAÇÃO DE INEXIGIBILIDADE DE LICITAÇÃO. Processo Administrativo nº PMSC-098/24. Reconheço e ratifico a contratação de TECNOLOGIA INTEGRADA LTDA, inscrita no CNPJ sob nº 86.000.000/0001-00. Objeto: Execução de obra de recapeamento asfáltico no perímetro urbano do município. Valor Estimado: R$ 15.400,00, com base na art. 24, inciso II, da Lei nº 8.666/93.","Infraestrutura"
"TERMO DE RATIFICAÇÃO DE EXTRATO DE CONTRATO. Processo Administrativo nº 112233/2023. Reconheço e ratifico a contratação de COMERCIAL DE ALIMENTOS UNIÃO EIRELI, inscrita no CNPJ sob nº 21.000.000/0001-00. Objeto: Contratação de serviços ampliação da rede de esgoto na área central do município. Valor Estimado: R$ 5.600.000,00, com base na art. 25, caput, da Lei 8.666/93.","Infraestrutura"
"TERMO DE RATIFICAÇÃO DE EXTRATO DE REGISTRO DE PREÇOS. Processo Administrativo nº 2023/00456. Reconheço e ratifico a contratação de COMERCIAL DE ALIMENTOS UNIÃO EIRELI, inscrita no CNPJ sob nº 54.000.000/0001-00. Objeto: Registro de preços para serviços revitalização de praças nos bairros da zona sul. Valor Estimado: R$ 345.600,00, com base na Lei 14.133/2021.","Infraestrutura"
"EXTRATO DE REGISTRO DE PREÇOS Nº 742/2024 - PROCESSO: PMSC-098/24. CONTRATANTE: SECRETARIA MUNICIPAL DE INFRAESTRUTURA. CONTRATADA: VIGILÂNCIA E SEGURANÇA PATRIMONIAL LTDA. OBJETO DO CONTRATO: Prestação de serviços pavimentação asfáltica e operação tapa-buraco na área central do município. VALOR: R$ 1.250.000,00. PRAZO DE VIGÊNCIA: 12 (doze) meses a partir da assinatura.","Infraestrutura"
"AVISO DE LICITAÇÃO. PROCESSO INSTRUTIVO: 2023/00456. PARTES: MUNICÍPIO DE SÃO JOSÉ DOS CAMPOS e TECNOLOGIA INTEGRADA LTDA. OBJETO: Contratação de obra de engenharia para construção de ciclovias conforme cronograma de obras e melhorias. VALOR GLOBAL: R$ 15.400,00. FUNDAMENTO LEGAL: art. 25, caput, da Lei 8.666/93. ASSINATURA: 24/07/2026.","Infraestrutura"
"TERMO DE RATIFICAÇÃO DE PREGÃO ELETRÔNICO. Processo Administrativo nº PM-882/2023. Reconheço e ratifico a contratação de TECNOLOGIA INTEGRADA LTDA, inscrita no CNPJ sob nº 71.000.000/0001-00. Objeto: Execução de obra de sinalização viária em diversas ruas da cidade. Valor Estimado: R$ 210.000,00, com base na art. 25, caput, da Lei 8.666/93.","Infraestrutura"
"TERMO DE RATIFICAÇÃO DE TOMADA DE PREÇOS. Processo Administrativo nº 0012.0034/2024. Reconheço e ratifico a contratação de VIGILÂNCIA E SEGURANÇA PATRIMONIAL LTDA, inscrita no CNPJ sob nº 46.000.000/0001-00. Objeto: Prestação de serviços manutenção da iluminação pública nos bairros da zona sul. Valor Estimado: R$ 1.250.000,00, com base na art. 24, inciso II, da Lei nº 8.666/93.","Infraestrutura"
"TERMO DE RATIFICAÇÃO DE EXTRATO DE TERMO ADITIVO. Processo Administrativo nº 112233/2023. Reconheço e ratifico a contratação de VIGILÂNCIA E SEGURANÇA PATRIMONIAL LTDA, inscrita no CNPJ sob nº 30.000.000/0001-00. Objeto: Contratação de serviços manutenção da iluminação pública nos bairros da zona sul. Valor Estimado: R$ 89.000,00, com base na art. 75, inciso II, da Lei nº 14.133/21.","Infraestrutura"
"EXTRATO DE TERMO ADITIVO. PROCESSO INSTRUTIVO: 2024/09812. PARTES: PREFEITURA MUNICIPAL e TECNOLOGIA INTEGRADA LTDA. OBJETO: Execução de obra de sinalização viária na área central do município. VALOR GLOBAL: R$ 89.000,00. FUNDAMENTO LEGAL: art. 25, caput, da Lei 8.666/93. ASSINATURA: 21/05/2026.","Infraestrutura"
"TERMO DE RATIFICAÇÃO DE INEXIGIBILIDADE DE LICITAÇÃO. Processo Administrativo nº PMSC-098/24. Reconheço e ratifico a contratação de DISTRIBUIDORA DE MEDICAMENTOS BOA SAÚDE, inscrita no CNPJ sob nº 64.000.000/0001-00. Objeto: Contratação de obra de engenharia para reforma de terminal rodoviário nas principais vias do centro da cidade. Valor Estimado: R$ 89.000,00, com base na art. 24, inciso II, da Lei nº 8.666/93.","Infraestrutura"
"MUNICÍPIO - SECRETARIA DE ADMINISTRAÇÃO. INEXIGIBILIDADE DE LICITAÇÃO. Ref. Proc. 2023/00456. PARTES: PREFEITURA MUNICIPAL X VIGILÂNCIA E SEGURANÇA PATRIMONIAL LTDA. OBJETO: O presente instrumento tem por objeto a Contratação de serviços recapeamento asfáltico atendendo a Secretaria de Obras, conforme especificações do edital. DOTAÇÃO ORÇAMENTÁRIA: 10.302.0001.2001.33903900. VALOR: R$ 89.000,00.","Infraestrutura"
"AVISO DE LICITAÇÃO. PROCESSO INSTRUTIVO: 2024/09812. PARTES: FUNDO MUNICIPAL DE SAÚDE e DISTRIBUIDORA DE MEDICAMENTOS BOA SAÚDE. OBJETO: Contratação de serviços drenagem de águas pluviais nos bairros da zona sul. VALOR GLOBAL: R$ 345.600,00. FUNDAMENTO LEGAL: art. 24, inciso II, da Lei nº 8.666/93. ASSINATURA: 27/05/2026.","Infraestrutura"
"TOMADA DE PREÇOS. PROCESSO INSTRUTIVO: PMSC-098/24. PARTES: SECRETARIA MUNICIPAL DE INFRAESTRUTURA e ORGANIZAÇÃO SOCIAL ESPERANÇA. OBJETO: Execução de obra de pavimentação asfáltica e operação tapa-buraco nas principais vias do centro da cidade. VALOR GLOBAL: R$ 15.400,00. FUNDAMENTO LEGAL: Lei 14.133/2021. ASSINATURA: 19/05/2026.","Infraestrutura"
"INEXIGIBILIDADE DE LICITAÇÃO. PROCESSO INSTRUTIVO: 2024/09812. PARTES: PREFEITURA MUNICIPAL e TECNOLOGIA INTEGRADA LTDA. OBJETO: Contratação de serviços revitalização de praças em diversas ruas da cidade. VALOR GLOBAL: R$ 89.000,00. FUNDAMENTO LEGAL: art. 75, inciso II, da Lei nº 14.133/21. ASSINATURA: 22/07/2026.","Infraestrutura"
"AVISO DE LICITAÇÃO Nº 197/2024 - PROCESSO: 2023/00456. CONTRATANTE: FUNDO MUNICIPAL DE SAÚDE. CONTRATADA: COMERCIAL DE ALIMENTOS UNIÃO EIRELI. OBJETO DO CONTRATO: Contratação de empresa especializada para ampliação da rede de esgoto conforme cronograma de obras e melhorias. VALOR: R$ 15.400,00. PRAZO DE VIGÊNCIA: 12 (doze) meses a partir da assinatura.","Infraestrutura"
"MUNICÍPIO - SECRETARIA DE ADMINISTRAÇÃO. PREGÃO ELETRÔNICO. Ref. Proc. PM-882/2023. PARTES: FUNDO MUNICIPAL DE EDUCAÇÃO X CONSTRUTORA ALPHA LTDA. OBJETO: O presente instrumento tem por objeto a Contratação de empresa especializada para construção de ponte nos bairros da zona sul, conforme especificações do edital. DOTAÇÃO ORÇAMENTÁRIA: 10.302.0001.2001.33903900. VALOR: R$ 210.000,00.","Infraestrutura"
"TERMO DE RATIFICAÇÃO DE INEXIGIBILIDADE DE LICITAÇÃO. Processo Administrativo nº 112233/2023. Reconheço e ratifico a contratação de VIGILÂNCIA E SEGURANÇA PATRIMONIAL LTDA, inscrita no CNPJ sob nº 16.000.000/0001-00. Objeto: Prestação de serviços construção de ponte nas principais vias do centro da cidade. Valor Estimado: R$ 15.400,00, com base na art. 75, inciso II, da Lei nº 14.133/21.","Infraestrutura"
"MUNICÍPIO - SECRETARIA DE ADMINISTRAÇÃO. PREGÃO ELETRÔNICO. Ref. Proc. PMSC-098/24. PARTES: MUNICÍPIO DE SÃO JOSÉ DOS CAMPOS X VIGILÂNCIA E SEGURANÇA PATRIMONIAL LTDA. OBJETO: O presente instrumento tem por objeto a Registro de preços para serviços pavimentação asfáltica e operação tapa-buraco no perímetro urbano do município, conforme especificações do edital. DOTAÇÃO ORÇAMENTÁRIA: 10.302.0001.2001.33903900. VALOR: R$ 5.600.000,00.","Infraestrutura"
"TOMADA DE PREÇOS Nº 282/2024 - PROCESSO: 112233/2023. CONTRATANTE: SECRETARIA MUNICIPAL DE INFRAESTRUTURA. CONTRATADA: TECNOLOGIA INTEGRADA LTDA. OBJETO DO CONTRATO: Prestação de serviços construção de ponte nos bairros da zona sul. VALOR: R$ 5.600.000,00. PRAZO DE VIGÊNCIA: 12 (doze) meses a partir da assinatura.","Infraestrutura"
"TOMADA DE PREÇOS Nº 515/2024 - PROCESSO: 112233/2023. CONTRATANTE: FUNDO MUNICIPAL DE EDUCAÇÃO. CONTRATADA: ORGANIZAÇÃO SOCIAL ESPERANÇA. OBJETO DO CONTRATO: Contratação de obra de engenharia para revitalização de praças atendendo a Secretaria de Obras. VALOR: R$ 1.250.000,00. PRAZO DE VIGÊNCIA: 12 (doze) meses a partir da assinatura.","Infraestrutura"
"AVISO DE LICITAÇÃO Nº 446/2024 - PROCESSO: 2023/00456. CONTRATANTE: PREFEITURA MUNICIPAL. CONTRATADA: ORGANIZAÇÃO SOCIAL ESPERANÇA. OBJETO DO CONTRATO: Contratação de serviços pavimentação asfáltica e operação tapa-buraco atendendo a Secretaria de Obras. VALOR: R$ 5.600.000,00. PRAZO DE VIGÊNCIA: 12 (doze) meses a partir da assinatura.","Infraestrutura"
"TERMO DE RATIFICAÇÃO DE PREGÃO ELETRÔNICO. Processo Administrativo nº 112233/2023. Reconheço e ratifico a contratação de COMERCIAL DE ALIMENTOS UNIÃO EIRELI, inscrita no CNPJ sob nº 52.000.000/0001-00. Objeto: Registro de preços para serviços sinalização viária na Avenida das Américas e vias adjacentes. Valor Estimado: R$ 210.000,00, com base na art. 25, caput, da Lei 8.666/93.","Infraestrutura"
"TERMO DE RATIFICAÇÃO DE DISPENSA DE LICITAÇÃO. Processo Administrativo nº PM-882/2023. Reconheço e ratifico a contratação de ORGANIZAÇÃO SOCIAL ESPERANÇA, inscrita no CNPJ sob nº 44.000.000/0001-00. Objeto: Contratação de empresa especializada para recapeamento asfáltico na área central do município. Valor Estimado: R$ 15.400,00, com base na art. 25, caput, da Lei 8.666/93.","Infraestrutura"
"EXTRATO DE TERMO ADITIVO Nº 622/2024 - PROCESSO: 2024/09812. CONTRATANTE: PREFEITURA MUNICIPAL. CONTRATADA: SERVIÇOS DE LIMPEZA BRASIL S/A. OBJETO DO CONTRATO: Contratação de serviços drenagem de águas pluviais conforme cronograma de obras e melhorias. VALOR: R$ 345.600,00. PRAZO DE VIGÊNCIA: 12 (doze) meses a partir da assinatura.","Infraestrutura"
"MUNICÍPIO - SECRETARIA DE ADMINISTRAÇÃO. EXTRATO DE CONTRATO. Ref. Proc. 2024/09812. PARTES: SECRETARIA MUNICIPAL DE INFRAESTRUTURA X COMERCIAL DE ALIMENTOS UNIÃO EIRELI. OBJETO: O presente instrumento tem por objeto a Contratação de obra de engenharia para pavimentação asfáltica e operação tapa-buraco no perímetro urbano do município, conforme especificações do edital. DOTAÇÃO ORÇAMENTÁRIA: 10.302.0001.2001.33903900. VALOR: R$ 45.900,00.","Infraestrutura"
"DISPENSA DE LICITAÇÃO Nº 408/2024 - PROCESSO: 2024/09812. CONTRATANTE: MUNICÍPIO DE SÃO JOSÉ DOS CAMPOS. CONTRATADA: TECNOLOGIA INTEGRADA LTDA. OBJETO DO CONTRATO: Registro de preços para serviços revitalização de praças na área central do município. VALOR: R$ 5.600.000,00. PRAZO DE VIGÊNCIA: 12 (doze) meses a partir da assinatura.","Infraestrutura"
"MUNICÍPIO - SECRETARIA DE ADMINISTRAÇÃO. EXTRATO DE REGISTRO DE PREÇOS. Ref. Proc. PM-882/2023. PARTES: SECRETARIA MUNICIPAL DE INFRAESTRUTURA X TECNOLOGIA INTEGRADA LTDA. OBJETO: O presente instrumento tem por objeto a Contratação de obra de engenharia para construção de ciclovias nos bairros da zona sul, conforme especificações do edital. DOTAÇÃO ORÇAMENTÁRIA: 10.302.0001.2001.33903900. VALOR: R$ 15.400,00.","Infraestrutura"
"TERMO DE RATIFICAÇÃO DE PREGÃO ELETRÔNICO. Processo Administrativo nº 2023/00456. Reconheço e ratifico a contratação de CONSTRUTORA ALPHA LTDA, inscrita no CNPJ sob nº 29.000.000/0001-00. Objeto: Registro de preços para serviços manutenção da iluminação pública em diversas ruas da cidade. Valor Estimado: R$ 15.400,00, com base na art. 75, inciso II, da Lei nº 14.133/21.","Infraestrutura"
"DISPENSA DE LICITAÇÃO Nº 972/2024 - PROCESSO: 0012.0034/2024. CONTRATANTE: FUNDO MUNICIPAL DE EDUCAÇÃO. CONTRATADA: SERVIÇOS DE LIMPEZA BRASIL S/A. OBJETO DO CONTRATO: Contratação de obra de engenharia para construção de ciclovias na área central do município. VALOR: R$ 345.600,00. PRAZO DE VIGÊNCIA: 12 (doze) meses a partir da assinatura.","Infraestrutura"
"MUNICÍPIO - SECRETARIA DE ADMINISTRAÇÃO. EXTRATO DE TERMO ADITIVO. Ref. Proc. 112233/2023. PARTES: MUNICÍPIO DE SÃO JOSÉ DOS CAMPOS X VIGILÂNCIA E SEGURANÇA PATRIMONIAL LTDA. OBJETO: O presente instrumento tem por objeto a Contratação de obra de engenharia para construção de ciclovias na Avenida das Américas e vias adjacentes, conforme especificações do edital. DOTAÇÃO ORÇAMENTÁRIA: 10.302.0001.2001.33903900. VALOR: R$ 89.000,00.","Infraestrutura"
"MUNICÍPIO - SECRETARIA DE ADMINISTRAÇÃO. AVISO DE LICITAÇÃO. Ref. Proc. 0012.0034/2024. PARTES: FUNDO MUNICIPAL DE EDUCAÇÃO X SERVIÇOS DE LIMPEZA BRASIL S/A. OBJETO: O presente instrumento tem por objeto a Contratação de empresa especializada para construção de ciclovias em diversas ruas da cidade, conforme especificações do edital. DOTAÇÃO ORÇAMENTÁRIA: 10.302.0001.2001.33903900. VALOR: R$ 345.600,00.","Infraestrutura"
"MUNICÍPIO - SECRETARIA DE ADMINISTRAÇÃO. INEXIGIBILIDADE DE LICITAÇÃO. Ref. Proc. 0012.0034/2024. PARTES: PREFEITURA MUNICIPAL X SERVIÇOS DE LIMPEZA BRASIL S/A. OBJETO: O presente instrumento tem por objeto a Prestação de serviços drenagem de águas pluviais atendendo a Secretaria de Obras, conforme especificações do edital. DOTAÇÃO ORÇAMENTÁRIA: 10.302.0001.2001.33903900. VALOR: R$ 210.000,00.","Infraestrutura"
"TERMO DE RATIFICAÇÃO DE INEXIGIBILIDADE DE LICITAÇÃO. Processo Administrativo nº 0012.0034/2024. Reconheço e ratifico a contratação de SERVIÇOS DE LIMPEZA BRASIL S/A, inscrita no CNPJ sob nº 88.000.000/0001-00. Objeto: Prestação de serviços sinalização viária atendendo a Secretaria de Obras. Valor Estimado: R$ 345.600,00, com base na art. 25, caput, da Lei 8.666/93.","Infraestrutura"
"MUNICÍPIO - SECRETARIA DE ADMINISTRAÇÃO. AVISO DE LICITAÇÃO. Ref. Proc. 2024/09812. PARTES: SECRETARIA MUNICIPAL DE INFRAESTRUTURA X DISTRIBUIDORA DE MEDICAMENTOS BOA SAÚDE. OBJETO: O presente instrumento tem por objeto a Contratação de obra de engenharia para construção de ciclovias em diversas ruas da cidade, conforme especificações do edital. DOTAÇÃO ORÇAMENTÁRIA: 10.302.0001.2001.33903900. VALOR: R$ 89.000,00.","Infraestrutura"
"TERMO DE RATIFICAÇÃO DE EXTRATO DE CONTRATO. Processo Administrativo nº PMSC-098/24. Reconheço e ratifico a contratação de CONSTRUTORA ALPHA LTDA, inscrita no CNPJ sob nº 74.000.000/0001-00. Objeto: Registro de preços para serviços manutenção da iluminação pública conforme cronograma de obras e melhorias. Valor Estimado: R$ 210.000,00, com base na art. 25, caput, da Lei 8.666/93.","Infraestrutura"
"MUNICÍPIO - SECRETARIA DE ADMINISTRAÇÃO. PREGÃO ELETRÔNICO. Ref. Proc. PM-882/2023. PARTES: FUNDO MUNICIPAL DE SAÚDE X VIGILÂNCIA E SEGURANÇA PATRIMONIAL LTDA. OBJETO: O presente instrumento tem por objeto a Execução de obra de pavimentação asfáltica e operação tapa-buraco conforme cronograma de obras e melhorias, conforme especificações do edital. DOTAÇÃO ORÇAMENTÁRIA: 10.302.0001.2001.33903900. VALOR: R$ 45.900,00.","Infraestrutura"
"INEXIGIBILIDADE DE LICITAÇÃO Nº 462/2024 - PROCESSO: 2023/00456. CONTRATANTE: FUNDO MUNICIPAL DE EDUCAÇÃO. CONTRATADA: TECNOLOGIA INTEGRADA LTDA. OBJETO DO CONTRATO: Contratação de empresa especializada para revitalização de praças nas principais vias do centro da cidade. VALOR: R$ 5.600.000,00. PRAZO DE VIGÊNCIA: 12 (doze) meses a partir da assinatura.","Infraestrutura"
"AVISO DE LICITAÇÃO. PROCESSO INSTRUTIVO: 2023/00456. PARTES: FUNDO MUNICIPAL DE SAÚDE e TECNOLOGIA INTEGRADA LTDA. OBJETO: Contratação de obra de engenharia para revitalização de praças em diversas ruas da cidade. VALOR GLOBAL: R$ 210.000,00. FUNDAMENTO LEGAL: Lei 14.133/2021. ASSINATURA: 24/06/2026.","Infraestrutura"
"PREGÃO ELETRÔNICO Nº 365/2024 - PROCESSO: 0012.0034/2024. CONTRATANTE: FUNDO MUNICIPAL DE EDUCAÇÃO. CONTRATADA: VIGILÂNCIA E SEGURANÇA PATRIMONIAL LTDA. OBJETO DO CONTRATO: Contratação de empresa especializada para reforma de terminal rodoviário nos bairros da zona sul. VALOR: R$ 45.900,00. PRAZO DE VIGÊNCIA: 12 (doze) meses a partir da assinatura.","Infraestrutura"
"TOMADA DE PREÇOS Nº 314/2024 - PROCESSO: PM-882/2023. CONTRATANTE: SECRETARIA MUNICIPAL DE INFRAESTRUTURA. CONTRATADA: TECNOLOGIA INTEGRADA LTDA. OBJETO DO CONTRATO: Contratação de obra de engenharia para recapeamento asfáltico nos bairros da zona sul. VALOR: R$ 45.900,00. PRAZO DE VIGÊNCIA: 12 (doze) meses a partir da assinatura.","Infraestrutura"
"EXTRATO DE CONTRATO Nº 592/2024 - PROCESSO: 2023/00456. CONTRATANTE: FUNDO MUNICIPAL DE SAÚDE. CONTRATADA: CONSTRUTORA ALPHA LTDA. OBJETO DO CONTRATO: Execução de obra de manutenção da iluminação pública nos bairros da zona sul. VALOR: R$ 345.600,00. PRAZO DE VIGÊNCIA: 12 (doze) meses a partir da assinatura.","Infraestrutura"
"EXTRATO DE REGISTRO DE PREÇOS. PROCESSO INSTRUTIVO: 0012.0034/2024. PARTES: FUNDO MUNICIPAL DE EDUCAÇÃO e VIGILÂNCIA E SEGURANÇA PATRIMONIAL LTDA. OBJETO: Registro de preços para serviços drenagem de águas pluviais no perímetro urbano do município. VALOR GLOBAL: R$ 210.000,00. FUNDAMENTO LEGAL: art. 75, inciso II, da Lei nº 14.133/21. ASSINATURA: 31/07/2026.","Infraestrutura"
"TERMO DE RATIFICAÇÃO DE TOMADA DE PREÇOS. Processo Administrativo nº 2024/09812. Reconheço e ratifico a contratação de VIGILÂNCIA E SEGURANÇA PATRIMONIAL LTDA, inscrita no CNPJ sob nº 50.000.000/0001-00. Objeto: Registro de preços para serviços recapeamento asfáltico na área central do município. Valor Estimado: R$ 210.000,00, com base na Lei 14.133/2021.","Infraestrutura"
"TOMADA DE PREÇOS Nº 978/2024 - PROCESSO: 2023/00456. CONTRATANTE: MUNICÍPIO DE SÃO JOSÉ DOS CAMPOS. CONTRATADA: DISTRIBUIDORA DE MEDICAMENTOS BOA SAÚDE. OBJETO DO CONTRATO: Prestação de serviços construção de ciclovias conforme cronograma de obras e melhorias. VALOR: R$ 210.000,00. PRAZO DE VIGÊNCIA: 12 (doze) meses a partir da assinatura.","Infraestrutura"
"MUNICÍPIO - SECRETARIA DE ADMINISTRAÇÃO. EXTRATO DE CONTRATO. Ref. Proc. 2023/00456. PARTES: MUNICÍPIO DE SÃO JOSÉ DOS CAMPOS X SERVIÇOS DE LIMPEZA BRASIL S/A. OBJETO: O presente instrumento tem por objeto a Execução de obra de revitalização de praças nos bairros da zona sul, conforme especificações do edital. DOTAÇÃO ORÇAMENTÁRIA: 10.302.0001.2001.33903900. VALOR: R$ 1.250.000,00.","Infraestrutura"
"TERMO DE RATIFICAÇÃO DE PREGÃO ELETRÔNICO. Processo Administrativo nº 112233/2023. Reconheço e ratifico a contratação de CONSTRUTORA ALPHA LTDA, inscrita no CNPJ sob nº 79.000.000/0001-00. Objeto: Prestação de serviços drenagem de águas pluviais na Avenida das Américas e vias adjacentes. Valor Estimado: R$ 89.000,00, com base na art. 75, inciso II, da Lei nº 14.133/21.","Infraestrutura"
"TERMO DE RATIFICAÇÃO DE TOMADA DE PREÇOS. Processo Administrativo nº PM-882/2023. Reconheço e ratifico a contratação de CONSTRUTORA ALPHA LTDA, inscrita no CNPJ sob nº 73.000.000/0001-00. Objeto: Prestação de serviços manutenção da iluminação pública atendendo a Secretaria de Obras. Valor Estimado: R$ 345.600,00, com base na art. 25, caput, da Lei 8.666/93.","Infraestrutura"
"MUNICÍPIO - SECRETARIA DE ADMINISTRAÇÃO. AVISO DE LICITAÇÃO. Ref. Proc. 2023/00456. PARTES: MUNICÍPIO DE SÃO JOSÉ DOS CAMPOS X VIGILÂNCIA E SEGURANÇA PATRIMONIAL LTDA. OBJETO: O presente instrumento tem por objeto a Contratação de obra de engenharia para revitalização de praças na área central do município, conforme especificações do edital. DOTAÇÃO ORÇAMENTÁRIA: 10.302.0001.2001.33903900. VALOR: R$ 15.400,00.","Infraestrutura"
"TOMADA DE PREÇOS Nº 130/2024 - PROCESSO: PM-882/2023. CONTRATANTE: MUNICÍPIO DE SÃO JOSÉ DOS CAMPOS. CONTRATADA: DISTRIBUIDORA DE MEDICAMENTOS BOA SAÚDE. OBJETO DO CONTRATO: Contratação de obra de engenharia para ampliação da rede de esgoto nas principais vias do centro da cidade. VALOR: R$ 45.900,00. PRAZO DE VIGÊNCIA: 12 (doze) meses a partir da assinatura.","Infraestrutura"
"DISPENSA DE LICITAÇÃO. PROCESSO INSTRUTIVO: 112233/2023. PARTES: FUNDO MUNICIPAL DE EDUCAÇÃO e SERVIÇOS DE LIMPEZA BRASIL S/A. OBJETO: Contratação de obra de engenharia para pavimentação asfáltica e operação tapa-buraco em diversas ruas da cidade. VALOR GLOBAL: R$ 89.000,00. FUNDAMENTO LEGAL: Lei 14.133/2021. ASSINATURA: 02/05/2026.","Infraestrutura"
"INEXIGIBILIDADE DE LICITAÇÃO Nº 895/2024 - PROCESSO: 2024/09812. CONTRATANTE: SECRETARIA MUNICIPAL DE INFRAESTRUTURA. CONTRATADA: COMERCIAL DE ALIMENTOS UNIÃO EIRELI. OBJETO DO CONTRATO: Execução de obra de ampliação da rede de esgoto em diversas ruas da cidade. VALOR: R$ 210.000,00. PRAZO DE VIGÊNCIA: 12 (doze) meses a partir da assinatura.","Infraestrutura"
"MUNICÍPIO - SECRETARIA DE ADMINISTRAÇÃO. TOMADA DE PREÇOS. Ref. Proc. 112233/2023. PARTES: MUNICÍPIO DE SÃO JOSÉ DOS CAMPOS X ORGANIZAÇÃO SOCIAL ESPERANÇA. OBJETO: O presente instrumento tem por objeto a Contratação de serviços pavimentação asfáltica e operação tapa-buraco em diversas ruas da cidade, conforme especificações do edital. DOTAÇÃO ORÇAMENTÁRIA: 10.302.0001.2001.33903900. VALOR: R$ 5.600.000,00.","Infraestrutura"
"PREGÃO ELETRÔNICO Nº 946/2024 - PROCESSO: 2023/00456. CONTRATANTE: MUNICÍPIO DE SÃO JOSÉ DOS CAMPOS. CONTRATADA: TECNOLOGIA INTEGRADA LTDA. OBJETO DO CONTRATO: Execução de obra de manutenção da iluminação pública no perímetro urbano do município. VALOR: R$ 15.400,00. PRAZO DE VIGÊNCIA: 12 (doze) meses a partir da assinatura.","Infraestrutura"
"EXTRATO DE REGISTRO DE PREÇOS. PROCESSO INSTRUTIVO: 2024/09812. PARTES: FUNDO MUNICIPAL DE SAÚDE e VIGILÂNCIA E SEGURANÇA PATRIMONIAL LTDA. OBJETO: Registro de preços para serviços sinalização viária atendendo a Secretaria de Obras. VALOR GLOBAL: R$ 345.600,00. FUNDAMENTO LEGAL: art. 25, caput, da Lei 8.666/93. ASSINATURA: 26/06/2026.","Infraestrutura"
"AVISO DE LICITAÇÃO Nº 743/2024 - PROCESSO: 0012.0034/2024. CONTRATANTE: SECRETARIA MUNICIPAL DE INFRAESTRUTURA. CONTRATADA: VIGILÂNCIA E SEGURANÇA PATRIMONIAL LTDA. OBJETO DO CONTRATO: Contratação de empresa especializada para drenagem de águas pluviais conforme cronograma de obras e melhorias. VALOR: R$ 45.900,00. PRAZO DE VIGÊNCIA: 12 (doze) meses a partir da assinatura.","Infraestrutura"
"EXTRATO DE CONTRATO. PROCESSO INSTRUTIVO: 2023/00456. PARTES: PREFEITURA MUNICIPAL e ORGANIZAÇÃO SOCIAL ESPERANÇA. OBJETO: Prestação de serviços recapeamento asfáltico nas principais vias do centro da cidade. VALOR GLOBAL: R$ 5.600.000,00. FUNDAMENTO LEGAL: art. 24, inciso II, da Lei nº 8.666/93. ASSINATURA: 24/05/2026.","Infraestrutura"
"TERMO DE RATIFICAÇÃO DE AVISO DE LICITAÇÃO. Processo Administrativo nº 0012.0034/2024. Reconheço e ratifico a contratação de SERVIÇOS DE LIMPEZA BRASIL S/A, inscrita no CNPJ sob nº 53.000.000/0001-00. Objeto: Prestação de serviços pavimentação asfáltica e operação tapa-buraco nas principais vias do centro da cidade. Valor Estimado: R$ 15.400,00, com base na art. 24, inciso II, da Lei nº 8.666/93.","Infraestrutura"
"TOMADA DE PREÇOS. PROCESSO INSTRUTIVO: PM-882/2023. PARTES: FUNDO MUNICIPAL DE SAÚDE e COMERCIAL DE ALIMENTOS UNIÃO EIRELI. OBJETO: Contratação de serviços construção de ponte conforme cronograma de obras e melhorias. VALOR GLOBAL: R$ 210.000,00. FUNDAMENTO LEGAL: art. 75, inciso II, da Lei nº 14.133/21. ASSINATURA: 30/04/2026.","Infraestrutura"
"TERMO DE RATIFICAÇÃO DE AVISO DE LICITAÇÃO. Processo Administrativo nº 112233/2023. Reconheço e ratifico a contratação de DISTRIBUIDORA DE MEDICAMENTOS BOA SAÚDE, inscrita no CNPJ sob nº 57.000.000/0001-00. Objeto: Contratação de obra de engenharia para manutenção da iluminação pública atendendo a Secretaria de Obras. Valor Estimado: R$ 5.600.000,00, com base na Lei 14.133/2021.","Infraestrutura"
"EXTRATO DE TERMO ADITIVO Nº 507/2024 - PROCESSO: PMSC-098/24. CONTRATANTE: SECRETARIA MUNICIPAL DE INFRAESTRUTURA. CONTRATADA: COMERCIAL DE ALIMENTOS UNIÃO EIRELI. OBJETO DO CONTRATO: Contratação de serviços manutenção da iluminação pública na Avenida das Américas e vias adjacentes. VALOR: R$ 1.250.000,00. PRAZO DE VIGÊNCIA: 12 (doze) meses a partir da assinatura.","Infraestrutura"
"TERMO DE RATIFICAÇÃO DE DISPENSA DE LICITAÇÃO. Processo Administrativo nº 2023/00456. Reconheço e ratifico a contratação de COMERCIAL DE ALIMENTOS UNIÃO EIRELI, inscrita no CNPJ sob nº 89.000.000/0001-00. Objeto: Contratação de obra de engenharia para reforma de terminal rodoviário atendendo a Secretaria de Obras. Valor Estimado: R$ 210.000,00, com base na Lei 14.133/2021.","Infraestrutura"
"INEXIGIBILIDADE DE LICITAÇÃO Nº 164/2024 - PROCESSO: 2024/09812. CONTRATANTE: FUNDO MUNICIPAL DE EDUCAÇÃO. CONTRATADA: DISTRIBUIDORA DE MEDICAMENTOS BOA SAÚDE. OBJETO DO CONTRATO: Contratação de obra de engenharia para ampliação da rede de esgoto nos bairros da zona sul. VALOR: R$ 15.400,00. PRAZO DE VIGÊNCIA: 12 (doze) meses a partir da assinatura.","Infraestrutura"
"EXTRATO DE REGISTRO DE PREÇOS Nº 944/2024 - PROCESSO: PM-882/2023. CONTRATANTE: MUNICÍPIO DE SÃO JOSÉ DOS CAMPOS. CONTRATADA: COMERCIAL DE ALIMENTOS UNIÃO EIRELI. OBJETO DO CONTRATO: Registro de preços para serviços construção de ciclovias em diversas ruas da cidade. VALOR: R$ 5.600.000,00. PRAZO DE VIGÊNCIA: 12 (doze) meses a partir da assinatura.","Infraestrutura"
"EXTRATO DE REGISTRO DE PREÇOS. PROCESSO INSTRUTIVO: 2023/00456. PARTES: SECRETARIA MUNICIPAL DE INFRAESTRUTURA e VIGILÂNCIA E SEGURANÇA PATRIMONIAL LTDA. OBJETO: Registro de preços para serviços pavimentação asfáltica e operação tapa-buraco na área central do município. VALOR GLOBAL: R$ 5.600.000,00. FUNDAMENTO LEGAL: art. 24, inciso II, da Lei nº 8.666/93. ASSINATURA: 10/05/2026.","Infraestrutura"
"INEXIGIBILIDADE DE LICITAÇÃO Nº 553/2024 - PROCESSO: 2024/09812. CONTRATANTE: FUNDO MUNICIPAL DE SAÚDE. CONTRATADA: DISTRIBUIDORA DE MEDICAMENTOS BOA SAÚDE. OBJETO DO CONTRATO: Registro de preços para serviços revitalização de praças conforme cronograma de obras e melhorias. VALOR: R$ 89.000,00. PRAZO DE VIGÊNCIA: 12 (doze) meses a partir da assinatura.","Infraestrutura"
"MUNICÍPIO - SECRETARIA DE ADMINISTRAÇÃO. PREGÃO ELETRÔNICO. Ref. Proc. 112233/2023. PARTES: MUNICÍPIO DE SÃO JOSÉ DOS CAMPOS X ORGANIZAÇÃO SOCIAL ESPERANÇA. OBJETO: O presente instrumento tem por objeto a Contratação de serviços reforma de terminal rodoviário conforme cronograma de obras e melhorias, conforme especificações do edital. DOTAÇÃO ORÇAMENTÁRIA: 10.302.0001.2001.33903900. VALOR: R$ 89.000,00.","Infraestrutura"
"TERMO DE RATIFICAÇÃO DE DISPENSA DE LICITAÇÃO. Processo Administrativo nº PMSC-098/24. Reconheço e ratifico a contratação de TECNOLOGIA INTEGRADA LTDA, inscrita no CNPJ sob nº 62.000.000/0001-00. Objeto: Execução de obra de drenagem de águas pluviais no perímetro urbano do município. Valor Estimado: R$ 5.600.000,00, com base na art. 25, caput, da Lei 8.666/93.","Infraestrutura"
"AVISO DE LICITAÇÃO. PROCESSO INSTRUTIVO: PM-882/2023. PARTES: SECRETARIA MUNICIPAL DE INFRAESTRUTURA e SERVIÇOS DE LIMPEZA BRASIL S/A. OBJETO: Registro de preços para serviços reforma de terminal rodoviário na área central do município. VALOR GLOBAL: R$ 45.900,00. FUNDAMENTO LEGAL: art. 25, caput, da Lei 8.666/93. ASSINATURA: 19/07/2026.","Infraestrutura"
"DISPENSA DE LICITAÇÃO Nº 444/2024 - PROCESSO: 2023/00456. CONTRATANTE: FUNDO MUNICIPAL DE EDUCAÇÃO. CONTRATADA: COMERCIAL DE ALIMENTOS UNIÃO EIRELI. OBJETO DO CONTRATO: Execução de obra de drenagem de águas pluviais conforme cronograma de obras e melhorias. VALOR: R$ 15.400,00. PRAZO DE VIGÊNCIA: 12 (doze) meses a partir da assinatura.","Infraestrutura"
"TOMADA DE PREÇOS. PROCESSO INSTRUTIVO: PM-882/2023. PARTES: FUNDO MUNICIPAL DE SAÚDE e COMERCIAL DE ALIMENTOS UNIÃO EIRELI. OBJETO: Registro de preços para serviços construção de ponte nos bairros da zona sul. VALOR GLOBAL: R$ 15.400,00. FUNDAMENTO LEGAL: art. 75, inciso II, da Lei nº 14.133/21. ASSINATURA: 17/07/2026.","Infraestrutura"
"TERMO DE RATIFICAÇÃO DE EXTRATO DE CONTRATO. Processo Administrativo nº PM-882/2023. Reconheço e ratifico a contratação de VIGILÂNCIA E SEGURANÇA PATRIMONIAL LTDA, inscrita no CNPJ sob nº 72.000.000/0001-00. Objeto: Contratação de serviços recapeamento asfáltico em diversas ruas da cidade. Valor Estimado: R$ 15.400,00, com base na art. 24, inciso II, da Lei nº 8.666/93.","Infraestrutura"
"TERMO DE RATIFICAÇÃO DE DISPENSA DE LICITAÇÃO. Processo Administrativo nº 0012.0034/2024. Reconheço e ratifico a contratação de SERVIÇOS DE LIMPEZA BRASIL S/A, inscrita no CNPJ sob nº 25.000.000/0001-00. Objeto: Registro de preços para serviços reforma de terminal rodoviário na Avenida das Américas e vias adjacentes. Valor Estimado: R$ 345.600,00, com base na Lei 14.133/2021.","Infraestrutura"
"INEXIGIBILIDADE DE LICITAÇÃO Nº 528/2024 - PROCESSO: 0012.0034/2024. CONTRATANTE: MUNICÍPIO DE SÃO JOSÉ DOS CAMPOS. CONTRATADA: COMERCIAL DE ALIMENTOS UNIÃO EIRELI. OBJETO DO CONTRATO: Registro de preços para contratação de sistema de gestão de recursos humanos atendendo às necessidades dos órgãos da administração. VALOR: R$ 5.600.000,00. PRAZO DE VIGÊNCIA: 12 (doze) meses a partir da assinatura.","Tecnologia"
"TERMO DE RATIFICAÇÃO DE INEXIGIBILIDADE DE LICITAÇÃO. Processo Administrativo nº PM-882/2023. Reconheço e ratifico a contratação de COMERCIAL DE ALIMENTOS UNIÃO EIRELI, inscrita no CNPJ sob nº 17.000.000/0001-00. Objeto: Prestação de serviços servidores e equipamentos de rede para o projeto Cidade Inteligente. Valor Estimado: R$ 45.900,00, com base na Lei 14.133/2021.","Tecnologia"
"EXTRATO DE REGISTRO DE PREÇOS Nº 398/2024 - PROCESSO: PM-882/2023. CONTRATANTE: FUNDO MUNICIPAL DE EDUCAÇÃO. CONTRATADA: VIGILÂNCIA E SEGURANÇA PATRIMONIAL LTDA. OBJETO DO CONTRATO: Licenciamento de servidores e equipamentos de rede atendendo às necessidades dos órgãos da administração. VALOR: R$ 5.600.000,00. PRAZO DE VIGÊNCIA: 12 (doze) meses a partir da assinatura.","Tecnologia"
"TERMO DE RATIFICAÇÃO DE EXTRATO DE REGISTRO DE PREÇOS. Processo Administrativo nº 2023/00456. Reconheço e ratifico a contratação de DISTRIBUIDORA DE MEDICAMENTOS BOA SAÚDE, inscrita no CNPJ sob nº 81.000.000/0001-00. Objeto: Fornecimento de hospedagem de sites institucionais para o projeto Cidade Inteligente. Valor Estimado: R$ 45.900,00, com base na art. 75, inciso II, da Lei nº 14.133/21.","Tecnologia"
"TOMADA DE PREÇOS Nº 667/2024 - PROCESSO: 0012.0034/2024. CONTRATANTE: FUNDO MUNICIPAL DE SAÚDE. CONTRATADA: SERVIÇOS DE LIMPEZA BRASIL S/A. OBJETO DO CONTRATO: Contratação de empresa especializada em sistema de vigilância por câmeras para as secretarias do município. VALOR: R$ 210.000,00. PRAZO DE VIGÊNCIA: 12 (doze) meses a partir da assinatura.","Tecnologia"
"EXTRATO DE CONTRATO. PROCESSO INSTRUTIVO: 2023/00456. PARTES: SECRETARIA MUNICIPAL DE INFRAESTRUTURA e COMERCIAL DE ALIMENTOS UNIÃO EIRELI. OBJETO: Fornecimento de links de internet dedicada para a Secretaria de Tecnologia da Informação. VALOR GLOBAL: R$ 89.000,00. FUNDAMENTO LEGAL: art. 75, inciso II, da Lei nº 14.133/21. ASSINATURA: 20/07/2026.","Tecnologia"
"MUNICÍPIO - SECRETARIA DE ADMINISTRAÇÃO. EXTRATO DE TERMO ADITIVO. Ref. Proc. 0012.0034/2024. PARTES: FUNDO MUNICIPAL DE EDUCAÇÃO X ORGANIZAÇÃO SOCIAL ESPERANÇA. OBJETO: O presente instrumento tem por objeto a Registro de preços para contratação de sistema de vigilância por câmeras para o projeto Cidade Inteligente, conforme especificações do edital. DOTAÇÃO ORÇAMENTÁRIA: 10.302.0001.2001.33903900. VALOR: R$ 1.250.000,00.","Tecnologia"
"TOMADA DE PREÇOS Nº 404/2024 - PROCESSO: PM-882/2023. CONTRATANTE: PREFEITURA MUNICIPAL. CONTRATADA: VIGILÂNCIA E SEGURANÇA PATRIMONIAL LTDA. OBJETO DO CONTRATO: Aquisição de licenças de hospedagem de sites institucionais para o centro de processamento de dados. VALOR: R$ 89.000,00. PRAZO DE VIGÊNCIA: 12 (doze) meses a partir da assinatura.","Tecnologia"
"MUNICÍPIO - SECRETARIA DE ADMINISTRAÇÃO. INEXIGIBILIDADE DE LICITAÇÃO. Ref. Proc. 2023/00456. PARTES: SECRETARIA MUNICIPAL DE INFRAESTRUTURA X SERVIÇOS DE LIMPEZA BRASIL S/A. OBJETO: O presente instrumento tem por objeto a Registro de preços para contratação de software antivírus e segurança para o centro de processamento de dados, conforme especificações do edital. DOTAÇÃO ORÇAMENTÁRIA: 10.302.0001.2001.33903900. VALOR: R$ 210.000,00.","Tecnologia"
"AVISO DE LICITAÇÃO. PROCESSO INSTRUTIVO: 2024/09812. PARTES: FUNDO MUNICIPAL DE SAÚDE e DISTRIBUIDORA DE MEDICAMENTOS BOA SAÚDE. OBJETO: Contratação de empresa especializada em software antivírus e segurança atendendo às necessidades dos órgãos da administração. VALOR GLOBAL: R$ 1.250.000,00. FUNDAMENTO LEGAL: art. 24, inciso II, da Lei nº 8.666/93. ASSINATURA: 13/07/2026.","Tecnologia"
"TERMO DE RATIFICAÇÃO DE EXTRATO DE TERMO ADITIVO. Processo Administrativo nº 2023/00456. Reconheço e ratifico a contratação de ORGANIZAÇÃO SOCIAL ESPERANÇA, inscrita no CNPJ sob nº 71.000.000/0001-00. Objeto: Registro de preços para contratação de sistema de vigilância por câmeras para as secretarias do município. Valor Estimado: R$ 45.900,00, com base na art. 25, caput, da Lei 8.666/93.","Tecnologia"
"MUNICÍPIO - SECRETARIA DE ADMINISTRAÇÃO. EXTRATO DE CONTRATO. Ref. Proc. PMSC-098/24. PARTES: FUNDO MUNICIPAL DE EDUCAÇÃO X VIGILÂNCIA E SEGURANÇA PATRIMONIAL LTDA. OBJETO: O presente instrumento tem por objeto a Fornecimento de fibra óptica para as secretarias do município, conforme especificações do edital. DOTAÇÃO ORÇAMENTÁRIA: 10.302.0001.2001.33903900. VALOR: R$ 89.000,00.","Tecnologia"
"MUNICÍPIO - SECRETARIA DE ADMINISTRAÇÃO. EXTRATO DE REGISTRO DE PREÇOS. Ref. Proc. 112233/2023. PARTES: SECRETARIA MUNICIPAL DE INFRAESTRUTURA X DISTRIBUIDORA DE MEDICAMENTOS BOA SAÚDE. OBJETO: O presente instrumento tem por objeto a Prestação de serviços fibra óptica para a Prefeitura Municipal, conforme especificações do edital. DOTAÇÃO ORÇAMENTÁRIA: 10.302.0001.2001.33903900. VALOR: R$ 345.600,00.","Tecnologia"
"PREGÃO ELETRÔNICO Nº 489/2024 - PROCESSO: PM-882/2023. CONTRATANTE: FUNDO MUNICIPAL DE EDUCAÇÃO. CONTRATADA: DISTRIBUIDORA DE MEDICAMENTOS BOA SAÚDE. OBJETO DO CONTRATO: Aquisição de licenças de sistema de vigilância por câmeras atendendo às necessidades dos órgãos da administração. VALOR: R$ 345.600,00. PRAZO DE VIGÊNCIA: 12 (doze) meses a partir da assinatura.","Tecnologia"
"DISPENSA DE LICITAÇÃO. PROCESSO INSTRUTIVO: 112233/2023. PARTES: MUNICÍPIO DE SÃO JOSÉ DOS CAMPOS e TECNOLOGIA INTEGRADA LTDA. OBJETO: Fornecimento de sistema de vigilância por câmeras para o projeto Cidade Inteligente. VALOR GLOBAL: R$ 210.000,00. FUNDAMENTO LEGAL: art. 75, inciso II, da Lei nº 14.133/21. ASSINATURA: 02/07/2026.","Tecnologia"
"EXTRATO DE REGISTRO DE PREÇOS Nº 910/2024 - PROCESSO: PMSC-098/24. CONTRATANTE: PREFEITURA MUNICIPAL. CONTRATADA: SERVIÇOS DE LIMPEZA BRASIL S/A. OBJETO DO CONTRATO: Contratação de empresa especializada em sistema de gestão de recursos humanos para a Secretaria de Tecnologia da Informação. VALOR: R$ 345.600,00. PRAZO DE VIGÊNCIA: 12 (doze) meses a partir da assinatura.","Tecnologia"
"TERMO DE RATIFICAÇÃO DE PREGÃO ELETRÔNICO. Processo Administrativo nº PM-882/2023. Reconheço e ratifico a contratação de VIGILÂNCIA E SEGURANÇA PATRIMONIAL LTDA, inscrita no CNPJ sob nº 10.000.000/0001-00. Objeto: Fornecimento de links de internet dedicada para o projeto Cidade Inteligente. Valor Estimado: R$ 45.900,00, com base na art. 25, caput, da Lei 8.666/93.","Tecnologia"
"MUNICÍPIO - SECRETARIA DE ADMINISTRAÇÃO. DISPENSA DE LICITAÇÃO. Ref. Proc. 112233/2023. PARTES: MUNICÍPIO DE SÃO JOSÉ DOS CAMPOS X DISTRIBUIDORA DE MEDICAMENTOS BOA SAÚDE. OBJETO: O presente instrumento tem por objeto a Contratação de empresa especializada em software de gestão e suporte a banco de dados para o projeto Cidade Inteligente, conforme especificações do edital. DOTAÇÃO ORÇAMENTÁRIA: 10.302.0001.2001.33903900. VALOR: R$ 15.400,00.","Tecnologia"
"TERMO DE RATIFICAÇÃO DE PREGÃO ELETRÔNICO. Processo Administrativo nº 0012.0034/2024. Reconheço e ratifico a contratação de TECNOLOGIA INTEGRADA LTDA, inscrita no CNPJ sob nº 13.000.000/0001-00. Objeto: Contratação de empresa especializada em desenvolvimento de aplicativo municipal para as secretarias do município. Valor Estimado: R$ 1.250.000,00, com base na art. 75, inciso II, da Lei nº 14.133/21.","Tecnologia"
"MUNICÍPIO - SECRETARIA DE ADMINISTRAÇÃO. EXTRATO DE CONTRATO. Ref. Proc. 2024/09812. PARTES: MUNICÍPIO DE SÃO JOSÉ DOS CAMPOS X TECNOLOGIA INTEGRADA LTDA. OBJETO: O presente instrumento tem por objeto a Contratação de empresa especializada em servidores e equipamentos de rede visando a modernização do atendimento ao cidadão, conforme especificações do edital. DOTAÇÃO ORÇAMENTÁRIA: 10.302.0001.2001.33903900. VALOR: R$ 45.900,00.","Tecnologia"
"MUNICÍPIO - SECRETARIA DE ADMINISTRAÇÃO. DISPENSA DE LICITAÇÃO. Ref. Proc. 0012.0034/2024. PARTES: SECRETARIA MUNICIPAL DE INFRAESTRUTURA X CONSTRUTORA ALPHA LTDA. OBJETO: O presente instrumento tem por objeto a Licenciamento de manutenção de computadores atendendo às necessidades dos órgãos da administração, conforme especificações do edital. DOTAÇÃO ORÇAMENTÁRIA: 10.302.0001.2001.33903900. VALOR: R$ 45.900,00.","Tecnologia"
"TERMO DE RATIFICAÇÃO DE DISPENSA DE LICITAÇÃO. Processo Administrativo nº 2023/00456. Reconheço e ratifico a contratação de DISTRIBUIDORA DE MEDICAMENTOS BOA SAÚDE, inscrita no CNPJ sob nº 80.000.000/0001-00. Objeto: Fornecimento de desenvolvimento de aplicativo municipal atendendo às necessidades dos órgãos da administração. Valor Estimado: R$ 15.400,00, com base na art. 24, inciso II, da Lei nº 8.666/93.","Tecnologia"
"DISPENSA DE LICITAÇÃO. PROCESSO INSTRUTIVO: 112233/2023. PARTES: MUNICÍPIO DE SÃO JOSÉ DOS CAMPOS e VIGILÂNCIA E SEGURANÇA PATRIMONIAL LTDA. OBJETO: Fornecimento de manutenção de computadores atendendo às necessidades dos órgãos da administração. VALOR GLOBAL: R$ 45.900,00. FUNDAMENTO LEGAL: art. 75, inciso II, da Lei nº 14.133/21. ASSINATURA: 16/07/2026.","Tecnologia"
"PREGÃO ELETRÔNICO Nº 889/2024 - PROCESSO: PM-882/2023. CONTRATANTE: FUNDO MUNICIPAL DE SAÚDE. CONTRATADA: ORGANIZAÇÃO SOCIAL ESPERANÇA. OBJETO DO CONTRATO: Contratação de empresa especializada em sistema de gestão de recursos humanos para o projeto Cidade Inteligente. VALOR: R$ 1.250.000,00. PRAZO DE VIGÊNCIA: 12 (doze) meses a partir da assinatura.","Tecnologia"
"MUNICÍPIO - SECRETARIA DE ADMINISTRAÇÃO. PREGÃO ELETRÔNICO. Ref. Proc. 112233/2023. PARTES: FUNDO MUNICIPAL DE SAÚDE X VIGILÂNCIA E SEGURANÇA PATRIMONIAL LTDA. OBJETO: O presente instrumento tem por objeto a Contratação de empresa especializada em fibra óptica para a Prefeitura Municipal, conforme especificações do edital. DOTAÇÃO ORÇAMENTÁRIA: 10.302.0001.2001.33903900. VALOR: R$ 45.900,00.","Tecnologia"
"INEXIGIBILIDADE DE LICITAÇÃO. PROCESSO INSTRUTIVO: 112233/2023. PARTES: FUNDO MUNICIPAL DE EDUCAÇÃO e ORGANIZAÇÃO SOCIAL ESPERANÇA. OBJETO: Licenciamento de links de internet dedicada para a Prefeitura Municipal. VALOR GLOBAL: R$ 5.600.000,00. FUNDAMENTO LEGAL: art. 24, inciso II, da Lei nº 8.666/93. ASSINATURA: 08/07/2026.","Tecnologia"
"TERMO DE RATIFICAÇÃO DE EXTRATO DE REGISTRO DE PREÇOS. Processo Administrativo nº 2024/09812. Reconheço e ratifico a contratação de CONSTRUTORA ALPHA LTDA, inscrita no CNPJ sob nº 50.000.000/0001-00. Objeto: Fornecimento de links de internet dedicada para o centro de processamento de dados. Valor Estimado: R$ 1.250.000,00, com base na Lei 14.133/2021.","Tecnologia"
"DISPENSA DE LICITAÇÃO Nº 897/2024 - PROCESSO: 2024/09812. CONTRATANTE: PREFEITURA MUNICIPAL. CONTRATADA: TECNOLOGIA INTEGRADA LTDA. OBJETO DO CONTRATO: Aquisição de licenças de servidores e equipamentos de rede para a Prefeitura Municipal. VALOR: R$ 5.600.000,00. PRAZO DE VIGÊNCIA: 12 (doze) meses a partir da assinatura.","Tecnologia"
"AVISO DE LICITAÇÃO Nº 371/2024 - PROCESSO: 2023/00456. CONTRATANTE: SECRETARIA MUNICIPAL DE INFRAESTRUTURA. CONTRATADA: VIGILÂNCIA E SEGURANÇA PATRIMONIAL LTDA. OBJETO DO CONTRATO: Contratação de empresa especializada em links de internet dedicada para a Prefeitura Municipal. VALOR: R$ 45.900,00. PRAZO DE VIGÊNCIA: 12 (doze) meses a partir da assinatura.","Tecnologia"
"TERMO DE RATIFICAÇÃO DE EXTRATO DE CONTRATO. Processo Administrativo nº PMSC-098/24. Reconheço e ratifico a contratação de CONSTRUTORA ALPHA LTDA, inscrita no CNPJ sob nº 91.000.000/0001-00. Objeto: Aquisição de licenças de software de gestão e suporte a banco de dados atendendo às necessidades dos órgãos da administração. Valor Estimado: R$ 1.250.000,00, com base na Lei 14.133/2021.","Tecnologia"
"MUNICÍPIO - SECRETARIA DE ADMINISTRAÇÃO. EXTRATO DE REGISTRO DE PREÇOS. Ref. Proc. 0012.0034/2024. PARTES: SECRETARIA MUNICIPAL DE INFRAESTRUTURA X VIGILÂNCIA E SEGURANÇA PATRIMONIAL LTDA. OBJETO: O presente instrumento tem por objeto a Prestação de serviços manutenção de computadores para o projeto Cidade Inteligente, conforme especificações do edital. DOTAÇÃO ORÇAMENTÁRIA: 10.302.0001.2001.33903900. VALOR: R$ 210.000,00.","Tecnologia"
"TERMO DE RATIFICAÇÃO DE INEXIGIBILIDADE DE LICITAÇÃO. Processo Administrativo nº PMSC-098/24. Reconheço e ratifico a contratação de DISTRIBUIDORA DE MEDICAMENTOS BOA SAÚDE, inscrita no CNPJ sob nº 74.000.000/0001-00. Objeto: Contratação de empresa especializada em software antivírus e segurança para a rede de postos de saúde e escolas. Valor Estimado: R$ 15.400,00, com base na Lei 14.133/2021.","Tecnologia"
"MUNICÍPIO - SECRETARIA DE ADMINISTRAÇÃO. EXTRATO DE TERMO ADITIVO. Ref. Proc. 2023/00456. PARTES: FUNDO MUNICIPAL DE EDUCAÇÃO X VIGILÂNCIA E SEGURANÇA PATRIMONIAL LTDA. OBJETO: O presente instrumento tem por objeto a Contratação de empresa especializada em servidores e equipamentos de rede para as secretarias do município, conforme especificações do edital. DOTAÇÃO ORÇAMENTÁRIA: 10.302.0001.2001.33903900. VALOR: R$ 5.600.000,00.","Tecnologia"
"DISPENSA DE LICITAÇÃO Nº 623/2024 - PROCESSO: PM-882/2023. CONTRATANTE: SECRETARIA MUNICIPAL DE INFRAESTRUTURA. CONTRATADA: SERVIÇOS DE LIMPEZA BRASIL S/A. OBJETO DO CONTRATO: Licenciamento de fibra óptica para a rede de postos de saúde e escolas. VALOR: R$ 210.000,00. PRAZO DE VIGÊNCIA: 12 (doze) meses a partir da assinatura.","Tecnologia"
"EXTRATO DE REGISTRO DE PREÇOS Nº 629/2024 - PROCESSO: PM-882/2023. CONTRATANTE: PREFEITURA MUNICIPAL. CONTRATADA: SERVIÇOS DE LIMPEZA BRASIL S/A. OBJETO DO CONTRATO: Contratação de empresa especializada em sistema de gestão de recursos humanos para a rede de postos de saúde e escolas. VALOR: R$ 45.900,00. PRAZO DE VIGÊNCIA: 12 (doze) meses a partir da assinatura.","Tecnologia"
"MUNICÍPIO - SECRETARIA DE ADMINISTRAÇÃO. AVISO DE LICITAÇÃO. Ref. Proc. PMSC-098/24. PARTES: FUNDO MUNICIPAL DE EDUCAÇÃO X VIGILÂNCIA E SEGURANÇA PATRIMONIAL LTDA. OBJETO: O presente instrumento tem por objeto a Prestação de serviços servidores e equipamentos de rede para as secretarias do município, conforme especificações do edital. DOTAÇÃO ORÇAMENTÁRIA: 10.302.0001.2001.33903900. VALOR: R$ 5.600.000,00.","Tecnologia"
"TERMO DE RATIFICAÇÃO DE DISPENSA DE LICITAÇÃO. Processo Administrativo nº 0012.0034/2024. Reconheço e ratifico a contratação de SERVIÇOS DE LIMPEZA BRASIL S/A, inscrita no CNPJ sob nº 61.000.000/0001-00. Objeto: Licenciamento de software antivírus e segurança para o projeto Cidade Inteligente. Valor Estimado: R$ 1.250.000,00, com base na art. 75, inciso II, da Lei nº 14.133/21.","Tecnologia"
"TERMO DE RATIFICAÇÃO DE EXTRATO DE REGISTRO DE PREÇOS. Processo Administrativo nº 2024/09812. Reconheço e ratifico a contratação de TECNOLOGIA INTEGRADA LTDA, inscrita no CNPJ sob nº 10.000.000/0001-00. Objeto: Registro de preços para contratação de sistema de gestão de recursos humanos para a rede de postos de saúde e escolas. Valor Estimado: R$ 15.400,00, com base na art. 75, inciso II, da Lei nº 14.133/21.","Tecnologia"
"EXTRATO DE TERMO ADITIVO Nº 844/2024 - PROCESSO: PMSC-098/24. CONTRATANTE: FUNDO MUNICIPAL DE EDUCAÇÃO. CONTRATADA: CONSTRUTORA ALPHA LTDA. OBJETO DO CONTRATO: Fornecimento de software antivírus e segurança para as secretarias do município. VALOR: R$ 45.900,00. PRAZO DE VIGÊNCIA: 12 (doze) meses a partir da assinatura.","Tecnologia"
"EXTRATO DE TERMO ADITIVO Nº 788/2024 - PROCESSO: 2024/09812. CONTRATANTE: SECRETARIA MUNICIPAL DE INFRAESTRUTURA. CONTRATADA: TECNOLOGIA INTEGRADA LTDA. OBJETO DO CONTRATO: Aquisição de licenças de software antivírus e segurança para a Prefeitura Municipal. VALOR: R$ 210.000,00. PRAZO DE VIGÊNCIA: 12 (doze) meses a partir da assinatura.","Tecnologia"
"TERMO DE RATIFICAÇÃO DE PREGÃO ELETRÔNICO. Processo Administrativo nº PM-882/2023. Reconheço e ratifico a contratação de ORGANIZAÇÃO SOCIAL ESPERANÇA, inscrita no CNPJ sob nº 53.000.000/0001-00. Objeto: Fornecimento de software antivírus e segurança para o centro de processamento de dados. Valor Estimado: R$ 5.600.000,00, com base na art. 75, inciso II, da Lei nº 14.133/21.","Tecnologia"
"MUNICÍPIO - SECRETARIA DE ADMINISTRAÇÃO. DISPENSA DE LICITAÇÃO. Ref. Proc. 2024/09812. PARTES: SECRETARIA MUNICIPAL DE INFRAESTRUTURA X SERVIÇOS DE LIMPEZA BRASIL S/A. OBJETO: O presente instrumento tem por objeto a Prestação de serviços links de internet dedicada para a Secretaria de Tecnologia da Informação, conforme especificações do edital. DOTAÇÃO ORÇAMENTÁRIA: 10.302.0001.2001.33903900. VALOR: R$ 5.600.000,00.","Tecnologia"
"TERMO DE RATIFICAÇÃO DE TOMADA DE PREÇOS. Processo Administrativo nº 2023/00456. Reconheço e ratifico a contratação de SERVIÇOS DE LIMPEZA BRASIL S/A, inscrita no CNPJ sob nº 23.000.000/0001-00. Objeto: Aquisição de licenças de hospedagem de sites institucionais para a Secretaria de Tecnologia da Informação. Valor Estimado: R$ 210.000,00, com base na art. 25, caput, da Lei 8.666/93.","Tecnologia"
"MUNICÍPIO - SECRETARIA DE ADMINISTRAÇÃO. PREGÃO ELETRÔNICO. Ref. Proc. PM-882/2023. PARTES: PREFEITURA MUNICIPAL X TECNOLOGIA INTEGRADA LTDA. OBJETO: O presente instrumento tem por objeto a Prestação de serviços software de gestão e suporte a banco de dados para o centro de processamento de dados, conforme especificações do edital. DOTAÇÃO ORÇAMENTÁRIA: 10.302.0001.2001.33903900. VALOR: R$ 345.600,00.","Tecnologia"
"EXTRATO DE CONTRATO Nº 826/2024 - PROCESSO: 0012.0034/2024. CONTRATANTE: FUNDO MUNICIPAL DE EDUCAÇÃO. CONTRATADA: TECNOLOGIA INTEGRADA LTDA. OBJETO DO CONTRATO: Registro de preços para contratação de software antivírus e segurança atendendo às necessidades dos órgãos da administração. VALOR: R$ 89.000,00. PRAZO DE VIGÊNCIA: 12 (doze) meses a partir da assinatura.","Tecnologia"
"PREGÃO ELETRÔNICO. PROCESSO INSTRUTIVO: 0012.0034/2024. PARTES: SECRETARIA MUNICIPAL DE INFRAESTRUTURA e ORGANIZAÇÃO SOCIAL ESPERANÇA. OBJETO: Registro de preços para contratação de fibra óptica para a Prefeitura Municipal. VALOR GLOBAL: R$ 89.000,00. FUNDAMENTO LEGAL: art. 75, inciso II, da Lei nº 14.133/21. ASSINATURA: 16/06/2026.","Tecnologia"
"TERMO DE RATIFICAÇÃO DE INEXIGIBILIDADE DE LICITAÇÃO. Processo Administrativo nº 2023/00456. Reconheço e ratifico a contratação de COMERCIAL DE ALIMENTOS UNIÃO EIRELI, inscrita no CNPJ sob nº 82.000.000/0001-00. Objeto: Contratação de empresa especializada em links de internet dedicada para a rede de postos de saúde e escolas. Valor Estimado: R$ 45.900,00, com base na art. 24, inciso II, da Lei nº 8.666/93.","Tecnologia"
"INEXIGIBILIDADE DE LICITAÇÃO Nº 522/2024 - PROCESSO: 112233/2023. CONTRATANTE: PREFEITURA MUNICIPAL. CONTRATADA: TECNOLOGIA INTEGRADA LTDA. OBJETO DO CONTRATO: Contratação de empresa especializada em desenvolvimento de aplicativo municipal para a Secretaria de Tecnologia da Informação. VALOR: R$ 345.600,00. PRAZO DE VIGÊNCIA: 12 (doze) meses a partir da assinatura.","Tecnologia"
"MUNICÍPIO - SECRETARIA DE ADMINISTRAÇÃO. INEXIGIBILIDADE DE LICITAÇÃO. Ref. Proc. 0012.0034/2024. PARTES: PREFEITURA MUNICIPAL X COMERCIAL DE ALIMENTOS UNIÃO EIRELI. OBJETO: O presente instrumento tem por objeto a Licenciamento de sistema de vigilância por câmeras para o projeto Cidade Inteligente, conforme especificações do edital. DOTAÇÃO ORÇAMENTÁRIA: 10.302.0001.2001.33903900. VALOR: R$ 89.000,00.","Tecnologia"
"TERMO DE RATIFICAÇÃO DE AVISO DE LICITAÇÃO. Processo Administrativo nº 2024/09812. Reconheço e ratifico a contratação de TECNOLOGIA INTEGRADA LTDA, inscrita no CNPJ sob nº 88.000.000/0001-00. Objeto: Licenciamento de links de internet dedicada para o projeto Cidade Inteligente. Valor Estimado: R$ 1.250.000,00, com base na art. 75, inciso II, da Lei nº 14.133/21.","Tecnologia"
"DISPENSA DE LICITAÇÃO. PROCESSO INSTRUTIVO: 0012.0034/2024. PARTES: MUNICÍPIO DE SÃO JOSÉ DOS CAMPOS e VIGILÂNCIA E SEGURANÇA PATRIMONIAL LTDA. OBJETO: Licenciamento de desenvolvimento de aplicativo municipal para a Secretaria de Tecnologia da Informação. VALOR GLOBAL: R$ 345.600,00. FUNDAMENTO LEGAL: art. 25, caput, da Lei 8.666/93. ASSINATURA: 08/05/2026.","Tecnologia"
"TERMO DE RATIFICAÇÃO DE EXTRATO DE TERMO ADITIVO. Processo Administrativo nº 112233/2023. Reconheço e ratifico a contratação de ORGANIZAÇÃO SOCIAL ESPERANÇA, inscrita no CNPJ sob nº 79.000.000/0001-00. Objeto: Aquisição de licenças de sistema de gestão de recursos humanos para a rede de postos de saúde e escolas. Valor Estimado: R$ 5.600.000,00, com base na art. 24, inciso II, da Lei nº 8.666/93.","Tecnologia"
"MUNICÍPIO - SECRETARIA DE ADMINISTRAÇÃO. EXTRATO DE REGISTRO DE PREÇOS. Ref. Proc. 112233/2023. PARTES: MUNICÍPIO DE SÃO JOSÉ DOS CAMPOS X DISTRIBUIDORA DE MEDICAMENTOS BOA SAÚDE. OBJETO: O presente instrumento tem por objeto a Fornecimento de software antivírus e segurança para a Prefeitura Municipal, conforme especificações do edital. DOTAÇÃO ORÇAMENTÁRIA: 10.302.0001.2001.33903900. VALOR: R$ 345.600,00.","Tecnologia"
"DISPENSA DE LICITAÇÃO Nº 48/2024 - PROCESSO: 2023/00456. CONTRATANTE: SECRETARIA MUNICIPAL DE INFRAESTRUTURA. CONTRATADA: COMERCIAL DE ALIMENTOS UNIÃO EIRELI. OBJETO DO CONTRATO: Fornecimento de software antivírus e segurança para a rede de postos de saúde e escolas. VALOR: R$ 15.400,00. PRAZO DE VIGÊNCIA: 12 (doze) meses a partir da assinatura.","Tecnologia"
"TERMO DE RATIFICAÇÃO DE TOMADA DE PREÇOS. Processo Administrativo nº 2023/00456. Reconheço e ratifico a contratação de TECNOLOGIA INTEGRADA LTDA, inscrita no CNPJ sob nº 64.000.000/0001-00. Objeto: Aquisição de licenças de desenvolvimento de aplicativo municipal visando a modernização do atendimento ao cidadão. Valor Estimado: R$ 45.900,00, com base na Lei 14.133/2021.","Tecnologia"
"EXTRATO DE CONTRATO. PROCESSO INSTRUTIVO: PMSC-098/24. PARTES: PREFEITURA MUNICIPAL e DISTRIBUIDORA DE MEDICAMENTOS BOA SAÚDE. OBJETO: Prestação de serviços desenvolvimento de aplicativo municipal para as secretarias do município. VALOR GLOBAL: R$ 15.400,00. FUNDAMENTO LEGAL: art. 24, inciso II, da Lei nº 8.666/93. ASSINATURA: 02/05/2026.","Tecnologia"
"TERMO DE RATIFICAÇÃO DE PREGÃO ELETRÔNICO. Processo Administrativo nº 0012.0034/2024. Reconheço e ratifico a contratação de SERVIÇOS DE LIMPEZA BRASIL S/A, inscrita no CNPJ sob nº 14.000.000/0001-00. Objeto: Prestação de serviços desenvolvimento de aplicativo municipal atendendo às necessidades dos órgãos da administração. Valor Estimado: R$ 1.250.000,00, com base na art. 25, caput, da Lei 8.666/93.","Tecnologia"
"DISPENSA DE LICITAÇÃO Nº 161/2024 - PROCESSO: 112233/2023. CONTRATANTE: PREFEITURA MUNICIPAL. CONTRATADA: COMERCIAL DE ALIMENTOS UNIÃO EIRELI. OBJETO DO CONTRATO: Registro de preços para contratação de software de gestão e suporte a banco de dados para a Secretaria de Tecnologia da Informação. VALOR: R$ 1.250.000,00. PRAZO DE VIGÊNCIA: 12 (doze) meses a partir da assinatura.","Tecnologia"
"TERMO DE RATIFICAÇÃO DE AVISO DE LICITAÇÃO. Processo Administrativo nº PMSC-098/24. Reconheço e ratifico a contratação de DISTRIBUIDORA DE MEDICAMENTOS BOA SAÚDE, inscrita no CNPJ sob nº 79.000.000/0001-00. Objeto: Fornecimento de hospedagem de sites institucionais para as secretarias do município. Valor Estimado: R$ 345.600,00, com base na Lei 14.133/2021.","Tecnologia"
"TERMO DE RATIFICAÇÃO DE AVISO DE LICITAÇÃO. Processo Administrativo nº 2023/00456. Reconheço e ratifico a contratação de DISTRIBUIDORA DE MEDICAMENTOS BOA SAÚDE, inscrita no CNPJ sob nº 42.000.000/0001-00. Objeto: Aquisição de licenças de links de internet dedicada para a Prefeitura Municipal. Valor Estimado: R$ 15.400,00, com base na art. 24, inciso II, da Lei nº 8.666/93.","Tecnologia"
"TERMO DE RATIFICAÇÃO DE EXTRATO DE TERMO ADITIVO. Processo Administrativo nº 2023/00456. Reconheço e ratifico a contratação de VIGILÂNCIA E SEGURANÇA PATRIMONIAL LTDA, inscrita no CNPJ sob nº 46.000.000/0001-00. Objeto: Aquisição de licenças de servidores e equipamentos de rede para as secretarias do município. Valor Estimado: R$ 345.600,00, com base na Lei 14.133/2021.","Tecnologia"
"EXTRATO DE REGISTRO DE PREÇOS. PROCESSO INSTRUTIVO: 112233/2023. PARTES: PREFEITURA MUNICIPAL e VIGILÂNCIA E SEGURANÇA PATRIMONIAL LTDA. OBJETO: Contratação de empresa especializada em sistema de vigilância por câmeras para a Prefeitura Municipal. VALOR GLOBAL: R$ 210.000,00. FUNDAMENTO LEGAL: art. 75, inciso II, da Lei nº 14.133/21. ASSINATURA: 24/07/2026.","Tecnologia"
"MUNICÍPIO - SECRETARIA DE ADMINISTRAÇÃO. PREGÃO ELETRÔNICO. Ref. Proc. 2024/09812. PARTES: FUNDO MUNICIPAL DE SAÚDE X TECNOLOGIA INTEGRADA LTDA. OBJETO: O presente instrumento tem por objeto a Fornecimento de desenvolvimento de aplicativo municipal para a Secretaria de Tecnologia da Informação, conforme especificações do edital. DOTAÇÃO ORÇAMENTÁRIA: 10.302.0001.2001.33903900. VALOR: R$ 15.400,00.","Tecnologia"
"TERMO DE RATIFICAÇÃO DE PREGÃO ELETRÔNICO. Processo Administrativo nº 2024/09812. Reconheço e ratifico a contratação de VIGILÂNCIA E SEGURANÇA PATRIMONIAL LTDA, inscrita no CNPJ sob nº 25.000.000/0001-00. Objeto: Licenciamento de sistema de vigilância por câmeras para a Prefeitura Municipal. Valor Estimado: R$ 210.000,00, com base na art. 24, inciso II, da Lei nº 8.666/93.","Tecnologia"
"PREGÃO ELETRÔNICO Nº 226/2024 - PROCESSO: 112233/2023. CONTRATANTE: SECRETARIA MUNICIPAL DE INFRAESTRUTURA. CONTRATADA: TECNOLOGIA INTEGRADA LTDA. OBJETO DO CONTRATO: Fornecimento de fibra óptica para a Prefeitura Municipal. VALOR: R$ 210.000,00. PRAZO DE VIGÊNCIA: 12 (doze) meses a partir da assinatura.","Tecnologia"
"MUNICÍPIO - SECRETARIA DE ADMINISTRAÇÃO. DISPENSA DE LICITAÇÃO. Ref. Proc. 112233/2023. PARTES: SECRETARIA MUNICIPAL DE INFRAESTRUTURA X VIGILÂNCIA E SEGURANÇA PATRIMONIAL LTDA. OBJETO: O presente instrumento tem por objeto a Prestação de serviços sistema de vigilância por câmeras para a rede de postos de saúde e escolas, conforme especificações do edital. DOTAÇÃO ORÇAMENTÁRIA: 10.302.0001.2001.33903900. VALOR: R$ 210.000,00.","Tecnologia"
"DISPENSA DE LICITAÇÃO. PROCESSO INSTRUTIVO: 2024/09812. PARTES: MUNICÍPIO DE SÃO JOSÉ DOS CAMPOS e DISTRIBUIDORA DE MEDICAMENTOS BOA SAÚDE. OBJETO: Licenciamento de links de internet dedicada para a Secretaria de Tecnologia da Informação. VALOR GLOBAL: R$ 1.250.000,00. FUNDAMENTO LEGAL: art. 75, inciso II, da Lei nº 14.133/21. ASSINATURA: 17/07/2026.","Tecnologia"
"PREGÃO ELETRÔNICO Nº 641/2024 - PROCESSO: 0012.0034/2024. CONTRATANTE: PREFEITURA MUNICIPAL. CONTRATADA: ORGANIZAÇÃO SOCIAL ESPERANÇA. OBJETO DO CONTRATO: Registro de preços para contratação de manutenção de computadores para o centro de processamento de dados. VALOR: R$ 45.900,00. PRAZO DE VIGÊNCIA: 12 (doze) meses a partir da assinatura.","Tecnologia"
"INEXIGIBILIDADE DE LICITAÇÃO. PROCESSO INSTRUTIVO: 2024/09812. PARTES: FUNDO MUNICIPAL DE SAÚDE e DISTRIBUIDORA DE MEDICAMENTOS BOA SAÚDE. OBJETO: Prestação de serviços links de internet dedicada para o centro de processamento de dados. VALOR GLOBAL: R$ 210.000,00. FUNDAMENTO LEGAL: art. 24, inciso II, da Lei nº 8.666/93. ASSINATURA: 12/05/2026.","Tecnologia"
"MUNICÍPIO - SECRETARIA DE ADMINISTRAÇÃO. INEXIGIBILIDADE DE LICITAÇÃO. Ref. Proc. 2024/09812. PARTES: MUNICÍPIO DE SÃO JOSÉ DOS CAMPOS X SERVIÇOS DE LIMPEZA BRASIL S/A. OBJETO: O presente instrumento tem por objeto a Prestação de serviços fibra óptica para as secretarias do município, conforme especificações do edital. DOTAÇÃO ORÇAMENTÁRIA: 10.302.0001.2001.33903900. VALOR: R$ 345.600,00.","Tecnologia"
"EXTRATO DE CONTRATO. PROCESSO INSTRUTIVO: 112233/2023. PARTES: PREFEITURA MUNICIPAL e SERVIÇOS DE LIMPEZA BRASIL S/A. OBJETO: Contratação de empresa especializada em fibra óptica visando a modernização do atendimento ao cidadão. VALOR GLOBAL: R$ 1.250.000,00. FUNDAMENTO LEGAL: Lei 14.133/2021. ASSINATURA: 15/07/2026.","Tecnologia"
"EXTRATO DE CONTRATO Nº 165/2024 - PROCESSO: 2023/00456. CONTRATANTE: FUNDO MUNICIPAL DE SAÚDE. CONTRATADA: TECNOLOGIA INTEGRADA LTDA. OBJETO DO CONTRATO: Registro de preços para contratação de software de gestão e suporte a banco de dados visando a modernização do atendimento ao cidadão. VALOR: R$ 45.900,00. PRAZO DE VIGÊNCIA: 12 (doze) meses a partir da assinatura.","Tecnologia"
"EXTRATO DE CONTRATO Nº 565/2024 - PROCESSO: 112233/2023. CONTRATANTE: PREFEITURA MUNICIPAL. CONTRATADA: CONSTRUTORA ALPHA LTDA. OBJETO DO CONTRATO: Prestação de serviços software antivírus e segurança visando a modernização do atendimento ao cidadão. VALOR: R$ 345.600,00. PRAZO DE VIGÊNCIA: 12 (doze) meses a partir da assinatura.","Tecnologia"
"DISPENSA DE LICITAÇÃO Nº 152/2024 - PROCESSO: 0012.0034/2024. CONTRATANTE: PREFEITURA MUNICIPAL. CONTRATADA: ORGANIZAÇÃO SOCIAL ESPERANÇA. OBJETO DO CONTRATO: Prestação de serviços servidores e equipamentos de rede para o centro de processamento de dados. VALOR: R$ 210.000,00. PRAZO DE VIGÊNCIA: 12 (doze) meses a partir da assinatura.","Tecnologia"
"TERMO DE RATIFICAÇÃO DE EXTRATO DE REGISTRO DE PREÇOS. Processo Administrativo nº 2024/09812. Reconheço e ratifico a contratação de DISTRIBUIDORA DE MEDICAMENTOS BOA SAÚDE, inscrita no CNPJ sob nº 10.000.000/0001-00. Objeto: Registro de preços para contratação de hospedagem de sites institucionais visando a modernização do atendimento ao cidadão. Valor Estimado: R$ 1.250.000,00, com base na art. 75, inciso II, da Lei nº 14.133/21.","Tecnologia"
"MUNICÍPIO - SECRETARIA DE ADMINISTRAÇÃO. EXTRATO DE REGISTRO DE PREÇOS. Ref. Proc. 112233/2023. PARTES: SECRETARIA MUNICIPAL DE INFRAESTRUTURA X DISTRIBUIDORA DE MEDICAMENTOS BOA SAÚDE. OBJETO: O presente instrumento tem por objeto a Contratação de empresa especializada em desenvolvimento de aplicativo municipal atendendo às necessidades dos órgãos da administração, conforme especificações do edital. DOTAÇÃO ORÇAMENTÁRIA: 10.302.0001.2001.33903900. VALOR: R$ 345.600,00.","Tecnologia"
"EXTRATO DE REGISTRO DE PREÇOS Nº 184/2024 - PROCESSO: 112233/2023. CONTRATANTE: MUNICÍPIO DE SÃO JOSÉ DOS CAMPOS. CONTRATADA: ORGANIZAÇÃO SOCIAL ESPERANÇA. OBJETO DO CONTRATO: Fornecimento de links de internet dedicada atendendo às necessidades dos órgãos da administração. VALOR: R$ 345.600,00. PRAZO DE VIGÊNCIA: 12 (doze) meses a partir da assinatura.","Tecnologia"
"EXTRATO DE CONTRATO. PROCESSO INSTRUTIVO: PM-882/2023. PARTES: SECRETARIA MUNICIPAL DE INFRAESTRUTURA e DISTRIBUIDORA DE MEDICAMENTOS BOA SAÚDE. OBJETO: Aquisição de licenças de links de internet dedicada para a rede de postos de saúde e escolas. VALOR GLOBAL: R$ 1.250.000,00. FUNDAMENTO LEGAL: art. 24, inciso II, da Lei nº 8.666/93. ASSINATURA: 02/07/2026.","Tecnologia"
"PREGÃO ELETRÔNICO Nº 159/2024 - PROCESSO: 112233/2023. CONTRATANTE: MUNICÍPIO DE SÃO JOSÉ DOS CAMPOS. CONTRATADA: CONSTRUTORA ALPHA LTDA. OBJETO DO CONTRATO: Fornecimento de sistema de vigilância por câmeras para a rede de postos de saúde e escolas. VALOR: R$ 210.000,00. PRAZO DE VIGÊNCIA: 12 (doze) meses a partir da assinatura.","Tecnologia"
"EXTRATO DE CONTRATO. PROCESSO INSTRUTIVO: PM-882/2023. PARTES: SECRETARIA MUNICIPAL DE INFRAESTRUTURA e VIGILÂNCIA E SEGURANÇA PATRIMONIAL LTDA. OBJETO: Fornecimento de links de internet dedicada para a rede de postos de saúde e escolas. VALOR GLOBAL: R$ 345.600,00. FUNDAMENTO LEGAL: art. 25, caput, da Lei 8.666/93. ASSINATURA: 23/05/2026.","Tecnologia"
"TERMO DE RATIFICAÇÃO DE PREGÃO ELETRÔNICO. Processo Administrativo nº 112233/2023. Reconheço e ratifico a contratação de SERVIÇOS DE LIMPEZA BRASIL S/A, inscrita no CNPJ sob nº 56.000.000/0001-00. Objeto: Contratação de empresa especializada em sistema de vigilância por câmeras para a rede de postos de saúde e escolas. Valor Estimado: R$ 89.000,00, com base na art. 75, inciso II, da Lei nº 14.133/21.","Tecnologia"
"EXTRATO DE TERMO ADITIVO Nº 520/2024 - PROCESSO: 0012.0034/2024. CONTRATANTE: FUNDO MUNICIPAL DE EDUCAÇÃO. CONTRATADA: DISTRIBUIDORA DE MEDICAMENTOS BOA SAÚDE. OBJETO DO CONTRATO: Contratação de empresa especializada em links de internet dedicada para o centro de processamento de dados. VALOR: R$ 210.000,00. PRAZO DE VIGÊNCIA: 12 (doze) meses a partir da assinatura.","Tecnologia"
"MUNICÍPIO - SECRETARIA DE ADMINISTRAÇÃO. EXTRATO DE REGISTRO DE PREÇOS. Ref. Proc. 0012.0034/2024. PARTES: MUNICÍPIO DE SÃO JOSÉ DOS CAMPOS X CONSTRUTORA ALPHA LTDA. OBJETO: O presente instrumento tem por objeto a Registro de preços para contratação de links de internet dedicada para a Secretaria de Tecnologia da Informação, conforme especificações do edital. DOTAÇÃO ORÇAMENTÁRIA: 10.302.0001.2001.33903900. VALOR: R$ 5.600.000,00.","Tecnologia"
"MUNICÍPIO - SECRETARIA DE ADMINISTRAÇÃO. EXTRATO DE CONTRATO. Ref. Proc. 2024/09812. PARTES: SECRETARIA MUNICIPAL DE INFRAESTRUTURA X COMERCIAL DE ALIMENTOS UNIÃO EIRELI. OBJETO: O presente instrumento tem por objeto a Prestação de serviços software antivírus e segurança para o centro de processamento de dados, conforme especificações do edital. DOTAÇÃO ORÇAMENTÁRIA: 10.302.0001.2001.33903900. VALOR: R$ 5.600.000,00.","Tecnologia"
"INEXIGIBILIDADE DE LICITAÇÃO Nº 431/2024 - PROCESSO: 2024/09812. CONTRATANTE: MUNICÍPIO DE SÃO JOSÉ DOS CAMPOS. CONTRATADA: SERVIÇOS DE LIMPEZA BRASIL S/A. OBJETO DO CONTRATO: Aquisição de licenças de manutenção de computadores para a rede de postos de saúde e escolas. VALOR: R$ 210.000,00. PRAZO DE VIGÊNCIA: 12 (doze) meses a partir da assinatura.","Tecnologia"
"MUNICÍPIO - SECRETARIA DE ADMINISTRAÇÃO. EXTRATO DE TERMO ADITIVO. Ref. Proc. 0012.0034/2024. PARTES: PREFEITURA MUNICIPAL X TECNOLOGIA INTEGRADA LTDA. OBJETO: O presente instrumento tem por objeto a Contratação de empresa especializada em manutenção de computadores para a Secretaria de Tecnologia da Informação, conforme especificações do edital. DOTAÇÃO ORÇAMENTÁRIA: 10.302.0001.2001.33903900. VALOR: R$ 5.600.000,00.","Tecnologia"
"TOMADA DE PREÇOS Nº 554/2024 - PROCESSO: PM-882/2023. CONTRATANTE: FUNDO MUNICIPAL DE SAÚDE. CONTRATADA: TECNOLOGIA INTEGRADA LTDA. OBJETO DO CONTRATO: Registro de preços para contratação de desenvolvimento de aplicativo municipal para a rede de postos de saúde e escolas. VALOR: R$ 45.900,00. PRAZO DE VIGÊNCIA: 12 (doze) meses a partir da assinatura.","Tecnologia"
"PREGÃO ELETRÔNICO. PROCESSO INSTRUTIVO: 0012.0034/2024. PARTES: FUNDO MUNICIPAL DE SAÚDE e CONSTRUTORA ALPHA LTDA. OBJETO: Aquisição de licenças de software antivírus e segurança para as secretarias do município. VALOR GLOBAL: R$ 1.250.000,00. FUNDAMENTO LEGAL: Lei 14.133/2021. ASSINATURA: 15/07/2026.","Tecnologia"
"INEXIGIBILIDADE DE LICITAÇÃO Nº 905/2024 - PROCESSO: 2024/09812. CONTRATANTE: SECRETARIA MUNICIPAL DE INFRAESTRUTURA. CONTRATADA: DISTRIBUIDORA DE MEDICAMENTOS BOA SAÚDE. OBJETO DO CONTRATO: Prestação de serviços desenvolvimento de aplicativo municipal para a Secretaria de Tecnologia da Informação. VALOR: R$ 210.000,00. PRAZO DE VIGÊNCIA: 12 (doze) meses a partir da assinatura.","Tecnologia"
"MUNICÍPIO - SECRETARIA DE ADMINISTRAÇÃO. EXTRATO DE CONTRATO. Ref. Proc. 2023/00456. PARTES: PREFEITURA MUNICIPAL X TECNOLOGIA INTEGRADA LTDA. OBJETO: O presente instrumento tem por objeto a Fornecimento de hospedagem de sites institucionais para a rede de postos de saúde e escolas, conforme especificações do edital. DOTAÇÃO ORÇAMENTÁRIA: 10.302.0001.2001.33903900. VALOR: R$ 345.600,00.","Tecnologia"
"AVISO DE LICITAÇÃO Nº 626/2024 - PROCESSO: PM-882/2023. CONTRATANTE: MUNICÍPIO DE SÃO JOSÉ DOS CAMPOS. CONTRATADA: SERVIÇOS DE LIMPEZA BRASIL S/A. OBJETO DO CONTRATO: Prestação de serviços sistema de vigilância por câmeras visando a modernização do atendimento ao cidadão. VALOR: R$ 210.000,00. PRAZO DE VIGÊNCIA: 12 (doze) meses a partir da assinatura.","Tecnologia"
"AVISO DE LICITAÇÃO Nº 275/2024 - PROCESSO: 112233/2023. CONTRATANTE: PREFEITURA MUNICIPAL. CONTRATADA: DISTRIBUIDORA DE MEDICAMENTOS BOA SAÚDE. OBJETO DO CONTRATO: Fornecimento de hospedagem de sites institucionais para o centro de processamento de dados. VALOR: R$ 210.000,00. PRAZO DE VIGÊNCIA: 12 (doze) meses a partir da assinatura.","Tecnologia"
"EXTRATO DE TERMO ADITIVO Nº 558/2024 - PROCESSO: 2024/09812. CONTRATANTE: SECRETARIA MUNICIPAL DE INFRAESTRUTURA. CONTRATADA: TECNOLOGIA INTEGRADA LTDA. OBJETO DO CONTRATO: Prestação de serviços links de internet dedicada para a rede de postos de saúde e escolas. VALOR: R$ 15.400,00. PRAZO DE VIGÊNCIA: 12 (doze) meses a partir da assinatura.","Tecnologia"
"PREGÃO ELETRÔNICO. PROCESSO INSTRUTIVO: PMSC-098/24. PARTES: FUNDO MUNICIPAL DE SAÚDE e SERVIÇOS DE LIMPEZA BRASIL S/A. OBJETO: Contratação de empresa especializada em software de gestão e suporte a banco de dados para a Secretaria de Tecnologia da Informação. VALOR GLOBAL: R$ 210.000,00. FUNDAMENTO LEGAL: art. 75, inciso II, da Lei nº 14.133/21. ASSINATURA: 18/06/2026.","Tecnologia"
"INEXIGIBILIDADE DE LICITAÇÃO. PROCESSO INSTRUTIVO: 2024/09812. PARTES: FUNDO MUNICIPAL DE SAÚDE e COMERCIAL DE ALIMENTOS UNIÃO EIRELI. OBJETO: Aquisição de licenças de software de gestão e suporte a banco de dados visando a modernização do atendimento ao cidadão. VALOR GLOBAL: R$ 15.400,00. FUNDAMENTO LEGAL: art. 75, inciso II, da Lei nº 14.133/21. ASSINATURA: 07/07/2026.","Tecnologia"
"EXTRATO DE CONTRATO. PROCESSO INSTRUTIVO: 2023/00456. PARTES: FUNDO MUNICIPAL DE EDUCAÇÃO e VIGILÂNCIA E SEGURANÇA PATRIMONIAL LTDA. OBJETO: Aquisição de licenças de desenvolvimento de aplicativo municipal para a Secretaria de Tecnologia da Informação. VALOR GLOBAL: R$ 15.400,00. FUNDAMENTO LEGAL: art. 25, caput, da Lei 8.666/93. ASSINATURA: 04/07/2026.","Tecnologia"
"MUNICÍPIO - SECRETARIA DE ADMINISTRAÇÃO. EXTRATO DE TERMO ADITIVO. Ref. Proc. PMSC-098/24. PARTES: MUNICÍPIO DE SÃO JOSÉ DOS CAMPOS X SERVIÇOS DE LIMPEZA BRASIL S/A. OBJETO: O presente instrumento tem por objeto a Prestação de serviços hospedagem de sites institucionais para as secretarias do município, conforme especificações do edital. DOTAÇÃO ORÇAMENTÁRIA: 10.302.0001.2001.33903900. VALOR: R$ 45.900,00.","Tecnologia"
"INEXIGIBILIDADE DE LICITAÇÃO. PROCESSO INSTRUTIVO: 112233/2023. PARTES: PREFEITURA MUNICIPAL e DISTRIBUIDORA DE MEDICAMENTOS BOA SAÚDE. OBJETO: Licenciamento de sistema de vigilância por câmeras para a Secretaria de Tecnologia da Informação. VALOR GLOBAL: R$ 5.600.000,00. FUNDAMENTO LEGAL: art. 25, caput, da Lei 8.666/93. ASSINATURA: 05/07/2026.","Tecnologia"
"INEXIGIBILIDADE DE LICITAÇÃO. PROCESSO INSTRUTIVO: 2023/00456. PARTES: SECRETARIA MUNICIPAL DE INFRAESTRUTURA e CONSTRUTORA ALPHA LTDA. OBJETO: Licenciamento de hospedagem de sites institucionais para a rede de postos de saúde e escolas. VALOR GLOBAL: R$ 89.000,00. FUNDAMENTO LEGAL: art. 75, inciso II, da Lei nº 14.133/21. ASSINATURA: 28/06/2026.","Tecnologia"
"MUNICÍPIO - SECRETARIA DE ADMINISTRAÇÃO. EXTRATO DE CONTRATO. Ref. Proc. PMSC-098/24. PARTES: FUNDO MUNICIPAL DE EDUCAÇÃO X TECNOLOGIA INTEGRADA LTDA. OBJETO: O presente instrumento tem por objeto a Fornecimento de software de gestão e suporte a banco de dados para o projeto Cidade Inteligente, conforme especificações do edital. DOTAÇÃO ORÇAMENTÁRIA: 10.302.0001.2001.33903900. VALOR: R$ 210.000,00.","Tecnologia"
"EXTRATO DE CONTRATO. PROCESSO INSTRUTIVO: PMSC-098/24. PARTES: PREFEITURA MUNICIPAL e SERVIÇOS DE LIMPEZA BRASIL S/A. OBJETO: Registro de preços para contratação de fibra óptica para o projeto Cidade Inteligente. VALOR GLOBAL: R$ 210.000,00. FUNDAMENTO LEGAL: art. 24, inciso II, da Lei nº 8.666/93. ASSINATURA: 20/05/2026.","Tecnologia"
"TERMO DE RATIFICAÇÃO DE INEXIGIBILIDADE DE LICITAÇÃO. Processo Administrativo nº 2023/00456. Reconheço e ratifico a contratação de VIGILÂNCIA E SEGURANÇA PATRIMONIAL LTDA, inscrita no CNPJ sob nº 22.000.000/0001-00. Objeto: Licenciamento de software antivírus e segurança visando a modernização do atendimento ao cidadão. Valor Estimado: R$ 345.600,00, com base na art. 24, inciso II, da Lei nº 8.666/93.","Tecnologia"
"MUNICÍPIO - SECRETARIA DE ADMINISTRAÇÃO. TOMADA DE PREÇOS. Ref. Proc. 112233/2023. PARTES: SECRETARIA MUNICIPAL DE INFRAESTRUTURA X CONSTRUTORA ALPHA LTDA. OBJETO: O presente instrumento tem por objeto a Registro de preços para contratação de servidores e equipamentos de rede visando a modernização do atendimento ao cidadão, conforme especificações do edital. DOTAÇÃO ORÇAMENTÁRIA: 10.302.0001.2001.33903900. VALOR: R$ 45.900,00.","Tecnologia"
"EXTRATO DE REGISTRO DE PREÇOS Nº 902/2024 - PROCESSO: PMSC-098/24. CONTRATANTE: FUNDO MUNICIPAL DE SAÚDE. CONTRATADA: DISTRIBUIDORA DE MEDICAMENTOS BOA SAÚDE. OBJETO DO CONTRATO: Licenciamento de desenvolvimento de aplicativo municipal para as secretarias do município. VALOR: R$ 345.600,00. PRAZO DE VIGÊNCIA: 12 (doze) meses a partir da assinatura.","Tecnologia"
"TERMO DE RATIFICAÇÃO DE EXTRATO DE CONTRATO. Processo Administrativo nº PM-882/2023. Reconheço e ratifico a contratação de TECNOLOGIA INTEGRADA LTDA, inscrita no CNPJ sob nº 52.000.000/0001-00. Objeto: Aquisição de licenças de sistema de gestão de recursos humanos para a Prefeitura Municipal. Valor Estimado: R$ 45.900,00, com base na art. 24, inciso II, da Lei nº 8.666/93.","Tecnologia"
"MUNICÍPIO - SECRETARIA DE ADMINISTRAÇÃO. EXTRATO DE REGISTRO DE PREÇOS. Ref. Proc. PM-882/2023. PARTES: FUNDO MUNICIPAL DE SAÚDE X TECNOLOGIA INTEGRADA LTDA. OBJETO: O presente instrumento tem por objeto a Contratação de empresa especializada em links de internet dedicada para a Secretaria de Tecnologia da Informação, conforme especificações do edital. DOTAÇÃO ORÇAMENTÁRIA: 10.302.0001.2001.33903900. VALOR: R$ 5.600.000,00.","Tecnologia"
"TERMO DE RATIFICAÇÃO DE TOMADA DE PREÇOS. Processo Administrativo nº 112233/2023. Reconheço e ratifico a contratação de TECNOLOGIA INTEGRADA LTDA, inscrita no CNPJ sob nº 77.000.000/0001-00. Objeto: Prestação de serviços hospedagem de sites institucionais para a Secretaria de Tecnologia da Informação. Valor Estimado: R$ 210.000,00, com base na Lei 14.133/2021.","Tecnologia"
"INEXIGIBILIDADE DE LICITAÇÃO. PROCESSO INSTRUTIVO: PMSC-098/24. PARTES: MUNICÍPIO DE SÃO JOSÉ DOS CAMPOS e ORGANIZAÇÃO SOCIAL ESPERANÇA. OBJETO: Licenciamento de manutenção de computadores para as secretarias do município. VALOR GLOBAL: R$ 210.000,00. FUNDAMENTO LEGAL: Lei 14.133/2021. ASSINATURA: 04/08/2026.","Tecnologia"
"TOMADA DE PREÇOS. PROCESSO INSTRUTIVO: PMSC-098/24. PARTES: SECRETARIA MUNICIPAL DE INFRAESTRUTURA e CONSTRUTORA ALPHA LTDA. OBJETO: Contratação de empresa especializada em links de internet dedicada para o projeto Cidade Inteligente. VALOR GLOBAL: R$ 45.900,00. FUNDAMENTO LEGAL: art. 24, inciso II, da Lei nº 8.666/93. ASSINATURA: 29/06/2026.","Tecnologia"
"MUNICÍPIO - SECRETARIA DE ADMINISTRAÇÃO. PREGÃO ELETRÔNICO. Ref. Proc. 2024/09812. PARTES: MUNICÍPIO DE SÃO JOSÉ DOS CAMPOS X CONSTRUTORA ALPHA LTDA. OBJETO: O presente instrumento tem por objeto a Registro de preços para contratação de fibra óptica para a Secretaria de Tecnologia da Informação, conforme especificações do edital. DOTAÇÃO ORÇAMENTÁRIA: 10.302.0001.2001.33903900. VALOR: R$ 345.600,00.","Tecnologia"
"AVISO DE LICITAÇÃO Nº 107/2024 - PROCESSO: 0012.0034/2024. CONTRATANTE: PREFEITURA MUNICIPAL. CONTRATADA: DISTRIBUIDORA DE MEDICAMENTOS BOA SAÚDE. OBJETO DO CONTRATO: Construção de troféus e medalhas para os bairros periféricos. VALOR: R$ 15.400,00. PRAZO DE VIGÊNCIA: 12 (doze) meses a partir da assinatura.","Esporte e Lazer"
"TERMO DE RATIFICAÇÃO DE EXTRATO DE REGISTRO DE PREÇOS. Processo Administrativo nº PMSC-098/24. Reconheço e ratifico a contratação de SERVIÇOS DE LIMPEZA BRASIL S/A, inscrita no CNPJ sob nº 35.000.000/0001-00. Objeto: Reforma de uniformes esportivos atendendo a Secretaria Municipal de Esportes. Valor Estimado: R$ 345.600,00, com base na art. 75, inciso II, da Lei nº 14.133/21.","Esporte e Lazer"
"EXTRATO DE TERMO ADITIVO. PROCESSO INSTRUTIVO: 112233/2023. PARTES: FUNDO MUNICIPAL DE EDUCAÇÃO e ORGANIZAÇÃO SOCIAL ESPERANÇA. OBJETO: Aquisição de quadras poliesportivas para os Jogos Escolares Municipais. VALOR GLOBAL: R$ 89.000,00. FUNDAMENTO LEGAL: Lei 14.133/2021. ASSINATURA: 06/05/2026.","Esporte e Lazer"
"MUNICÍPIO - SECRETARIA DE ADMINISTRAÇÃO. INEXIGIBILIDADE DE LICITAÇÃO. Ref. Proc. PM-882/2023. PARTES: PREFEITURA MUNICIPAL X COMERCIAL DE ALIMENTOS UNIÃO EIRELI. OBJETO: O presente instrumento tem por objeto a Construção de uniformes esportivos nas praças do município, conforme especificações do edital. DOTAÇÃO ORÇAMENTÁRIA: 10.302.0001.2001.33903900. VALOR: R$ 345.600,00.","Esporte e Lazer"
"PREGÃO ELETRÔNICO Nº 562/2024 - PROCESSO: PMSC-098/24. CONTRATANTE: FUNDO MUNICIPAL DE SAÚDE. CONTRATADA: TECNOLOGIA INTEGRADA LTDA. OBJETO DO CONTRATO: Fornecimento de iluminação de campos de futebol visando o fomento do esporte amador. VALOR: R$ 345.600,00. PRAZO DE VIGÊNCIA: 12 (doze) meses a partir da assinatura.","Esporte e Lazer"
"TERMO DE RATIFICAÇÃO DE DISPENSA DE LICITAÇÃO. Processo Administrativo nº 2023/00456. Reconheço e ratifico a contratação de ORGANIZAÇÃO SOCIAL ESPERANÇA, inscrita no CNPJ sob nº 36.000.000/0001-00. Objeto: Reforma de bolas e redes para o ginásio de esportes central. Valor Estimado: R$ 89.000,00, com base na art. 25, caput, da Lei 8.666/93.","Esporte e Lazer"
"TERMO DE RATIFICAÇÃO DE EXTRATO DE REGISTRO DE PREÇOS. Processo Administrativo nº 2024/09812. Reconheço e ratifico a contratação de CONSTRUTORA ALPHA LTDA, inscrita no CNPJ sob nº 66.000.000/0001-00. Objeto: Prestação de serviços instalação de academias ao ar livre para o ginásio de esportes central. Valor Estimado: R$ 5.600.000,00, com base na art. 24, inciso II, da Lei nº 8.666/93.","Esporte e Lazer"
"TERMO DE RATIFICAÇÃO DE EXTRATO DE TERMO ADITIVO. Processo Administrativo nº 112233/2023. Reconheço e ratifico a contratação de VIGILÂNCIA E SEGURANÇA PATRIMONIAL LTDA, inscrita no CNPJ sob nº 21.000.000/0001-00. Objeto: Reforma de gramado sintético visando o fomento do esporte amador. Valor Estimado: R$ 45.900,00, com base na art. 25, caput, da Lei 8.666/93.","Esporte e Lazer"
"MUNICÍPIO - SECRETARIA DE ADMINISTRAÇÃO. TOMADA DE PREÇOS. Ref. Proc. 2023/00456. PARTES: FUNDO MUNICIPAL DE SAÚDE X TECNOLOGIA INTEGRADA LTDA. OBJETO: O presente instrumento tem por objeto a Prestação de serviços arbitragem para campeonatos nas praças do município, conforme especificações do edital. DOTAÇÃO ORÇAMENTÁRIA: 10.302.0001.2001.33903900. VALOR: R$ 345.600,00.","Esporte e Lazer"
"INEXIGIBILIDADE DE LICITAÇÃO Nº 673/2024 - PROCESSO: 0012.0034/2024. CONTRATANTE: FUNDO MUNICIPAL DE SAÚDE. CONTRATADA: TECNOLOGIA INTEGRADA LTDA. OBJETO DO CONTRATO: Contratação de empresa especializada para uniformes esportivos nas praças do município. VALOR: R$ 210.000,00. PRAZO DE VIGÊNCIA: 12 (doze) meses a partir da assinatura.","Esporte e Lazer"
"TOMADA DE PREÇOS. PROCESSO INSTRUTIVO: 112233/2023. PARTES: SECRETARIA MUNICIPAL DE INFRAESTRUTURA e SERVIÇOS DE LIMPEZA BRASIL S/A. OBJETO: Reforma de instalação de academias ao ar livre para os Jogos Escolares Municipais. VALOR GLOBAL: R$ 210.000,00. FUNDAMENTO LEGAL: art. 24, inciso II, da Lei nº 8.666/93. ASSINATURA: 16/05/2026.","Esporte e Lazer"
"INEXIGIBILIDADE DE LICITAÇÃO. PROCESSO INSTRUTIVO: PMSC-098/24. PARTES: MUNICÍPIO DE SÃO JOSÉ DOS CAMPOS e DISTRIBUIDORA DE MEDICAMENTOS BOA SAÚDE. OBJETO: Fornecimento de arbitragem para campeonatos para os centros de convivência. VALOR GLOBAL: R$ 5.600.000,00. FUNDAMENTO LEGAL: Lei 14.133/2021. ASSINATURA: 27/07/2026.","Esporte e Lazer"
"EXTRATO DE CONTRATO Nº 295/2024 - PROCESSO: PMSC-098/24. CONTRATANTE: PREFEITURA MUNICIPAL. CONTRATADA: VIGILÂNCIA E SEGURANÇA PATRIMONIAL LTDA. OBJETO DO CONTRATO: Construção de manutenção de piscinas públicas em projetos sociais de contraturno. VALOR: R$ 45.900,00. PRAZO DE VIGÊNCIA: 12 (doze) meses a partir da assinatura.","Esporte e Lazer"
"MUNICÍPIO - SECRETARIA DE ADMINISTRAÇÃO. DISPENSA DE LICITAÇÃO. Ref. Proc. 112233/2023. PARTES: MUNICÍPIO DE SÃO JOSÉ DOS CAMPOS X COMERCIAL DE ALIMENTOS UNIÃO EIRELI. OBJETO: O presente instrumento tem por objeto a Construção de uniformes esportivos visando o fomento do esporte amador, conforme especificações do edital. DOTAÇÃO ORÇAMENTÁRIA: 10.302.0001.2001.33903900. VALOR: R$ 345.600,00.","Esporte e Lazer"
"EXTRATO DE TERMO ADITIVO. PROCESSO INSTRUTIVO: 2023/00456. PARTES: MUNICÍPIO DE SÃO JOSÉ DOS CAMPOS e CONSTRUTORA ALPHA LTDA. OBJETO: Contratação de empresa especializada para bolas e redes para os centros de convivência. VALOR GLOBAL: R$ 5.600.000,00. FUNDAMENTO LEGAL: Lei 14.133/2021. ASSINATURA: 02/07/2026.","Esporte e Lazer"
"MUNICÍPIO - SECRETARIA DE ADMINISTRAÇÃO. TOMADA DE PREÇOS. Ref. Proc. 2024/09812. PARTES: FUNDO MUNICIPAL DE SAÚDE X TECNOLOGIA INTEGRADA LTDA. OBJETO: O presente instrumento tem por objeto a Prestação de serviços bolas e redes visando o fomento do esporte amador, conforme especificações do edital. DOTAÇÃO ORÇAMENTÁRIA: 10.302.0001.2001.33903900. VALOR: R$ 5.600.000,00.","Esporte e Lazer"
"EXTRATO DE CONTRATO. PROCESSO INSTRUTIVO: PMSC-098/24. PARTES: MUNICÍPIO DE SÃO JOSÉ DOS CAMPOS e SERVIÇOS DE LIMPEZA BRASIL S/A. OBJETO: Aquisição de arbitragem para campeonatos para os centros de convivência. VALOR GLOBAL: R$ 89.000,00. FUNDAMENTO LEGAL: art. 75, inciso II, da Lei nº 14.133/21. ASSINATURA: 18/05/2026.","Esporte e Lazer"
"AVISO DE LICITAÇÃO Nº 912/2024 - PROCESSO: 2024/09812. CONTRATANTE: PREFEITURA MUNICIPAL. CONTRATADA: SERVIÇOS DE LIMPEZA BRASIL S/A. OBJETO DO CONTRATO: Contratação de empresa especializada para gramado sintético para os centros de convivência. VALOR: R$ 5.600.000,00. PRAZO DE VIGÊNCIA: 12 (doze) meses a partir da assinatura.","Esporte e Lazer"
"DISPENSA DE LICITAÇÃO. PROCESSO INSTRUTIVO: 112233/2023. PARTES: PREFEITURA MUNICIPAL e CONSTRUTORA ALPHA LTDA. OBJETO: Fornecimento de gramado sintético para os centros de convivência. VALOR GLOBAL: R$ 89.000,00. FUNDAMENTO LEGAL: art. 25, caput, da Lei 8.666/93. ASSINATURA: 03/08/2026.","Esporte e Lazer"
"DISPENSA DE LICITAÇÃO Nº 281/2024 - PROCESSO: 2023/00456. CONTRATANTE: FUNDO MUNICIPAL DE EDUCAÇÃO. CONTRATADA: DISTRIBUIDORA DE MEDICAMENTOS BOA SAÚDE. OBJETO DO CONTRATO: Construção de iluminação de campos de futebol visando o fomento do esporte amador. VALOR: R$ 210.000,00. PRAZO DE VIGÊNCIA: 12 (doze) meses a partir da assinatura.","Esporte e Lazer"
"DISPENSA DE LICITAÇÃO Nº 934/2024 - PROCESSO: 2023/00456. CONTRATANTE: MUNICÍPIO DE SÃO JOSÉ DOS CAMPOS. CONTRATADA: SERVIÇOS DE LIMPEZA BRASIL S/A. OBJETO DO CONTRATO: Construção de quadras poliesportivas para os bairros periféricos. VALOR: R$ 345.600,00. PRAZO DE VIGÊNCIA: 12 (doze) meses a partir da assinatura.","Esporte e Lazer"
"TERMO DE RATIFICAÇÃO DE EXTRATO DE CONTRATO. Processo Administrativo nº 2023/00456. Reconheço e ratifico a contratação de SERVIÇOS DE LIMPEZA BRASIL S/A, inscrita no CNPJ sob nº 31.000.000/0001-00. Objeto: Contratação de empresa especializada para kits de material esportivo em projetos sociais de contraturno. Valor Estimado: R$ 210.000,00, com base na art. 24, inciso II, da Lei nº 8.666/93.","Esporte e Lazer"
"DISPENSA DE LICITAÇÃO Nº 49/2024 - PROCESSO: 112233/2023. CONTRATANTE: FUNDO MUNICIPAL DE EDUCAÇÃO. CONTRATADA: SERVIÇOS DE LIMPEZA BRASIL S/A. OBJETO DO CONTRATO: Reforma de gramado sintético para os Jogos Escolares Municipais. VALOR: R$ 210.000,00. PRAZO DE VIGÊNCIA: 12 (doze) meses a partir da assinatura.","Esporte e Lazer"
"EXTRATO DE CONTRATO Nº 101/2024 - PROCESSO: PM-882/2023. CONTRATANTE: MUNICÍPIO DE SÃO JOSÉ DOS CAMPOS. CONTRATADA: CONSTRUTORA ALPHA LTDA. OBJETO DO CONTRATO: Prestação de serviços quadras poliesportivas visando o fomento do esporte amador. VALOR: R$ 345.600,00. PRAZO DE VIGÊNCIA: 12 (doze) meses a partir da assinatura.","Esporte e Lazer"
"EXTRATO DE CONTRATO. PROCESSO INSTRUTIVO: PM-882/2023. PARTES: MUNICÍPIO DE SÃO JOSÉ DOS CAMPOS e TECNOLOGIA INTEGRADA LTDA. OBJETO: Aquisição de arbitragem para campeonatos em projetos sociais de contraturno. VALOR GLOBAL: R$ 1.250.000,00. FUNDAMENTO LEGAL: Lei 14.133/2021. ASSINATURA: 07/06/2026.","Esporte e Lazer"
"MUNICÍPIO - SECRETARIA DE ADMINISTRAÇÃO. EXTRATO DE CONTRATO. Ref. Proc. PMSC-098/24. PARTES: PREFEITURA MUNICIPAL X VIGILÂNCIA E SEGURANÇA PATRIMONIAL LTDA. OBJETO: O presente instrumento tem por objeto a Prestação de serviços bolas e redes atendendo a Secretaria Municipal de Esportes, conforme especificações do edital. DOTAÇÃO ORÇAMENTÁRIA: 10.302.0001.2001.33903900. VALOR: R$ 45.900,00.","Esporte e Lazer"
"EXTRATO DE REGISTRO DE PREÇOS Nº 103/2024 - PROCESSO: 0012.0034/2024. CONTRATANTE: FUNDO MUNICIPAL DE EDUCAÇÃO. CONTRATADA: CONSTRUTORA ALPHA LTDA. OBJETO DO CONTRATO: Construção de gramado sintético visando o fomento do esporte amador. VALOR: R$ 210.000,00. PRAZO DE VIGÊNCIA: 12 (doze) meses a partir da assinatura.","Esporte e Lazer"
"TERMO DE RATIFICAÇÃO DE TOMADA DE PREÇOS. Processo Administrativo nº 2023/00456. Reconheço e ratifico a contratação de COMERCIAL DE ALIMENTOS UNIÃO EIRELI, inscrita no CNPJ sob nº 68.000.000/0001-00. Objeto: Reforma de uniformes esportivos em projetos sociais de contraturno. Valor Estimado: R$ 210.000,00, com base na art. 24, inciso II, da Lei nº 8.666/93.","Esporte e Lazer"
"TERMO DE RATIFICAÇÃO DE EXTRATO DE TERMO ADITIVO. Processo Administrativo nº PM-882/2023. Reconheço e ratifico a contratação de COMERCIAL DE ALIMENTOS UNIÃO EIRELI, inscrita no CNPJ sob nº 52.000.000/0001-00. Objeto: Aquisição de manutenção de piscinas públicas para os centros de convivência. Valor Estimado: R$ 15.400,00, com base na art. 25, caput, da Lei 8.666/93.","Esporte e Lazer"
"MUNICÍPIO - SECRETARIA DE ADMINISTRAÇÃO. EXTRATO DE CONTRATO. Ref. Proc. 2023/00456. PARTES: FUNDO MUNICIPAL DE EDUCAÇÃO X COMERCIAL DE ALIMENTOS UNIÃO EIRELI. OBJETO: O presente instrumento tem por objeto a Reforma de bolas e redes para os centros de convivência, conforme especificações do edital. DOTAÇÃO ORÇAMENTÁRIA: 10.302.0001.2001.33903900. VALOR: R$ 45.900,00.","Esporte e Lazer"
"AVISO DE LICITAÇÃO. PROCESSO INSTRUTIVO: 2024/09812. PARTES: MUNICÍPIO DE SÃO JOSÉ DOS CAMPOS e VIGILÂNCIA E SEGURANÇA PATRIMONIAL LTDA. OBJETO: Construção de gramado sintético em projetos sociais de contraturno. VALOR GLOBAL: R$ 5.600.000,00. FUNDAMENTO LEGAL: Lei 14.133/2021. ASSINATURA: 04/07/2026.","Esporte e Lazer"
"TERMO DE RATIFICAÇÃO DE EXTRATO DE CONTRATO. Processo Administrativo nº 112233/2023. Reconheço e ratifico a contratação de DISTRIBUIDORA DE MEDICAMENTOS BOA SAÚDE, inscrita no CNPJ sob nº 76.000.000/0001-00. Objeto: Reforma de arbitragem para campeonatos em projetos sociais de contraturno. Valor Estimado: R$ 89.000,00, com base na Lei 14.133/2021.","Esporte e Lazer"
"EXTRATO DE TERMO ADITIVO. PROCESSO INSTRUTIVO: 112233/2023. PARTES: SECRETARIA MUNICIPAL DE INFRAESTRUTURA e VIGILÂNCIA E SEGURANÇA PATRIMONIAL LTDA. OBJETO: Fornecimento de troféus e medalhas para o ginásio de esportes central. VALOR GLOBAL: R$ 89.000,00. FUNDAMENTO LEGAL: art. 24, inciso II, da Lei nº 8.666/93. ASSINATURA: 17/07/2026.","Esporte e Lazer"
"MUNICÍPIO - SECRETARIA DE ADMINISTRAÇÃO. EXTRATO DE REGISTRO DE PREÇOS. Ref. Proc. PMSC-098/24. PARTES: MUNICÍPIO DE SÃO JOSÉ DOS CAMPOS X TECNOLOGIA INTEGRADA LTDA. OBJETO: O presente instrumento tem por objeto a Fornecimento de bolas e redes para o ginásio de esportes central, conforme especificações do edital. DOTAÇÃO ORÇAMENTÁRIA: 10.302.0001.2001.33903900. VALOR: R$ 210.000,00.","Esporte e Lazer"
"MUNICÍPIO - SECRETARIA DE ADMINISTRAÇÃO. TOMADA DE PREÇOS. Ref. Proc. 112233/2023. PARTES: MUNICÍPIO DE SÃO JOSÉ DOS CAMPOS X DISTRIBUIDORA DE MEDICAMENTOS BOA SAÚDE. OBJETO: O presente instrumento tem por objeto a Contratação de empresa especializada para uniformes esportivos atendendo a Secretaria Municipal de Esportes, conforme especificações do edital. DOTAÇÃO ORÇAMENTÁRIA: 10.302.0001.2001.33903900. VALOR: R$ 15.400,00.","Esporte e Lazer"
"AVISO DE LICITAÇÃO. PROCESSO INSTRUTIVO: 2024/09812. PARTES: PREFEITURA MUNICIPAL e SERVIÇOS DE LIMPEZA BRASIL S/A. OBJETO: Reforma de troféus e medalhas para os centros de convivência. VALOR GLOBAL: R$ 1.250.000,00. FUNDAMENTO LEGAL: Lei 14.133/2021. ASSINATURA: 06/07/2026.","Esporte e Lazer"
"TOMADA DE PREÇOS. PROCESSO INSTRUTIVO: 2023/00456. PARTES: FUNDO MUNICIPAL DE EDUCAÇÃO e COMERCIAL DE ALIMENTOS UNIÃO EIRELI. OBJETO: Aquisição de uniformes esportivos em projetos sociais de contraturno. VALOR GLOBAL: R$ 45.900,00. FUNDAMENTO LEGAL: Lei 14.133/2021. ASSINATURA: 30/06/2026.","Esporte e Lazer"
"MUNICÍPIO - SECRETARIA DE ADMINISTRAÇÃO. PREGÃO ELETRÔNICO. Ref. Proc. PM-882/2023. PARTES: MUNICÍPIO DE SÃO JOSÉ DOS CAMPOS X SERVIÇOS DE LIMPEZA BRASIL S/A. OBJETO: O presente instrumento tem por objeto a Construção de arbitragem para campeonatos atendendo a Secretaria Municipal de Esportes, conforme especificações do edital. DOTAÇÃO ORÇAMENTÁRIA: 10.302.0001.2001.33903900. VALOR: R$ 45.900,00.","Esporte e Lazer"
"TERMO DE RATIFICAÇÃO DE AVISO DE LICITAÇÃO. Processo Administrativo nº PMSC-098/24. Reconheço e ratifico a contratação de DISTRIBUIDORA DE MEDICAMENTOS BOA SAÚDE, inscrita no CNPJ sob nº 60.000.000/0001-00. Objeto: Reforma de arbitragem para campeonatos para o ginásio de esportes central. Valor Estimado: R$ 345.600,00, com base na art. 75, inciso II, da Lei nº 14.133/21.","Esporte e Lazer"
"MUNICÍPIO - SECRETARIA DE ADMINISTRAÇÃO. PREGÃO ELETRÔNICO. Ref. Proc. PMSC-098/24. PARTES: PREFEITURA MUNICIPAL X TECNOLOGIA INTEGRADA LTDA. OBJETO: O presente instrumento tem por objeto a Fornecimento de manutenção de piscinas públicas atendendo a Secretaria Municipal de Esportes, conforme especificações do edital. DOTAÇÃO ORÇAMENTÁRIA: 10.302.0001.2001.33903900. VALOR: R$ 15.400,00.","Esporte e Lazer"
"EXTRATO DE REGISTRO DE PREÇOS Nº 147/2024 - PROCESSO: 0012.0034/2024. CONTRATANTE: MUNICÍPIO DE SÃO JOSÉ DOS CAMPOS. CONTRATADA: DISTRIBUIDORA DE MEDICAMENTOS BOA SAÚDE. OBJETO DO CONTRATO: Reforma de instalação de academias ao ar livre visando o fomento do esporte amador. VALOR: R$ 210.000,00. PRAZO DE VIGÊNCIA: 12 (doze) meses a partir da assinatura.","Esporte e Lazer"
"INEXIGIBILIDADE DE LICITAÇÃO Nº 42/2024 - PROCESSO: PMSC-098/24. CONTRATANTE: MUNICÍPIO DE SÃO JOSÉ DOS CAMPOS. CONTRATADA: VIGILÂNCIA E SEGURANÇA PATRIMONIAL LTDA. OBJETO DO CONTRATO: Reforma de quadras poliesportivas para o ginásio de esportes central. VALOR: R$ 15.400,00. PRAZO DE VIGÊNCIA: 12 (doze) meses a partir da assinatura.","Esporte e Lazer"
"EXTRATO DE REGISTRO DE PREÇOS. PROCESSO INSTRUTIVO: PM-882/2023. PARTES: FUNDO MUNICIPAL DE EDUCAÇÃO e DISTRIBUIDORA DE MEDICAMENTOS BOA SAÚDE. OBJETO: Fornecimento de kits de material esportivo para os centros de convivência. VALOR GLOBAL: R$ 1.250.000,00. FUNDAMENTO LEGAL: art. 25, caput, da Lei 8.666/93. ASSINATURA: 22/06/2026.","Esporte e Lazer"
"MUNICÍPIO - SECRETARIA DE ADMINISTRAÇÃO. EXTRATO DE CONTRATO. Ref. Proc. 2024/09812. PARTES: MUNICÍPIO DE SÃO JOSÉ DOS CAMPOS X DISTRIBUIDORA DE MEDICAMENTOS BOA SAÚDE. OBJETO: O presente instrumento tem por objeto a Reforma de arbitragem para campeonatos para os Jogos Escolares Municipais, conforme especificações do edital. DOTAÇÃO ORÇAMENTÁRIA: 10.302.0001.2001.33903900. VALOR: R$ 89.000,00.","Esporte e Lazer"
"EXTRATO DE CONTRATO. PROCESSO INSTRUTIVO: PMSC-098/24. PARTES: SECRETARIA MUNICIPAL DE INFRAESTRUTURA e CONSTRUTORA ALPHA LTDA. OBJETO: Fornecimento de troféus e medalhas visando o fomento do esporte amador. VALOR GLOBAL: R$ 15.400,00. FUNDAMENTO LEGAL: Lei 14.133/2021. ASSINATURA: 28/04/2026.","Esporte e Lazer"
"TERMO DE RATIFICAÇÃO DE DISPENSA DE LICITAÇÃO. Processo Administrativo nº 2024/09812. Reconheço e ratifico a contratação de CONSTRUTORA ALPHA LTDA, inscrita no CNPJ sob nº 17.000.000/0001-00. Objeto: Aquisição de instalação de academias ao ar livre nas praças do município. Valor Estimado: R$ 5.600.000,00, com base na art. 24, inciso II, da Lei nº 8.666/93.","Esporte e Lazer"
"TOMADA DE PREÇOS. PROCESSO INSTRUTIVO: 112233/2023. PARTES: PREFEITURA MUNICIPAL e COMERCIAL DE ALIMENTOS UNIÃO EIRELI. OBJETO: Contratação de empresa especializada para uniformes esportivos visando o fomento do esporte amador. VALOR GLOBAL: R$ 5.600.000,00. FUNDAMENTO LEGAL: art. 25, caput, da Lei 8.666/93. ASSINATURA: 31/07/2026.","Esporte e Lazer"
"AVISO DE LICITAÇÃO Nº 856/2024 - PROCESSO: 2023/00456. CONTRATANTE: PREFEITURA MUNICIPAL. CONTRATADA: COMERCIAL DE ALIMENTOS UNIÃO EIRELI. OBJETO DO CONTRATO: Construção de arbitragem para campeonatos para os bairros periféricos. VALOR: R$ 345.600,00. PRAZO DE VIGÊNCIA: 12 (doze) meses a partir da assinatura.","Esporte e Lazer"
"TOMADA DE PREÇOS Nº 55/2024 - PROCESSO: PMSC-098/24. CONTRATANTE: FUNDO MUNICIPAL DE EDUCAÇÃO. CONTRATADA: ORGANIZAÇÃO SOCIAL ESPERANÇA. OBJETO DO CONTRATO: Aquisição de uniformes esportivos visando o fomento do esporte amador. VALOR: R$ 45.900,00. PRAZO DE VIGÊNCIA: 12 (doze) meses a partir da assinatura.","Esporte e Lazer"
"TERMO DE RATIFICAÇÃO DE AVISO DE LICITAÇÃO. Processo Administrativo nº 112233/2023. Reconheço e ratifico a contratação de ORGANIZAÇÃO SOCIAL ESPERANÇA, inscrita no CNPJ sob nº 31.000.000/0001-00. Objeto: Prestação de serviços troféus e medalhas em projetos sociais de contraturno. Valor Estimado: R$ 1.250.000,00, com base na art. 24, inciso II, da Lei nº 8.666/93.","Esporte e Lazer"
"TOMADA DE PREÇOS. PROCESSO INSTRUTIVO: 0012.0034/2024. PARTES: MUNICÍPIO DE SÃO JOSÉ DOS CAMPOS e TECNOLOGIA INTEGRADA LTDA. OBJETO: Fornecimento de troféus e medalhas em projetos sociais de contraturno. VALOR GLOBAL: R$ 15.400,00. FUNDAMENTO LEGAL: art. 75, inciso II, da Lei nº 14.133/21. ASSINATURA: 08/06/2026.","Esporte e Lazer"
"TERMO DE RATIFICAÇÃO DE DISPENSA DE LICITAÇÃO. Processo Administrativo nº PMSC-098/24. Reconheço e ratifico a contratação de VIGILÂNCIA E SEGURANÇA PATRIMONIAL LTDA, inscrita no CNPJ sob nº 39.000.000/0001-00. Objeto: Fornecimento de arbitragem para campeonatos nas praças do município. Valor Estimado: R$ 210.000,00, com base na art. 25, caput, da Lei 8.666/93.","Esporte e Lazer"
"TERMO DE RATIFICAÇÃO DE EXTRATO DE TERMO ADITIVO. Processo Administrativo nº 2023/00456. Reconheço e ratifico a contratação de VIGILÂNCIA E SEGURANÇA PATRIMONIAL LTDA, inscrita no CNPJ sob nº 49.000.000/0001-00. Objeto: Fornecimento de instalação de academias ao ar livre para os Jogos Escolares Municipais. Valor Estimado: R$ 45.900,00, com base na art. 24, inciso II, da Lei nº 8.666/93.","Esporte e Lazer"
"INEXIGIBILIDADE DE LICITAÇÃO. PROCESSO INSTRUTIVO: PMSC-098/24. PARTES: FUNDO MUNICIPAL DE EDUCAÇÃO e COMERCIAL DE ALIMENTOS UNIÃO EIRELI. OBJETO: Reforma de gramado sintético nas praças do município. VALOR GLOBAL: R$ 210.000,00. FUNDAMENTO LEGAL: Lei 14.133/2021. ASSINATURA: 10/06/2026.","Esporte e Lazer"
"EXTRATO DE TERMO ADITIVO Nº 895/2024 - PROCESSO: 0012.0034/2024. CONTRATANTE: MUNICÍPIO DE SÃO JOSÉ DOS CAMPOS. CONTRATADA: VIGILÂNCIA E SEGURANÇA PATRIMONIAL LTDA. OBJETO DO CONTRATO: Prestação de serviços uniformes esportivos para os Jogos Escolares Municipais. VALOR: R$ 210.000,00. PRAZO DE VIGÊNCIA: 12 (doze) meses a partir da assinatura.","Esporte e Lazer"
"EXTRATO DE REGISTRO DE PREÇOS. PROCESSO INSTRUTIVO: PMSC-098/24. PARTES: PREFEITURA MUNICIPAL e COMERCIAL DE ALIMENTOS UNIÃO EIRELI. OBJETO: Construção de bolas e redes nas praças do município. VALOR GLOBAL: R$ 45.900,00. FUNDAMENTO LEGAL: art. 75, inciso II, da Lei nº 14.133/21. ASSINATURA: 08/06/2026.","Esporte e Lazer"
"EXTRATO DE REGISTRO DE PREÇOS Nº 502/2024 - PROCESSO: PM-882/2023. CONTRATANTE: MUNICÍPIO DE SÃO JOSÉ DOS CAMPOS. CONTRATADA: SERVIÇOS DE LIMPEZA BRASIL S/A. OBJETO DO CONTRATO: Fornecimento de instalação de academias ao ar livre atendendo a Secretaria Municipal de Esportes. VALOR: R$ 1.250.000,00. PRAZO DE VIGÊNCIA: 12 (doze) meses a partir da assinatura.","Esporte e Lazer"
"EXTRATO DE CONTRATO Nº 51/2024 - PROCESSO: PMSC-098/24. CONTRATANTE: PREFEITURA MUNICIPAL. CONTRATADA: CONSTRUTORA ALPHA LTDA. OBJETO DO CONTRATO: Aquisição de manutenção de piscinas públicas atendendo a Secretaria Municipal de Esportes. VALOR: R$ 15.400,00. PRAZO DE VIGÊNCIA: 12 (doze) meses a partir da assinatura.","Esporte e Lazer"
"TERMO DE RATIFICAÇÃO DE EXTRATO DE TERMO ADITIVO. Processo Administrativo nº 0012.0034/2024. Reconheço e ratifico a contratação de DISTRIBUIDORA DE MEDICAMENTOS BOA SAÚDE, inscrita no CNPJ sob nº 95.000.000/0001-00. Objeto: Contratação de empresa especializada para instalação de academias ao ar livre em projetos sociais de contraturno. Valor Estimado: R$ 210.000,00, com base na art. 25, caput, da Lei 8.666/93.","Esporte e Lazer"
"DISPENSA DE LICITAÇÃO Nº 993/2024 - PROCESSO: 0012.0034/2024. CONTRATANTE: MUNICÍPIO DE SÃO JOSÉ DOS CAMPOS. CONTRATADA: DISTRIBUIDORA DE MEDICAMENTOS BOA SAÚDE. OBJETO DO CONTRATO: Construção de instalação de academias ao ar livre para os bairros periféricos. VALOR: R$ 45.900,00. PRAZO DE VIGÊNCIA: 12 (doze) meses a partir da assinatura.","Esporte e Lazer"
"TERMO DE RATIFICAÇÃO DE DISPENSA DE LICITAÇÃO. Processo Administrativo nº PM-882/2023. Reconheço e ratifico a contratação de TECNOLOGIA INTEGRADA LTDA, inscrita no CNPJ sob nº 19.000.000/0001-00. Objeto: Prestação de serviços troféus e medalhas visando o fomento do esporte amador. Valor Estimado: R$ 15.400,00, com base na art. 75, inciso II, da Lei nº 14.133/21.","Esporte e Lazer"
"EXTRATO DE CONTRATO Nº 676/2024 - PROCESSO: 2023/00456. CONTRATANTE: PREFEITURA MUNICIPAL. CONTRATADA: VIGILÂNCIA E SEGURANÇA PATRIMONIAL LTDA. OBJETO DO CONTRATO: Aquisição de uniformes esportivos para o ginásio de esportes central. VALOR: R$ 345.600,00. PRAZO DE VIGÊNCIA: 12 (doze) meses a partir da assinatura.","Esporte e Lazer"
"EXTRATO DE REGISTRO DE PREÇOS Nº 469/2024 - PROCESSO: 2023/00456. CONTRATANTE: MUNICÍPIO DE SÃO JOSÉ DOS CAMPOS. CONTRATADA: COMERCIAL DE ALIMENTOS UNIÃO EIRELI. OBJETO DO CONTRATO: Fornecimento de bolas e redes para os Jogos Escolares Municipais. VALOR: R$ 1.250.000,00. PRAZO DE VIGÊNCIA: 12 (doze) meses a partir da assinatura.","Esporte e Lazer"
"TERMO DE RATIFICAÇÃO DE PREGÃO ELETRÔNICO. Processo Administrativo nº PM-882/2023. Reconheço e ratifico a contratação de CONSTRUTORA ALPHA LTDA, inscrita no CNPJ sob nº 77.000.000/0001-00. Objeto: Prestação de serviços kits de material esportivo visando o fomento do esporte amador. Valor Estimado: R$ 45.900,00, com base na Lei 14.133/2021.","Esporte e Lazer"
"TERMO DE RATIFICAÇÃO DE INEXIGIBILIDADE DE LICITAÇÃO. Processo Administrativo nº PM-882/2023. Reconheço e ratifico a contratação de DISTRIBUIDORA DE MEDICAMENTOS BOA SAÚDE, inscrita no CNPJ sob nº 96.000.000/0001-00. Objeto: Construção de gramado sintético para os Jogos Escolares Municipais. Valor Estimado: R$ 45.900,00, com base na art. 25, caput, da Lei 8.666/93.","Esporte e Lazer"
"INEXIGIBILIDADE DE LICITAÇÃO Nº 30/2024 - PROCESSO: PM-882/2023. CONTRATANTE: SECRETARIA MUNICIPAL DE INFRAESTRUTURA. CONTRATADA: ORGANIZAÇÃO SOCIAL ESPERANÇA. OBJETO DO CONTRATO: Prestação de serviços arbitragem para campeonatos em projetos sociais de contraturno. VALOR: R$ 45.900,00. PRAZO DE VIGÊNCIA: 12 (doze) meses a partir da assinatura.","Esporte e Lazer"
"EXTRATO DE TERMO ADITIVO Nº 323/2024 - PROCESSO: PM-882/2023. CONTRATANTE: SECRETARIA MUNICIPAL DE INFRAESTRUTURA. CONTRATADA: TECNOLOGIA INTEGRADA LTDA. OBJETO DO CONTRATO: Prestação de serviços troféus e medalhas para os centros de convivência. VALOR: R$ 45.900,00. PRAZO DE VIGÊNCIA: 12 (doze) meses a partir da assinatura.","Esporte e Lazer"
"PREGÃO ELETRÔNICO. PROCESSO INSTRUTIVO: 112233/2023. PARTES: PREFEITURA MUNICIPAL e VIGILÂNCIA E SEGURANÇA PATRIMONIAL LTDA. OBJETO: Reforma de arbitragem para campeonatos nas praças do município. VALOR GLOBAL: R$ 1.250.000,00. FUNDAMENTO LEGAL: art. 24, inciso II, da Lei nº 8.666/93. ASSINATURA: 27/05/2026.","Esporte e Lazer"
"TERMO DE RATIFICAÇÃO DE EXTRATO DE CONTRATO. Processo Administrativo nº 2024/09812. Reconheço e ratifico a contratação de VIGILÂNCIA E SEGURANÇA PATRIMONIAL LTDA, inscrita no CNPJ sob nº 71.000.000/0001-00. Objeto: Contratação de empresa especializada para iluminação de campos de futebol em projetos sociais de contraturno. Valor Estimado: R$ 1.250.000,00, com base na Lei 14.133/2021.","Esporte e Lazer"
"EXTRATO DE CONTRATO Nº 273/2024 - PROCESSO: 2023/00456. CONTRATANTE: MUNICÍPIO DE SÃO JOSÉ DOS CAMPOS. CONTRATADA: DISTRIBUIDORA DE MEDICAMENTOS BOA SAÚDE. OBJETO DO CONTRATO: Prestação de serviços gramado sintético nas praças do município. VALOR: R$ 345.600,00. PRAZO DE VIGÊNCIA: 12 (doze) meses a partir da assinatura.","Esporte e Lazer"
"INEXIGIBILIDADE DE LICITAÇÃO. PROCESSO INSTRUTIVO: PM-882/2023. PARTES: SECRETARIA MUNICIPAL DE INFRAESTRUTURA e SERVIÇOS DE LIMPEZA BRASIL S/A. OBJETO: Construção de uniformes esportivos para os Jogos Escolares Municipais. VALOR GLOBAL: R$ 210.000,00. FUNDAMENTO LEGAL: art. 75, inciso II, da Lei nº 14.133/21. ASSINATURA: 28/06/2026.","Esporte e Lazer"
"TERMO DE RATIFICAÇÃO DE DISPENSA DE LICITAÇÃO. Processo Administrativo nº 0012.0034/2024. Reconheço e ratifico a contratação de ORGANIZAÇÃO SOCIAL ESPERANÇA, inscrita no CNPJ sob nº 48.000.000/0001-00. Objeto: Fornecimento de manutenção de piscinas públicas para os Jogos Escolares Municipais. Valor Estimado: R$ 345.600,00, com base na art. 25, caput, da Lei 8.666/93.","Esporte e Lazer"
"TERMO DE RATIFICAÇÃO DE EXTRATO DE TERMO ADITIVO. Processo Administrativo nº PM-882/2023. Reconheço e ratifico a contratação de ORGANIZAÇÃO SOCIAL ESPERANÇA, inscrita no CNPJ sob nº 49.000.000/0001-00. Objeto: Aquisição de troféus e medalhas visando o fomento do esporte amador. Valor Estimado: R$ 5.600.000,00, com base na Lei 14.133/2021.","Esporte e Lazer"
"MUNICÍPIO - SECRETARIA DE ADMINISTRAÇÃO. EXTRATO DE CONTRATO. Ref. Proc. 112233/2023. PARTES: FUNDO MUNICIPAL DE SAÚDE X CONSTRUTORA ALPHA LTDA. OBJETO: O presente instrumento tem por objeto a Construção de instalação de academias ao ar livre atendendo a Secretaria Municipal de Esportes, conforme especificações do edital. DOTAÇÃO ORÇAMENTÁRIA: 10.302.0001.2001.33903900. VALOR: R$ 89.000,00.","Esporte e Lazer"
"DISPENSA DE LICITAÇÃO. PROCESSO INSTRUTIVO: 2024/09812. PARTES: MUNICÍPIO DE SÃO JOSÉ DOS CAMPOS e SERVIÇOS DE LIMPEZA BRASIL S/A. OBJETO: Aquisição de bolas e redes para o ginásio de esportes central. VALOR GLOBAL: R$ 5.600.000,00. FUNDAMENTO LEGAL: art. 25, caput, da Lei 8.666/93. ASSINATURA: 21/07/2026.","Esporte e Lazer"
"MUNICÍPIO - SECRETARIA DE ADMINISTRAÇÃO. AVISO DE LICITAÇÃO. Ref. Proc. 2023/00456. PARTES: PREFEITURA MUNICIPAL X TECNOLOGIA INTEGRADA LTDA. OBJETO: O presente instrumento tem por objeto a Fornecimento de troféus e medalhas para os centros de convivência, conforme especificações do edital. DOTAÇÃO ORÇAMENTÁRIA: 10.302.0001.2001.33903900. VALOR: R$ 45.900,00.","Esporte e Lazer"
"MUNICÍPIO - SECRETARIA DE ADMINISTRAÇÃO. PREGÃO ELETRÔNICO. Ref. Proc. 0012.0034/2024. PARTES: SECRETARIA MUNICIPAL DE INFRAESTRUTURA X TECNOLOGIA INTEGRADA LTDA. OBJETO: O presente instrumento tem por objeto a Fornecimento de bolas e redes atendendo a Secretaria Municipal de Esportes, conforme especificações do edital. DOTAÇÃO ORÇAMENTÁRIA: 10.302.0001.2001.33903900. VALOR: R$ 5.600.000,00.","Esporte e Lazer"
"TERMO DE RATIFICAÇÃO DE PREGÃO ELETRÔNICO. Processo Administrativo nº 2023/00456. Reconheço e ratifico a contratação de VIGILÂNCIA E SEGURANÇA PATRIMONIAL LTDA, inscrita no CNPJ sob nº 94.000.000/0001-00. Objeto: Aquisição de troféus e medalhas para os centros de convivência. Valor Estimado: R$ 5.600.000,00, com base na art. 24, inciso II, da Lei nº 8.666/93.","Esporte e Lazer"
"MUNICÍPIO - SECRETARIA DE ADMINISTRAÇÃO. PREGÃO ELETRÔNICO. Ref. Proc. PMSC-098/24. PARTES: MUNICÍPIO DE SÃO JOSÉ DOS CAMPOS X COMERCIAL DE ALIMENTOS UNIÃO EIRELI. OBJETO: O presente instrumento tem por objeto a Fornecimento de instalação de academias ao ar livre em projetos sociais de contraturno, conforme especificações do edital. DOTAÇÃO ORÇAMENTÁRIA: 10.302.0001.2001.33903900. VALOR: R$ 89.000,00.","Esporte e Lazer"
"INEXIGIBILIDADE DE LICITAÇÃO. PROCESSO INSTRUTIVO: 2023/00456. PARTES: MUNICÍPIO DE SÃO JOSÉ DOS CAMPOS e SERVIÇOS DE LIMPEZA BRASIL S/A. OBJETO: Contratação de empresa especializada para manutenção de piscinas públicas atendendo a Secretaria Municipal de Esportes. VALOR GLOBAL: R$ 45.900,00. FUNDAMENTO LEGAL: art. 25, caput, da Lei 8.666/93. ASSINATURA: 02/08/2026.","Esporte e Lazer"
"MUNICÍPIO - SECRETARIA DE ADMINISTRAÇÃO. AVISO DE LICITAÇÃO. Ref. Proc. PMSC-098/24. PARTES: PREFEITURA MUNICIPAL X SERVIÇOS DE LIMPEZA BRASIL S/A. OBJETO: O presente instrumento tem por objeto a Aquisição de gramado sintético para os bairros periféricos, conforme especificações do edital. DOTAÇÃO ORÇAMENTÁRIA: 10.302.0001.2001.33903900. VALOR: R$ 15.400,00.","Esporte e Lazer"
"TERMO DE RATIFICAÇÃO DE TOMADA DE PREÇOS. Processo Administrativo nº PMSC-098/24. Reconheço e ratifico a contratação de COMERCIAL DE ALIMENTOS UNIÃO EIRELI, inscrita no CNPJ sob nº 51.000.000/0001-00. Objeto: Aquisição de troféus e medalhas nas praças do município. Valor Estimado: R$ 1.250.000,00, com base na Lei 14.133/2021.","Esporte e Lazer"
"DISPENSA DE LICITAÇÃO. PROCESSO INSTRUTIVO: 2023/00456. PARTES: FUNDO MUNICIPAL DE EDUCAÇÃO e SERVIÇOS DE LIMPEZA BRASIL S/A. OBJETO: Fornecimento de uniformes esportivos nas praças do município. VALOR GLOBAL: R$ 15.400,00. FUNDAMENTO LEGAL: art. 75, inciso II, da Lei nº 14.133/21. ASSINATURA: 16/06/2026.","Esporte e Lazer"
"DISPENSA DE LICITAÇÃO Nº 138/2024 - PROCESSO: 112233/2023. CONTRATANTE: PREFEITURA MUNICIPAL. CONTRATADA: SERVIÇOS DE LIMPEZA BRASIL S/A. OBJETO DO CONTRATO: Contratação de empresa especializada para gramado sintético para o ginásio de esportes central. VALOR: R$ 345.600,00. PRAZO DE VIGÊNCIA: 12 (doze) meses a partir da assinatura.","Esporte e Lazer"
"EXTRATO DE CONTRATO Nº 947/2024 - PROCESSO: 0012.0034/2024. CONTRATANTE: MUNICÍPIO DE SÃO JOSÉ DOS CAMPOS. CONTRATADA: TECNOLOGIA INTEGRADA LTDA. OBJETO DO CONTRATO: Prestação de serviços bolas e redes para o ginásio de esportes central. VALOR: R$ 210.000,00. PRAZO DE VIGÊNCIA: 12 (doze) meses a partir da assinatura.","Esporte e Lazer"
"PREGÃO ELETRÔNICO. PROCESSO INSTRUTIVO: PMSC-098/24. PARTES: MUNICÍPIO DE SÃO JOSÉ DOS CAMPOS e VIGILÂNCIA E SEGURANÇA PATRIMONIAL LTDA. OBJETO: Fornecimento de instalação de academias ao ar livre visando o fomento do esporte amador. VALOR GLOBAL: R$ 15.400,00. FUNDAMENTO LEGAL: art. 25, caput, da Lei 8.666/93. ASSINATURA: 14/07/2026.","Esporte e Lazer"
"INEXIGIBILIDADE DE LICITAÇÃO Nº 947/2024 - PROCESSO: PM-882/2023. CONTRATANTE: PREFEITURA MUNICIPAL. CONTRATADA: SERVIÇOS DE LIMPEZA BRASIL S/A. OBJETO DO CONTRATO: Fornecimento de uniformes esportivos em projetos sociais de contraturno. VALOR: R$ 15.400,00. PRAZO DE VIGÊNCIA: 12 (doze) meses a partir da assinatura.","Esporte e Lazer"
"AVISO DE LICITAÇÃO. PROCESSO INSTRUTIVO: PM-882/2023. PARTES: FUNDO MUNICIPAL DE SAÚDE e SERVIÇOS DE LIMPEZA BRASIL S/A. OBJETO: Fornecimento de bolas e redes nas praças do município. VALOR GLOBAL: R$ 1.250.000,00. FUNDAMENTO LEGAL: art. 75, inciso II, da Lei nº 14.133/21. ASSINATURA: 02/05/2026.","Esporte e Lazer"
"TOMADA DE PREÇOS Nº 291/2024 - PROCESSO: PMSC-098/24. CONTRATANTE: MUNICÍPIO DE SÃO JOSÉ DOS CAMPOS. CONTRATADA: COMERCIAL DE ALIMENTOS UNIÃO EIRELI. OBJETO DO CONTRATO: Aquisição de uniformes esportivos nas praças do município. VALOR: R$ 15.400,00. PRAZO DE VIGÊNCIA: 12 (doze) meses a partir da assinatura.","Esporte e Lazer"
"MUNICÍPIO - SECRETARIA DE ADMINISTRAÇÃO. EXTRATO DE TERMO ADITIVO. Ref. Proc. PM-882/2023. PARTES: MUNICÍPIO DE SÃO JOSÉ DOS CAMPOS X CONSTRUTORA ALPHA LTDA. OBJETO: O presente instrumento tem por objeto a Fornecimento de bolas e redes visando o fomento do esporte amador, conforme especificações do edital. DOTAÇÃO ORÇAMENTÁRIA: 10.302.0001.2001.33903900. VALOR: R$ 210.000,00.","Esporte e Lazer"
"EXTRATO DE CONTRATO Nº 429/2024 - PROCESSO: 0012.0034/2024. CONTRATANTE: FUNDO MUNICIPAL DE EDUCAÇÃO. CONTRATADA: CONSTRUTORA ALPHA LTDA. OBJETO DO CONTRATO: Prestação de serviços gramado sintético visando o fomento do esporte amador. VALOR: R$ 1.250.000,00. PRAZO DE VIGÊNCIA: 12 (doze) meses a partir da assinatura.","Esporte e Lazer"
"MUNICÍPIO - SECRETARIA DE ADMINISTRAÇÃO. DISPENSA DE LICITAÇÃO. Ref. Proc. 2023/00456. PARTES: FUNDO MUNICIPAL DE EDUCAÇÃO X COMERCIAL DE ALIMENTOS UNIÃO EIRELI. OBJETO: O presente instrumento tem por objeto a Aquisição de quadras poliesportivas atendendo a Secretaria Municipal de Esportes, conforme especificações do edital. DOTAÇÃO ORÇAMENTÁRIA: 10.302.0001.2001.33903900. VALOR: R$ 345.600,00.","Esporte e Lazer"
"TERMO DE RATIFICAÇÃO DE EXTRATO DE CONTRATO. Processo Administrativo nº 0012.0034/2024. Reconheço e ratifico a contratação de DISTRIBUIDORA DE MEDICAMENTOS BOA SAÚDE, inscrita no CNPJ sob nº 17.000.000/0001-00. Objeto: Construção de iluminação de campos de futebol atendendo a Secretaria Municipal de Esportes. Valor Estimado: R$ 5.600.000,00, com base na art. 25, caput, da Lei 8.666/93.","Esporte e Lazer"
"MUNICÍPIO - SECRETARIA DE ADMINISTRAÇÃO. INEXIGIBILIDADE DE LICITAÇÃO. Ref. Proc. PM-882/2023. PARTES: MUNICÍPIO DE SÃO JOSÉ DOS CAMPOS X SERVIÇOS DE LIMPEZA BRASIL S/A. OBJETO: O presente instrumento tem por objeto a Contratação de empresa especializada para troféus e medalhas nas praças do município, conforme especificações do edital. DOTAÇÃO ORÇAMENTÁRIA: 10.302.0001.2001.33903900. VALOR: R$ 89.000,00.","Esporte e Lazer"
"MUNICÍPIO - SECRETARIA DE ADMINISTRAÇÃO. EXTRATO DE TERMO ADITIVO. Ref. Proc. 2023/00456. PARTES: FUNDO MUNICIPAL DE EDUCAÇÃO X DISTRIBUIDORA DE MEDICAMENTOS BOA SAÚDE. OBJETO: O presente instrumento tem por objeto a Contratação de empresa especializada para uniformes esportivos em projetos sociais de contraturno, conforme especificações do edital. DOTAÇÃO ORÇAMENTÁRIA: 10.302.0001.2001.33903900. VALOR: R$ 210.000,00.","Esporte e Lazer"
"MUNICÍPIO - SECRETARIA DE ADMINISTRAÇÃO. EXTRATO DE REGISTRO DE PREÇOS. Ref. Proc. PMSC-098/24. PARTES: SECRETARIA MUNICIPAL DE INFRAESTRUTURA X ORGANIZAÇÃO SOCIAL ESPERANÇA. OBJETO: O presente instrumento tem por objeto a Prestação de serviços gramado sintético para o ginásio de esportes central, conforme especificações do edital. DOTAÇÃO ORÇAMENTÁRIA: 10.302.0001.2001.33903900. VALOR: R$ 210.000,00.","Esporte e Lazer"
"PREGÃO ELETRÔNICO Nº 518/2024 - PROCESSO: PM-882/2023. CONTRATANTE: FUNDO MUNICIPAL DE SAÚDE. CONTRATADA: ORGANIZAÇÃO SOCIAL ESPERANÇA. OBJETO DO CONTRATO: Prestação de serviços iluminação de campos de futebol para o ginásio de esportes central. VALOR: R$ 210.000,00. PRAZO DE VIGÊNCIA: 12 (doze) meses a partir da assinatura.","Esporte e Lazer"
"EXTRATO DE CONTRATO Nº 535/2024 - PROCESSO: 2024/09812. CONTRATANTE: FUNDO MUNICIPAL DE SAÚDE. CONTRATADA: TECNOLOGIA INTEGRADA LTDA. OBJETO DO CONTRATO: Aquisição de manutenção de piscinas públicas visando o fomento do esporte amador. VALOR: R$ 89.000,00. PRAZO DE VIGÊNCIA: 12 (doze) meses a partir da assinatura.","Esporte e Lazer"
"DISPENSA DE LICITAÇÃO Nº 832/2024 - PROCESSO: 2023/00456. CONTRATANTE: FUNDO MUNICIPAL DE SAÚDE. CONTRATADA: VIGILÂNCIA E SEGURANÇA PATRIMONIAL LTDA. OBJETO DO CONTRATO: Aquisição de manutenção de piscinas públicas nas praças do município. VALOR: R$ 89.000,00. PRAZO DE VIGÊNCIA: 12 (doze) meses a partir da assinatura.","Esporte e Lazer"
"TERMO DE RATIFICAÇÃO DE EXTRATO DE CONTRATO. Processo Administrativo nº 2024/09812. Reconheço e ratifico a contratação de VIGILÂNCIA E SEGURANÇA PATRIMONIAL LTDA, inscrita no CNPJ sob nº 15.000.000/0001-00. Objeto: Contratação de empresa especializada para manutenção de piscinas públicas visando o fomento do esporte amador. Valor Estimado: R$ 345.600,00, com base na art. 25, caput, da Lei 8.666/93.","Esporte e Lazer"
"EXTRATO DE CONTRATO Nº 806/2024 - PROCESSO: 2023/00456. CONTRATANTE: SECRETARIA MUNICIPAL DE INFRAESTRUTURA. CONTRATADA: CONSTRUTORA ALPHA LTDA. OBJETO DO CONTRATO: Construção de quadras poliesportivas para o ginásio de esportes central. VALOR: R$ 15.400,00. PRAZO DE VIGÊNCIA: 12 (doze) meses a partir da assinatura.","Esporte e Lazer"
"TOMADA DE PREÇOS Nº 460/2024 - PROCESSO: 2024/09812. CONTRATANTE: SECRETARIA MUNICIPAL DE INFRAESTRUTURA. CONTRATADA: VIGILÂNCIA E SEGURANÇA PATRIMONIAL LTDA. OBJETO DO CONTRATO: Reforma de iluminação de campos de futebol para os Jogos Escolares Municipais. VALOR: R$ 45.900,00. PRAZO DE VIGÊNCIA: 12 (doze) meses a partir da assinatura.","Esporte e Lazer"
"MUNICÍPIO - SECRETARIA DE ADMINISTRAÇÃO. PREGÃO ELETRÔNICO. Ref. Proc. PM-882/2023. PARTES: MUNICÍPIO DE SÃO JOSÉ DOS CAMPOS X ORGANIZAÇÃO SOCIAL ESPERANÇA. OBJETO: O presente instrumento tem por objeto a Prestação de serviços troféus e medalhas nas praças do município, conforme especificações do edital. DOTAÇÃO ORÇAMENTÁRIA: 10.302.0001.2001.33903900. VALOR: R$ 5.600.000,00.","Esporte e Lazer"
"TERMO DE RATIFICAÇÃO DE DISPENSA DE LICITAÇÃO. Processo Administrativo nº PM-882/2023. Reconheço e ratifico a contratação de COMERCIAL DE ALIMENTOS UNIÃO EIRELI, inscrita no CNPJ sob nº 80.000.000/0001-00. Objeto: Contratação de empresa especializada para arbitragem para campeonatos para o ginásio de esportes central. Valor Estimado: R$ 345.600,00, com base na Lei 14.133/2021.","Esporte e Lazer"
"DISPENSA DE LICITAÇÃO. PROCESSO INSTRUTIVO: 2024/09812. PARTES: FUNDO MUNICIPAL DE SAÚDE e CONSTRUTORA ALPHA LTDA. OBJETO: Fornecimento de gramado sintético em projetos sociais de contraturno. VALOR GLOBAL: R$ 5.600.000,00. FUNDAMENTO LEGAL: art. 75, inciso II, da Lei nº 14.133/21. ASSINATURA: 09/06/2026.","Esporte e Lazer"
"DISPENSA DE LICITAÇÃO. PROCESSO INSTRUTIVO: 2024/09812. PARTES: FUNDO MUNICIPAL DE EDUCAÇÃO e ORGANIZAÇÃO SOCIAL ESPERANÇA. OBJETO: Aquisição de arbitragem para campeonatos nas praças do município. VALOR GLOBAL: R$ 1.250.000,00. FUNDAMENTO LEGAL: art. 75, inciso II, da Lei nº 14.133/21. ASSINATURA: 31/05/2026.","Esporte e Lazer"
"PREGÃO ELETRÔNICO. PROCESSO INSTRUTIVO: 112233/2023. PARTES: PREFEITURA MUNICIPAL e VIGILÂNCIA E SEGURANÇA PATRIMONIAL LTDA. OBJETO: Reforma de uniformes esportivos para os Jogos Escolares Municipais. VALOR GLOBAL: R$ 89.000,00. FUNDAMENTO LEGAL: art. 25, caput, da Lei 8.666/93. ASSINATURA: 26/05/2026.","Esporte e Lazer"
"EXTRATO DE TERMO ADITIVO. PROCESSO INSTRUTIVO: 2024/09812. PARTES: SECRETARIA MUNICIPAL DE INFRAESTRUTURA e COMERCIAL DE ALIMENTOS UNIÃO EIRELI. OBJETO: Contratação de empresa especializada para kits de material esportivo para o ginásio de esportes central. VALOR GLOBAL: R$ 15.400,00. FUNDAMENTO LEGAL: art. 75, inciso II, da Lei nº 14.133/21. ASSINATURA: 04/07/2026.","Esporte e Lazer"
"TERMO DE RATIFICAÇÃO DE PREGÃO ELETRÔNICO. Processo Administrativo nº 112233/2023. Reconheço e ratifico a contratação de ORGANIZAÇÃO SOCIAL ESPERANÇA, inscrita no CNPJ sob nº 76.000.000/0001-00. Objeto: Reforma de instalação de academias ao ar livre nas praças do município. Valor Estimado: R$ 345.600,00, com base na Lei 14.133/2021.","Esporte e Lazer"
"AVISO DE LICITAÇÃO. PROCESSO INSTRUTIVO: PMSC-098/24. PARTES: PREFEITURA MUNICIPAL e SERVIÇOS DE LIMPEZA BRASIL S/A. OBJETO: Reforma de instalação de academias ao ar livre para o ginásio de esportes central. VALOR GLOBAL: R$ 89.000,00. FUNDAMENTO LEGAL: art. 75, inciso II, da Lei nº 14.133/21. ASSINATURA: 03/07/2026.","Esporte e Lazer"
"DISPENSA DE LICITAÇÃO Nº 681/2024 - PROCESSO: 2023/00456. CONTRATANTE: FUNDO MUNICIPAL DE SAÚDE. CONTRATADA: ORGANIZAÇÃO SOCIAL ESPERANÇA. OBJETO DO CONTRATO: Fornecimento de armamento e munição para a Secretaria Municipal de Segurança Pública. VALOR: R$ 345.600,00. PRAZO DE VIGÊNCIA: 12 (doze) meses a partir da assinatura.","Segurança"
"TERMO DE RATIFICAÇÃO DE DISPENSA DE LICITAÇÃO. Processo Administrativo nº 112233/2023. Reconheço e ratifico a contratação de DISTRIBUIDORA DE MEDICAMENTOS BOA SAÚDE, inscrita no CNPJ sob nº 68.000.000/0001-00. Objeto: Prestação de serviços de manutenção em coletes balísticos para a central de monitoramento da cidade. Valor Estimado: R$ 89.000,00, com base na art. 75, inciso II, da Lei nº 14.133/21.","Segurança"
"EXTRATO DE CONTRATO Nº 667/2024 - PROCESSO: 2024/09812. CONTRATANTE: SECRETARIA MUNICIPAL DE INFRAESTRUTURA. CONTRATADA: SERVIÇOS DE LIMPEZA BRASIL S/A. OBJETO DO CONTRATO: Registro de preços para treinamento tático para a Guarda Municipal. VALOR: R$ 89.000,00. PRAZO DE VIGÊNCIA: 12 (doze) meses a partir da assinatura.","Segurança"
"MUNICÍPIO - SECRETARIA DE ADMINISTRAÇÃO. TOMADA DE PREÇOS. Ref. Proc. 112233/2023. PARTES: SECRETARIA MUNICIPAL DE INFRAESTRUTURA X DISTRIBUIDORA DE MEDICAMENTOS BOA SAÚDE. OBJETO: O presente instrumento tem por objeto a Fornecimento de treinamento tático para reforço do policiamento local e prevenção, conforme especificações do edital. DOTAÇÃO ORÇAMENTÁRIA: 10.302.0001.2001.33903900. VALOR: R$ 15.400,00.","Segurança"
"TERMO DE RATIFICAÇÃO DE EXTRATO DE CONTRATO. Processo Administrativo nº 112233/2023. Reconheço e ratifico a contratação de COMERCIAL DE ALIMENTOS UNIÃO EIRELI, inscrita no CNPJ sob nº 93.000.000/0001-00. Objeto: Registro de preços para cães farejadores para reforço do policiamento local e prevenção. Valor Estimado: R$ 89.000,00, com base na art. 24, inciso II, da Lei nº 8.666/93.","Segurança"
"TERMO DE RATIFICAÇÃO DE PREGÃO ELETRÔNICO. Processo Administrativo nº PMSC-098/24. Reconheço e ratifico a contratação de VIGILÂNCIA E SEGURANÇA PATRIMONIAL LTDA, inscrita no CNPJ sob nº 32.000.000/0001-00. Objeto: Prestação de serviços de manutenção em sistema de radiocomunicação para a central de monitoramento da cidade. Valor Estimado: R$ 1.250.000,00, com base na art. 75, inciso II, da Lei nº 14.133/21.","Segurança"
"TERMO DE RATIFICAÇÃO DE DISPENSA DE LICITAÇÃO. Processo Administrativo nº 2024/09812. Reconheço e ratifico a contratação de TECNOLOGIA INTEGRADA LTDA, inscrita no CNPJ sob nº 18.000.000/0001-00. Objeto: Aquisição de drones para patrulhamento visando o patrulhamento preventivo. Valor Estimado: R$ 1.250.000,00, com base na Lei 14.133/2021.","Segurança"
"AVISO DE LICITAÇÃO. PROCESSO INSTRUTIVO: 2024/09812. PARTES: FUNDO MUNICIPAL DE EDUCAÇÃO e DISTRIBUIDORA DE MEDICAMENTOS BOA SAÚDE. OBJETO: Fornecimento de armamento e munição visando o patrulhamento preventivo. VALOR GLOBAL: R$ 1.250.000,00. FUNDAMENTO LEGAL: art. 25, caput, da Lei 8.666/93. ASSINATURA: 04/08/2026.","Segurança"
"EXTRATO DE CONTRATO. PROCESSO INSTRUTIVO: 112233/2023. PARTES: SECRETARIA MUNICIPAL DE INFRAESTRUTURA e TECNOLOGIA INTEGRADA LTDA. OBJETO: Fornecimento de cães farejadores para a central de monitoramento da cidade. VALOR GLOBAL: R$ 1.250.000,00. FUNDAMENTO LEGAL: art. 24, inciso II, da Lei nº 8.666/93. ASSINATURA: 23/06/2026.","Segurança"
"TERMO DE RATIFICAÇÃO DE PREGÃO ELETRÔNICO. Processo Administrativo nº 2023/00456. Reconheço e ratifico a contratação de COMERCIAL DE ALIMENTOS UNIÃO EIRELI, inscrita no CNPJ sob nº 49.000.000/0001-00. Objeto: Contratação de serviços armamento e munição visando o patrulhamento preventivo. Valor Estimado: R$ 345.600,00, com base na art. 24, inciso II, da Lei nº 8.666/93.","Segurança"
"MUNICÍPIO - SECRETARIA DE ADMINISTRAÇÃO. EXTRATO DE CONTRATO. Ref. Proc. PM-882/2023. PARTES: PREFEITURA MUNICIPAL X TECNOLOGIA INTEGRADA LTDA. OBJETO: O presente instrumento tem por objeto a Registro de preços para cães farejadores para a Guarda Municipal, conforme especificações do edital. DOTAÇÃO ORÇAMENTÁRIA: 10.302.0001.2001.33903900. VALOR: R$ 15.400,00.","Segurança"
"MUNICÍPIO - SECRETARIA DE ADMINISTRAÇÃO. TOMADA DE PREÇOS. Ref. Proc. PMSC-098/24. PARTES: MUNICÍPIO DE SÃO JOSÉ DOS CAMPOS X TECNOLOGIA INTEGRADA LTDA. OBJETO: O presente instrumento tem por objeto a Registro de preços para viaturas policiais visando o patrulhamento preventivo, conforme especificações do edital. DOTAÇÃO ORÇAMENTÁRIA: 10.302.0001.2001.33903900. VALOR: R$ 210.000,00.","Segurança"
"TERMO DE RATIFICAÇÃO DE EXTRATO DE CONTRATO. Processo Administrativo nº PMSC-098/24. Reconheço e ratifico a contratação de VIGILÂNCIA E SEGURANÇA PATRIMONIAL LTDA, inscrita no CNPJ sob nº 87.000.000/0001-00. Objeto: Registro de preços para viaturas policiais para os agentes de trânsito. Valor Estimado: R$ 5.600.000,00, com base na Lei 14.133/2021.","Segurança"
"EXTRATO DE CONTRATO. PROCESSO INSTRUTIVO: PMSC-098/24. PARTES: PREFEITURA MUNICIPAL e VIGILÂNCIA E SEGURANÇA PATRIMONIAL LTDA. OBJETO: Locação de fardamento completo visando o patrulhamento preventivo. VALOR GLOBAL: R$ 5.600.000,00. FUNDAMENTO LEGAL: art. 25, caput, da Lei 8.666/93. ASSINATURA: 07/05/2026.","Segurança"
"TOMADA DE PREÇOS. PROCESSO INSTRUTIVO: 0012.0034/2024. PARTES: SECRETARIA MUNICIPAL DE INFRAESTRUTURA e DISTRIBUIDORA DE MEDICAMENTOS BOA SAÚDE. OBJETO: Registro de preços para coletes balísticos para os agentes de trânsito. VALOR GLOBAL: R$ 345.600,00. FUNDAMENTO LEGAL: art. 25, caput, da Lei 8.666/93. ASSINATURA: 23/06/2026.","Segurança"
"DISPENSA DE LICITAÇÃO Nº 828/2024 - PROCESSO: 0012.0034/2024. CONTRATANTE: SECRETARIA MUNICIPAL DE INFRAESTRUTURA. CONTRATADA: TECNOLOGIA INTEGRADA LTDA. OBJETO DO CONTRATO: Registro de preços para coletes balísticos para a central de monitoramento da cidade. VALOR: R$ 210.000,00. PRAZO DE VIGÊNCIA: 12 (doze) meses a partir da assinatura.","Segurança"
"TOMADA DE PREÇOS Nº 343/2024 - PROCESSO: 112233/2023. CONTRATANTE: FUNDO MUNICIPAL DE EDUCAÇÃO. CONTRATADA: COMERCIAL DE ALIMENTOS UNIÃO EIRELI. OBJETO DO CONTRATO: Prestação de serviços de manutenção em armamento e munição nas escolas municipais. VALOR: R$ 89.000,00. PRAZO DE VIGÊNCIA: 12 (doze) meses a partir da assinatura.","Segurança"
"PREGÃO ELETRÔNICO Nº 746/2024 - PROCESSO: 112233/2023. CONTRATANTE: PREFEITURA MUNICIPAL. CONTRATADA: ORGANIZAÇÃO SOCIAL ESPERANÇA. OBJETO DO CONTRATO: Contratação de serviços equipamentos de proteção individual (EPI) para a central de monitoramento da cidade. VALOR: R$ 15.400,00. PRAZO DE VIGÊNCIA: 12 (doze) meses a partir da assinatura.","Segurança"
"MUNICÍPIO - SECRETARIA DE ADMINISTRAÇÃO. PREGÃO ELETRÔNICO. Ref. Proc. PM-882/2023. PARTES: PREFEITURA MUNICIPAL X VIGILÂNCIA E SEGURANÇA PATRIMONIAL LTDA. OBJETO: O presente instrumento tem por objeto a Locação de armamento e munição para os agentes de trânsito, conforme especificações do edital. DOTAÇÃO ORÇAMENTÁRIA: 10.302.0001.2001.33903900. VALOR: R$ 45.900,00.","Segurança"
"MUNICÍPIO - SECRETARIA DE ADMINISTRAÇÃO. EXTRATO DE CONTRATO. Ref. Proc. 2023/00456. PARTES: FUNDO MUNICIPAL DE SAÚDE X VIGILÂNCIA E SEGURANÇA PATRIMONIAL LTDA. OBJETO: O presente instrumento tem por objeto a Registro de preços para câmeras de monitoramento urbano visando o patrulhamento preventivo, conforme especificações do edital. DOTAÇÃO ORÇAMENTÁRIA: 10.302.0001.2001.33903900. VALOR: R$ 89.000,00.","Segurança"
"MUNICÍPIO - SECRETARIA DE ADMINISTRAÇÃO. INEXIGIBILIDADE DE LICITAÇÃO. Ref. Proc. 2023/00456. PARTES: SECRETARIA MUNICIPAL DE INFRAESTRUTURA X VIGILÂNCIA E SEGURANÇA PATRIMONIAL LTDA. OBJETO: O presente instrumento tem por objeto a Contratação de serviços armamento e munição para os agentes de trânsito, conforme especificações do edital. DOTAÇÃO ORÇAMENTÁRIA: 10.302.0001.2001.33903900. VALOR: R$ 210.000,00.","Segurança"
"MUNICÍPIO - SECRETARIA DE ADMINISTRAÇÃO. EXTRATO DE TERMO ADITIVO. Ref. Proc. 0012.0034/2024. PARTES: SECRETARIA MUNICIPAL DE INFRAESTRUTURA X COMERCIAL DE ALIMENTOS UNIÃO EIRELI. OBJETO: O presente instrumento tem por objeto a Registro de preços para drones para patrulhamento nas escolas municipais, conforme especificações do edital. DOTAÇÃO ORÇAMENTÁRIA: 10.302.0001.2001.33903900. VALOR: R$ 345.600,00.","Segurança"
"TERMO DE RATIFICAÇÃO DE PREGÃO ELETRÔNICO. Processo Administrativo nº PM-882/2023. Reconheço e ratifico a contratação de DISTRIBUIDORA DE MEDICAMENTOS BOA SAÚDE, inscrita no CNPJ sob nº 33.000.000/0001-00. Objeto: Aquisição de sistema de radiocomunicação para a central de monitoramento da cidade. Valor Estimado: R$ 5.600.000,00, com base na art. 25, caput, da Lei 8.666/93.","Segurança"
"DISPENSA DE LICITAÇÃO Nº 36/2024 - PROCESSO: 2024/09812. CONTRATANTE: FUNDO MUNICIPAL DE EDUCAÇÃO. CONTRATADA: TECNOLOGIA INTEGRADA LTDA. OBJETO DO CONTRATO: Registro de preços para câmeras de monitoramento urbano para reforço do policiamento local e prevenção. VALOR: R$ 210.000,00. PRAZO DE VIGÊNCIA: 12 (doze) meses a partir da assinatura.","Segurança"
"INEXIGIBILIDADE DE LICITAÇÃO Nº 93/2024 - PROCESSO: 112233/2023. CONTRATANTE: FUNDO MUNICIPAL DE EDUCAÇÃO. CONTRATADA: CONSTRUTORA ALPHA LTDA. OBJETO DO CONTRATO: Fornecimento de equipamentos de proteção individual (EPI) para reforço do policiamento local e prevenção. VALOR: R$ 15.400,00. PRAZO DE VIGÊNCIA: 12 (doze) meses a partir da assinatura.","Segurança"
"TOMADA DE PREÇOS Nº 29/2024 - PROCESSO: 0012.0034/2024. CONTRATANTE: SECRETARIA MUNICIPAL DE INFRAESTRUTURA. CONTRATADA: SERVIÇOS DE LIMPEZA BRASIL S/A. OBJETO DO CONTRATO: Aquisição de armamento e munição para a central de monitoramento da cidade. VALOR: R$ 15.400,00. PRAZO DE VIGÊNCIA: 12 (doze) meses a partir da assinatura.","Segurança"
"TERMO DE RATIFICAÇÃO DE TOMADA DE PREÇOS. Processo Administrativo nº PMSC-098/24. Reconheço e ratifico a contratação de SERVIÇOS DE LIMPEZA BRASIL S/A, inscrita no CNPJ sob nº 18.000.000/0001-00. Objeto: Registro de preços para treinamento tático para reforço do policiamento local e prevenção. Valor Estimado: R$ 345.600,00, com base na art. 24, inciso II, da Lei nº 8.666/93.","Segurança"
"EXTRATO DE REGISTRO DE PREÇOS. PROCESSO INSTRUTIVO: 112233/2023. PARTES: FUNDO MUNICIPAL DE SAÚDE e DISTRIBUIDORA DE MEDICAMENTOS BOA SAÚDE. OBJETO: Registro de preços para fardamento completo para a central de monitoramento da cidade. VALOR GLOBAL: R$ 15.400,00. FUNDAMENTO LEGAL: art. 24, inciso II, da Lei nº 8.666/93. ASSINATURA: 27/05/2026.","Segurança"
"DISPENSA DE LICITAÇÃO Nº 336/2024 - PROCESSO: PM-882/2023. CONTRATANTE: MUNICÍPIO DE SÃO JOSÉ DOS CAMPOS. CONTRATADA: CONSTRUTORA ALPHA LTDA. OBJETO DO CONTRATO: Aquisição de viaturas policiais para a Secretaria Municipal de Segurança Pública. VALOR: R$ 45.900,00. PRAZO DE VIGÊNCIA: 12 (doze) meses a partir da assinatura.","Segurança"
"TERMO DE RATIFICAÇÃO DE EXTRATO DE REGISTRO DE PREÇOS. Processo Administrativo nº 2023/00456. Reconheço e ratifico a contratação de COMERCIAL DE ALIMENTOS UNIÃO EIRELI, inscrita no CNPJ sob nº 70.000.000/0001-00. Objeto: Fornecimento de treinamento tático visando o patrulhamento preventivo. Valor Estimado: R$ 89.000,00, com base na art. 75, inciso II, da Lei nº 14.133/21.","Segurança"
"AVISO DE LICITAÇÃO Nº 508/2024 - PROCESSO: 112233/2023. CONTRATANTE: PREFEITURA MUNICIPAL. CONTRATADA: TECNOLOGIA INTEGRADA LTDA. OBJETO DO CONTRATO: Registro de preços para sistema de radiocomunicação para a Guarda Municipal. VALOR: R$ 45.900,00. PRAZO DE VIGÊNCIA: 12 (doze) meses a partir da assinatura.","Segurança"
"EXTRATO DE REGISTRO DE PREÇOS Nº 321/2024 - PROCESSO: 112233/2023. CONTRATANTE: FUNDO MUNICIPAL DE EDUCAÇÃO. CONTRATADA: DISTRIBUIDORA DE MEDICAMENTOS BOA SAÚDE. OBJETO DO CONTRATO: Prestação de serviços de manutenção em treinamento tático para a Secretaria Municipal de Segurança Pública. VALOR: R$ 210.000,00. PRAZO DE VIGÊNCIA: 12 (doze) meses a partir da assinatura.","Segurança"
"INEXIGIBILIDADE DE LICITAÇÃO. PROCESSO INSTRUTIVO: 2024/09812. PARTES: MUNICÍPIO DE SÃO JOSÉ DOS CAMPOS e VIGILÂNCIA E SEGURANÇA PATRIMONIAL LTDA. OBJETO: Aquisição de coletes balísticos para reforço do policiamento local e prevenção. VALOR GLOBAL: R$ 5.600.000,00. FUNDAMENTO LEGAL: Lei 14.133/2021. ASSINATURA: 05/05/2026.","Segurança"
"EXTRATO DE REGISTRO DE PREÇOS Nº 978/2024 - PROCESSO: PMSC-098/24. CONTRATANTE: PREFEITURA MUNICIPAL. CONTRATADA: ORGANIZAÇÃO SOCIAL ESPERANÇA. OBJETO DO CONTRATO: Fornecimento de coletes balísticos para reforço do policiamento local e prevenção. VALOR: R$ 1.250.000,00. PRAZO DE VIGÊNCIA: 12 (doze) meses a partir da assinatura.","Segurança"
"TERMO DE RATIFICAÇÃO DE INEXIGIBILIDADE DE LICITAÇÃO. Processo Administrativo nº PM-882/2023. Reconheço e ratifico a contratação de ORGANIZAÇÃO SOCIAL ESPERANÇA, inscrita no CNPJ sob nº 42.000.000/0001-00. Objeto: Contratação de serviços cães farejadores nas escolas municipais. Valor Estimado: R$ 15.400,00, com base na art. 75, inciso II, da Lei nº 14.133/21.","Segurança"
"TERMO DE RATIFICAÇÃO DE AVISO DE LICITAÇÃO. Processo Administrativo nº 112233/2023. Reconheço e ratifico a contratação de VIGILÂNCIA E SEGURANÇA PATRIMONIAL LTDA, inscrita no CNPJ sob nº 58.000.000/0001-00. Objeto: Locação de fardamento completo para reforço do policiamento local e prevenção. Valor Estimado: R$ 210.000,00, com base na Lei 14.133/2021.","Segurança"
"EXTRATO DE CONTRATO. PROCESSO INSTRUTIVO: 2024/09812. PARTES: FUNDO MUNICIPAL DE EDUCAÇÃO e CONSTRUTORA ALPHA LTDA. OBJETO: Fornecimento de sistema de radiocomunicação visando o patrulhamento preventivo. VALOR GLOBAL: R$ 1.250.000,00. FUNDAMENTO LEGAL: Lei 14.133/2021. ASSINATURA: 26/06/2026.","Segurança"
"EXTRATO DE REGISTRO DE PREÇOS Nº 991/2024 - PROCESSO: 2024/09812. CONTRATANTE: FUNDO MUNICIPAL DE SAÚDE. CONTRATADA: VIGILÂNCIA E SEGURANÇA PATRIMONIAL LTDA. OBJETO DO CONTRATO: Contratação de serviços sistema de radiocomunicação para os agentes de trânsito. VALOR: R$ 15.400,00. PRAZO DE VIGÊNCIA: 12 (doze) meses a partir da assinatura.","Segurança"
"MUNICÍPIO - SECRETARIA DE ADMINISTRAÇÃO. INEXIGIBILIDADE DE LICITAÇÃO. Ref. Proc. 2023/00456. PARTES: SECRETARIA MUNICIPAL DE INFRAESTRUTURA X COMERCIAL DE ALIMENTOS UNIÃO EIRELI. OBJETO: O presente instrumento tem por objeto a Fornecimento de equipamentos de proteção individual (EPI) visando o patrulhamento preventivo, conforme especificações do edital. DOTAÇÃO ORÇAMENTÁRIA: 10.302.0001.2001.33903900. VALOR: R$ 5.600.000,00.","Segurança"
"MUNICÍPIO - SECRETARIA DE ADMINISTRAÇÃO. EXTRATO DE CONTRATO. Ref. Proc. PM-882/2023. PARTES: MUNICÍPIO DE SÃO JOSÉ DOS CAMPOS X TECNOLOGIA INTEGRADA LTDA. OBJETO: O presente instrumento tem por objeto a Locação de câmeras de monitoramento urbano para a Secretaria Municipal de Segurança Pública, conforme especificações do edital. DOTAÇÃO ORÇAMENTÁRIA: 10.302.0001.2001.33903900. VALOR: R$ 5.600.000,00.","Segurança"
"MUNICÍPIO - SECRETARIA DE ADMINISTRAÇÃO. INEXIGIBILIDADE DE LICITAÇÃO. Ref. Proc. 112233/2023. PARTES: SECRETARIA MUNICIPAL DE INFRAESTRUTURA X CONSTRUTORA ALPHA LTDA. OBJETO: O presente instrumento tem por objeto a Prestação de serviços de manutenção em equipamentos de proteção individual (EPI) para a Guarda Municipal, conforme especificações do edital. DOTAÇÃO ORÇAMENTÁRIA: 10.302.0001.2001.33903900. VALOR: R$ 89.000,00.","Segurança"
"DISPENSA DE LICITAÇÃO. PROCESSO INSTRUTIVO: PMSC-098/24. PARTES: MUNICÍPIO DE SÃO JOSÉ DOS CAMPOS e COMERCIAL DE ALIMENTOS UNIÃO EIRELI. OBJETO: Registro de preços para armamento e munição para a Guarda Municipal. VALOR GLOBAL: R$ 45.900,00. FUNDAMENTO LEGAL: Lei 14.133/2021. ASSINATURA: 04/07/2026.","Segurança"
"EXTRATO DE CONTRATO Nº 160/2024 - PROCESSO: PM-882/2023. CONTRATANTE: FUNDO MUNICIPAL DE SAÚDE. CONTRATADA: CONSTRUTORA ALPHA LTDA. OBJETO DO CONTRATO: Registro de preços para drones para patrulhamento para o programa Cidade Segura. VALOR: R$ 210.000,00. PRAZO DE VIGÊNCIA: 12 (doze) meses a partir da assinatura.","Segurança"
"PREGÃO ELETRÔNICO. PROCESSO INSTRUTIVO: PM-882/2023. PARTES: SECRETARIA MUNICIPAL DE INFRAESTRUTURA e TECNOLOGIA INTEGRADA LTDA. OBJETO: Registro de preços para treinamento tático para o programa Cidade Segura. VALOR GLOBAL: R$ 1.250.000,00. FUNDAMENTO LEGAL: art. 25, caput, da Lei 8.666/93. ASSINATURA: 04/08/2026.","Segurança"
"TOMADA DE PREÇOS. PROCESSO INSTRUTIVO: 0012.0034/2024. PARTES: FUNDO MUNICIPAL DE EDUCAÇÃO e SERVIÇOS DE LIMPEZA BRASIL S/A. OBJETO: Fornecimento de câmeras de monitoramento urbano para a Guarda Municipal. VALOR GLOBAL: R$ 89.000,00. FUNDAMENTO LEGAL: art. 75, inciso II, da Lei nº 14.133/21. ASSINATURA: 05/07/2026.","Segurança"
"MUNICÍPIO - SECRETARIA DE ADMINISTRAÇÃO. PREGÃO ELETRÔNICO. Ref. Proc. 112233/2023. PARTES: SECRETARIA MUNICIPAL DE INFRAESTRUTURA X TECNOLOGIA INTEGRADA LTDA. OBJETO: O presente instrumento tem por objeto a Fornecimento de fardamento completo visando o patrulhamento preventivo, conforme especificações do edital. DOTAÇÃO ORÇAMENTÁRIA: 10.302.0001.2001.33903900. VALOR: R$ 89.000,00.","Segurança"
"TERMO DE RATIFICAÇÃO DE INEXIGIBILIDADE DE LICITAÇÃO. Processo Administrativo nº PM-882/2023. Reconheço e ratifico a contratação de ORGANIZAÇÃO SOCIAL ESPERANÇA, inscrita no CNPJ sob nº 20.000.000/0001-00. Objeto: Locação de coletes balísticos para reforço do policiamento local e prevenção. Valor Estimado: R$ 345.600,00, com base na Lei 14.133/2021.","Segurança"
"MUNICÍPIO - SECRETARIA DE ADMINISTRAÇÃO. EXTRATO DE TERMO ADITIVO. Ref. Proc. 0012.0034/2024. PARTES: FUNDO MUNICIPAL DE SAÚDE X VIGILÂNCIA E SEGURANÇA PATRIMONIAL LTDA. OBJETO: O presente instrumento tem por objeto a Registro de preços para câmeras de monitoramento urbano para a Secretaria Municipal de Segurança Pública, conforme especificações do edital. DOTAÇÃO ORÇAMENTÁRIA: 10.302.0001.2001.33903900. VALOR: R$ 5.600.000,00.","Segurança"
"EXTRATO DE REGISTRO DE PREÇOS. PROCESSO INSTRUTIVO: PMSC-098/24. PARTES: SECRETARIA MUNICIPAL DE INFRAESTRUTURA e COMERCIAL DE ALIMENTOS UNIÃO EIRELI. OBJETO: Prestação de serviços de manutenção em equipamentos de proteção individual (EPI) para reforço do policiamento local e prevenção. VALOR GLOBAL: R$ 89.000,00. FUNDAMENTO LEGAL: Lei 14.133/2021. ASSINATURA: 07/05/2026.","Segurança"
"EXTRATO DE CONTRATO Nº 139/2024 - PROCESSO: 2023/00456. CONTRATANTE: SECRETARIA MUNICIPAL DE INFRAESTRUTURA. CONTRATADA: COMERCIAL DE ALIMENTOS UNIÃO EIRELI. OBJETO DO CONTRATO: Locação de drones para patrulhamento para o programa Cidade Segura. VALOR: R$ 89.000,00. PRAZO DE VIGÊNCIA: 12 (doze) meses a partir da assinatura.","Segurança"
"TERMO DE RATIFICAÇÃO DE EXTRATO DE REGISTRO DE PREÇOS. Processo Administrativo nº 2024/09812. Reconheço e ratifico a contratação de COMERCIAL DE ALIMENTOS UNIÃO EIRELI, inscrita no CNPJ sob nº 68.000.000/0001-00. Objeto: Prestação de serviços de manutenção em viaturas policiais para a central de monitoramento da cidade. Valor Estimado: R$ 210.000,00, com base na art. 25, caput, da Lei 8.666/93.","Segurança"
"EXTRATO DE CONTRATO Nº 609/2024 - PROCESSO: 2024/09812. CONTRATANTE: FUNDO MUNICIPAL DE SAÚDE. CONTRATADA: COMERCIAL DE ALIMENTOS UNIÃO EIRELI. OBJETO DO CONTRATO: Prestação de serviços de manutenção em viaturas policiais para os agentes de trânsito. VALOR: R$ 89.000,00. PRAZO DE VIGÊNCIA: 12 (doze) meses a partir da assinatura.","Segurança"
"MUNICÍPIO - SECRETARIA DE ADMINISTRAÇÃO. DISPENSA DE LICITAÇÃO. Ref. Proc. 2023/00456. PARTES: FUNDO MUNICIPAL DE SAÚDE X DISTRIBUIDORA DE MEDICAMENTOS BOA SAÚDE. OBJETO: O presente instrumento tem por objeto a Fornecimento de drones para patrulhamento para a Guarda Municipal, conforme especificações do edital. DOTAÇÃO ORÇAMENTÁRIA: 10.302.0001.2001.33903900. VALOR: R$ 210.000,00.","Segurança"
"TERMO DE RATIFICAÇÃO DE TOMADA DE PREÇOS. Processo Administrativo nº 2023/00456. Reconheço e ratifico a contratação de SERVIÇOS DE LIMPEZA BRASIL S/A, inscrita no CNPJ sob nº 27.000.000/0001-00. Objeto: Fornecimento de câmeras de monitoramento urbano para os agentes de trânsito. Valor Estimado: R$ 15.400,00, com base na art. 25, caput, da Lei 8.666/93.","Segurança"
"EXTRATO DE REGISTRO DE PREÇOS Nº 985/2024 - PROCESSO: 112233/2023. CONTRATANTE: FUNDO MUNICIPAL DE EDUCAÇÃO. CONTRATADA: TECNOLOGIA INTEGRADA LTDA. OBJETO DO CONTRATO: Contratação de serviços equipamentos de proteção individual (EPI) para reforço do policiamento local e prevenção. VALOR: R$ 345.600,00. PRAZO DE VIGÊNCIA: 12 (doze) meses a partir da assinatura.","Segurança"
"INEXIGIBILIDADE DE LICITAÇÃO Nº 574/2024 - PROCESSO: 2023/00456. CONTRATANTE: FUNDO MUNICIPAL DE SAÚDE. CONTRATADA: COMERCIAL DE ALIMENTOS UNIÃO EIRELI. OBJETO DO CONTRATO: Prestação de serviços de manutenção em cães farejadores nas escolas municipais. VALOR: R$ 210.000,00. PRAZO DE VIGÊNCIA: 12 (doze) meses a partir da assinatura.","Segurança"
"TERMO DE RATIFICAÇÃO DE TOMADA DE PREÇOS. Processo Administrativo nº 0012.0034/2024. Reconheço e ratifico a contratação de DISTRIBUIDORA DE MEDICAMENTOS BOA SAÚDE, inscrita no CNPJ sob nº 91.000.000/0001-00. Objeto: Fornecimento de viaturas policiais visando o patrulhamento preventivo. Valor Estimado: R$ 15.400,00, com base na art. 75, inciso II, da Lei nº 14.133/21.","Segurança"
"MUNICÍPIO - SECRETARIA DE ADMINISTRAÇÃO. AVISO DE LICITAÇÃO. Ref. Proc. PM-882/2023. PARTES: FUNDO MUNICIPAL DE SAÚDE X TECNOLOGIA INTEGRADA LTDA. OBJETO: O presente instrumento tem por objeto a Prestação de serviços de manutenção em treinamento tático nas escolas municipais, conforme especificações do edital. DOTAÇÃO ORÇAMENTÁRIA: 10.302.0001.2001.33903900. VALOR: R$ 89.000,00.","Segurança"
"TERMO DE RATIFICAÇÃO DE INEXIGIBILIDADE DE LICITAÇÃO. Processo Administrativo nº 112233/2023. Reconheço e ratifico a contratação de COMERCIAL DE ALIMENTOS UNIÃO EIRELI, inscrita no CNPJ sob nº 74.000.000/0001-00. Objeto: Locação de viaturas policiais para os agentes de trânsito. Valor Estimado: R$ 45.900,00, com base na Lei 14.133/2021.","Segurança"
"TERMO DE RATIFICAÇÃO DE EXTRATO DE TERMO ADITIVO. Processo Administrativo nº 2024/09812. Reconheço e ratifico a contratação de CONSTRUTORA ALPHA LTDA, inscrita no CNPJ sob nº 16.000.000/0001-00. Objeto: Fornecimento de drones para patrulhamento para os agentes de trânsito. Valor Estimado: R$ 5.600.000,00, com base na Lei 14.133/2021.","Segurança"
"TOMADA DE PREÇOS. PROCESSO INSTRUTIVO: PMSC-098/24. PARTES: PREFEITURA MUNICIPAL e CONSTRUTORA ALPHA LTDA. OBJETO: Locação de câmeras de monitoramento urbano para a Guarda Municipal. VALOR GLOBAL: R$ 345.600,00. FUNDAMENTO LEGAL: art. 25, caput, da Lei 8.666/93. ASSINATURA: 03/05/2026.","Segurança"
"TERMO DE RATIFICAÇÃO DE TOMADA DE PREÇOS. Processo Administrativo nº 0012.0034/2024. Reconheço e ratifico a contratação de CONSTRUTORA ALPHA LTDA, inscrita no CNPJ sob nº 62.000.000/0001-00. Objeto: Registro de preços para equipamentos de proteção individual (EPI) para os agentes de trânsito. Valor Estimado: R$ 345.600,00, com base na art. 75, inciso II, da Lei nº 14.133/21.","Segurança"
"TOMADA DE PREÇOS. PROCESSO INSTRUTIVO: 112233/2023. PARTES: FUNDO MUNICIPAL DE EDUCAÇÃO e ORGANIZAÇÃO SOCIAL ESPERANÇA. OBJETO: Contratação de serviços câmeras de monitoramento urbano para reforço do policiamento local e prevenção. VALOR GLOBAL: R$ 1.250.000,00. FUNDAMENTO LEGAL: art. 25, caput, da Lei 8.666/93. ASSINATURA: 12/07/2026.","Segurança"
"MUNICÍPIO - SECRETARIA DE ADMINISTRAÇÃO. PREGÃO ELETRÔNICO. Ref. Proc. 0012.0034/2024. PARTES: SECRETARIA MUNICIPAL DE INFRAESTRUTURA X CONSTRUTORA ALPHA LTDA. OBJETO: O presente instrumento tem por objeto a Contratação de serviços sistema de radiocomunicação para reforço do policiamento local e prevenção, conforme especificações do edital. DOTAÇÃO ORÇAMENTÁRIA: 10.302.0001.2001.33903900. VALOR: R$ 5.600.000,00.","Segurança"
"TERMO DE RATIFICAÇÃO DE EXTRATO DE REGISTRO DE PREÇOS. Processo Administrativo nº 0012.0034/2024. Reconheço e ratifico a contratação de COMERCIAL DE ALIMENTOS UNIÃO EIRELI, inscrita no CNPJ sob nº 18.000.000/0001-00. Objeto: Fornecimento de viaturas policiais para a Guarda Municipal. Valor Estimado: R$ 89.000,00, com base na art. 24, inciso II, da Lei nº 8.666/93.","Segurança"
"MUNICÍPIO - SECRETARIA DE ADMINISTRAÇÃO. EXTRATO DE CONTRATO. Ref. Proc. 0012.0034/2024. PARTES: FUNDO MUNICIPAL DE SAÚDE X TECNOLOGIA INTEGRADA LTDA. OBJETO: O presente instrumento tem por objeto a Fornecimento de armamento e munição para a Guarda Municipal, conforme especificações do edital. DOTAÇÃO ORÇAMENTÁRIA: 10.302.0001.2001.33903900. VALOR: R$ 210.000,00.","Segurança"
"TERMO DE RATIFICAÇÃO DE EXTRATO DE REGISTRO DE PREÇOS. Processo Administrativo nº PMSC-098/24. Reconheço e ratifico a contratação de SERVIÇOS DE LIMPEZA BRASIL S/A, inscrita no CNPJ sob nº 85.000.000/0001-00. Objeto: Registro de preços para coletes balísticos para o programa Cidade Segura. Valor Estimado: R$ 345.600,00, com base na Lei 14.133/2021.","Segurança"
"MUNICÍPIO - SECRETARIA DE ADMINISTRAÇÃO. EXTRATO DE CONTRATO. Ref. Proc. 2024/09812. PARTES: FUNDO MUNICIPAL DE SAÚDE X DISTRIBUIDORA DE MEDICAMENTOS BOA SAÚDE. OBJETO: O presente instrumento tem por objeto a Registro de preços para viaturas policiais para a central de monitoramento da cidade, conforme especificações do edital. DOTAÇÃO ORÇAMENTÁRIA: 10.302.0001.2001.33903900. VALOR: R$ 15.400,00.","Segurança"
"TERMO DE RATIFICAÇÃO DE AVISO DE LICITAÇÃO. Processo Administrativo nº 0012.0034/2024. Reconheço e ratifico a contratação de CONSTRUTORA ALPHA LTDA, inscrita no CNPJ sob nº 97.000.000/0001-00. Objeto: Locação de armamento e munição para a central de monitoramento da cidade. Valor Estimado: R$ 89.000,00, com base na art. 25, caput, da Lei 8.666/93.","Segurança"
"TERMO DE RATIFICAÇÃO DE AVISO DE LICITAÇÃO. Processo Administrativo nº PM-882/2023. Reconheço e ratifico a contratação de COMERCIAL DE ALIMENTOS UNIÃO EIRELI, inscrita no CNPJ sob nº 16.000.000/0001-00. Objeto: Locação de coletes balísticos para a Guarda Municipal. Valor Estimado: R$ 345.600,00, com base na art. 25, caput, da Lei 8.666/93.","Segurança"
"MUNICÍPIO - SECRETARIA DE ADMINISTRAÇÃO. INEXIGIBILIDADE DE LICITAÇÃO. Ref. Proc. PM-882/2023. PARTES: SECRETARIA MUNICIPAL DE INFRAESTRUTURA X CONSTRUTORA ALPHA LTDA. OBJETO: O presente instrumento tem por objeto a Fornecimento de armamento e munição para a central de monitoramento da cidade, conforme especificações do edital. DOTAÇÃO ORÇAMENTÁRIA: 10.302.0001.2001.33903900. VALOR: R$ 45.900,00.","Segurança"
"AVISO DE LICITAÇÃO Nº 99/2024 - PROCESSO: 2023/00456. CONTRATANTE: SECRETARIA MUNICIPAL DE INFRAESTRUTURA. CONTRATADA: VIGILÂNCIA E SEGURANÇA PATRIMONIAL LTDA. OBJETO DO CONTRATO: Aquisição de cães farejadores para a central de monitoramento da cidade. VALOR: R$ 210.000,00. PRAZO DE VIGÊNCIA: 12 (doze) meses a partir da assinatura.","Segurança"
"PREGÃO ELETRÔNICO Nº 562/2024 - PROCESSO: 0012.0034/2024. CONTRATANTE: FUNDO MUNICIPAL DE SAÚDE. CONTRATADA: SERVIÇOS DE LIMPEZA BRASIL S/A. OBJETO DO CONTRATO: Aquisição de sistema de radiocomunicação visando o patrulhamento preventivo. VALOR: R$ 345.600,00. PRAZO DE VIGÊNCIA: 12 (doze) meses a partir da assinatura.","Segurança"
"TERMO DE RATIFICAÇÃO DE DISPENSA DE LICITAÇÃO. Processo Administrativo nº 2024/09812. Reconheço e ratifico a contratação de CONSTRUTORA ALPHA LTDA, inscrita no CNPJ sob nº 54.000.000/0001-00. Objeto: Aquisição de drones para patrulhamento para a Secretaria Municipal de Segurança Pública. Valor Estimado: R$ 5.600.000,00, com base na Lei 14.133/2021.","Segurança"
"AVISO DE LICITAÇÃO Nº 342/2024 - PROCESSO: 2023/00456. CONTRATANTE: SECRETARIA MUNICIPAL DE INFRAESTRUTURA. CONTRATADA: COMERCIAL DE ALIMENTOS UNIÃO EIRELI. OBJETO DO CONTRATO: Aquisição de drones para patrulhamento para a Guarda Municipal. VALOR: R$ 5.600.000,00. PRAZO DE VIGÊNCIA: 12 (doze) meses a partir da assinatura.","Segurança"
"AVISO DE LICITAÇÃO Nº 413/2024 - PROCESSO: 2024/09812. CONTRATANTE: FUNDO MUNICIPAL DE EDUCAÇÃO. CONTRATADA: SERVIÇOS DE LIMPEZA BRASIL S/A. OBJETO DO CONTRATO: Locação de drones para patrulhamento para a Guarda Municipal. VALOR: R$ 15.400,00. PRAZO DE VIGÊNCIA: 12 (doze) meses a partir da assinatura.","Segurança"
"PREGÃO ELETRÔNICO Nº 384/2024 - PROCESSO: PM-882/2023. CONTRATANTE: FUNDO MUNICIPAL DE SAÚDE. CONTRATADA: SERVIÇOS DE LIMPEZA BRASIL S/A. OBJETO DO CONTRATO: Locação de câmeras de monitoramento urbano para reforço do policiamento local e prevenção. VALOR: R$ 1.250.000,00. PRAZO DE VIGÊNCIA: 12 (doze) meses a partir da assinatura.","Segurança"
"TERMO DE RATIFICAÇÃO DE DISPENSA DE LICITAÇÃO. Processo Administrativo nº 112233/2023. Reconheço e ratifico a contratação de COMERCIAL DE ALIMENTOS UNIÃO EIRELI, inscrita no CNPJ sob nº 72.000.000/0001-00. Objeto: Locação de drones para patrulhamento visando o patrulhamento preventivo. Valor Estimado: R$ 45.900,00, com base na art. 25, caput, da Lei 8.666/93.","Segurança"
"TERMO DE RATIFICAÇÃO DE EXTRATO DE CONTRATO. Processo Administrativo nº PMSC-098/24. Reconheço e ratifico a contratação de ORGANIZAÇÃO SOCIAL ESPERANÇA, inscrita no CNPJ sob nº 14.000.000/0001-00. Objeto: Prestação de serviços de manutenção em fardamento completo para os agentes de trânsito. Valor Estimado: R$ 210.000,00, com base na art. 75, inciso II, da Lei nº 14.133/21.","Segurança"
"TERMO DE RATIFICAÇÃO DE DISPENSA DE LICITAÇÃO. Processo Administrativo nº 112233/2023. Reconheço e ratifico a contratação de ORGANIZAÇÃO SOCIAL ESPERANÇA, inscrita no CNPJ sob nº 82.000.000/0001-00. Objeto: Fornecimento de cães farejadores para a Guarda Municipal. Valor Estimado: R$ 1.250.000,00, com base na art. 25, caput, da Lei 8.666/93.","Segurança"
"EXTRATO DE TERMO ADITIVO. PROCESSO INSTRUTIVO: 2023/00456. PARTES: FUNDO MUNICIPAL DE EDUCAÇÃO e DISTRIBUIDORA DE MEDICAMENTOS BOA SAÚDE. OBJETO: Locação de sistema de radiocomunicação para os agentes de trânsito. VALOR GLOBAL: R$ 15.400,00. FUNDAMENTO LEGAL: Lei 14.133/2021. ASSINATURA: 25/07/2026.","Segurança"
"MUNICÍPIO - SECRETARIA DE ADMINISTRAÇÃO. TOMADA DE PREÇOS. Ref. Proc. PM-882/2023. PARTES: FUNDO MUNICIPAL DE SAÚDE X COMERCIAL DE ALIMENTOS UNIÃO EIRELI. OBJETO: O presente instrumento tem por objeto a Aquisição de câmeras de monitoramento urbano para os agentes de trânsito, conforme especificações do edital. DOTAÇÃO ORÇAMENTÁRIA: 10.302.0001.2001.33903900. VALOR: R$ 345.600,00.","Segurança"
"TERMO DE RATIFICAÇÃO DE EXTRATO DE TERMO ADITIVO. Processo Administrativo nº 2024/09812. Reconheço e ratifico a contratação de DISTRIBUIDORA DE MEDICAMENTOS BOA SAÚDE, inscrita no CNPJ sob nº 87.000.000/0001-00. Objeto: Locação de sistema de radiocomunicação visando o patrulhamento preventivo. Valor Estimado: R$ 15.400,00, com base na art. 75, inciso II, da Lei nº 14.133/21.","Segurança"
"MUNICÍPIO - SECRETARIA DE ADMINISTRAÇÃO. EXTRATO DE CONTRATO. Ref. Proc. 0012.0034/2024. PARTES: PREFEITURA MUNICIPAL X TECNOLOGIA INTEGRADA LTDA. OBJETO: O presente instrumento tem por objeto a Contratação de serviços sistema de radiocomunicação para o programa Cidade Segura, conforme especificações do edital. DOTAÇÃO ORÇAMENTÁRIA: 10.302.0001.2001.33903900. VALOR: R$ 345.600,00.","Segurança"
"DISPENSA DE LICITAÇÃO. PROCESSO INSTRUTIVO: 2024/09812. PARTES: PREFEITURA MUNICIPAL e TECNOLOGIA INTEGRADA LTDA. OBJETO: Aquisição de cães farejadores para a Guarda Municipal. VALOR GLOBAL: R$ 210.000,00. FUNDAMENTO LEGAL: art. 75, inciso II, da Lei nº 14.133/21. ASSINATURA: 06/05/2026.","Segurança"
"MUNICÍPIO - SECRETARIA DE ADMINISTRAÇÃO. TOMADA DE PREÇOS. Ref. Proc. 112233/2023. PARTES: MUNICÍPIO DE SÃO JOSÉ DOS CAMPOS X SERVIÇOS DE LIMPEZA BRASIL S/A. OBJETO: O presente instrumento tem por objeto a Fornecimento de sistema de radiocomunicação para o programa Cidade Segura, conforme especificações do edital. DOTAÇÃO ORÇAMENTÁRIA: 10.302.0001.2001.33903900. VALOR: R$ 345.600,00.","Segurança"
"TERMO DE RATIFICAÇÃO DE EXTRATO DE CONTRATO. Processo Administrativo nº PMSC-098/24. Reconheço e ratifico a contratação de DISTRIBUIDORA DE MEDICAMENTOS BOA SAÚDE, inscrita no CNPJ sob nº 98.000.000/0001-00. Objeto: Registro de preços para coletes balísticos para a Secretaria Municipal de Segurança Pública. Valor Estimado: R$ 345.600,00, com base na art. 75, inciso II, da Lei nº 14.133/21.","Segurança"
"MUNICÍPIO - SECRETARIA DE ADMINISTRAÇÃO. PREGÃO ELETRÔNICO. Ref. Proc. 2023/00456. PARTES: MUNICÍPIO DE SÃO JOSÉ DOS CAMPOS X ORGANIZAÇÃO SOCIAL ESPERANÇA. OBJETO: O presente instrumento tem por objeto a Locação de treinamento tático para a Guarda Municipal, conforme especificações do edital. DOTAÇÃO ORÇAMENTÁRIA: 10.302.0001.2001.33903900. VALOR: R$ 210.000,00.","Segurança"
"TOMADA DE PREÇOS Nº 134/2024 - PROCESSO: 2023/00456. CONTRATANTE: PREFEITURA MUNICIPAL. CONTRATADA: COMERCIAL DE ALIMENTOS UNIÃO EIRELI. OBJETO DO CONTRATO: Locação de viaturas policiais para a central de monitoramento da cidade. VALOR: R$ 5.600.000,00. PRAZO DE VIGÊNCIA: 12 (doze) meses a partir da assinatura.","Segurança"
"DISPENSA DE LICITAÇÃO. PROCESSO INSTRUTIVO: 2024/09812. PARTES: FUNDO MUNICIPAL DE EDUCAÇÃO e VIGILÂNCIA E SEGURANÇA PATRIMONIAL LTDA. OBJETO: Locação de armamento e munição para reforço do policiamento local e prevenção. VALOR GLOBAL: R$ 210.000,00. FUNDAMENTO LEGAL: art. 75, inciso II, da Lei nº 14.133/21. ASSINATURA: 23/07/2026.","Segurança"
"MUNICÍPIO - SECRETARIA DE ADMINISTRAÇÃO. PREGÃO ELETRÔNICO. Ref. Proc. 112233/2023. PARTES: MUNICÍPIO DE SÃO JOSÉ DOS CAMPOS X TECNOLOGIA INTEGRADA LTDA. OBJETO: O presente instrumento tem por objeto a Fornecimento de cães farejadores para reforço do policiamento local e prevenção, conforme especificações do edital. DOTAÇÃO ORÇAMENTÁRIA: 10.302.0001.2001.33903900. VALOR: R$ 210.000,00.","Segurança"
"EXTRATO DE REGISTRO DE PREÇOS Nº 407/2024 - PROCESSO: 112233/2023. CONTRATANTE: SECRETARIA MUNICIPAL DE INFRAESTRUTURA. CONTRATADA: COMERCIAL DE ALIMENTOS UNIÃO EIRELI. OBJETO DO CONTRATO: Contratação de serviços coletes balísticos para reforço do policiamento local e prevenção. VALOR: R$ 15.400,00. PRAZO DE VIGÊNCIA: 12 (doze) meses a partir da assinatura.","Segurança"
"MUNICÍPIO - SECRETARIA DE ADMINISTRAÇÃO. EXTRATO DE REGISTRO DE PREÇOS. Ref. Proc. 112233/2023. PARTES: FUNDO MUNICIPAL DE EDUCAÇÃO X VIGILÂNCIA E SEGURANÇA PATRIMONIAL LTDA. OBJETO: O presente instrumento tem por objeto a Fornecimento de coletes balísticos para a Secretaria Municipal de Segurança Pública, conforme especificações do edital. DOTAÇÃO ORÇAMENTÁRIA: 10.302.0001.2001.33903900. VALOR: R$ 15.400,00.","Segurança"
"INEXIGIBILIDADE DE LICITAÇÃO Nº 478/2024 - PROCESSO: 0012.0034/2024. CONTRATANTE: FUNDO MUNICIPAL DE SAÚDE. CONTRATADA: VIGILÂNCIA E SEGURANÇA PATRIMONIAL LTDA. OBJETO DO CONTRATO: Registro de preços para sistema de radiocomunicação para a Secretaria Municipal de Segurança Pública. VALOR: R$ 15.400,00. PRAZO DE VIGÊNCIA: 12 (doze) meses a partir da assinatura.","Segurança"
"EXTRATO DE REGISTRO DE PREÇOS. PROCESSO INSTRUTIVO: 112233/2023. PARTES: SECRETARIA MUNICIPAL DE INFRAESTRUTURA e COMERCIAL DE ALIMENTOS UNIÃO EIRELI. OBJETO: Aquisição de equipamentos de proteção individual (EPI) para o programa Cidade Segura. VALOR GLOBAL: R$ 5.600.000,00. FUNDAMENTO LEGAL: Lei 14.133/2021. ASSINATURA: 28/04/2026.","Segurança"
"TERMO DE RATIFICAÇÃO DE EXTRATO DE TERMO ADITIVO. Processo Administrativo nº PM-882/2023. Reconheço e ratifico a contratação de SERVIÇOS DE LIMPEZA BRASIL S/A, inscrita no CNPJ sob nº 43.000.000/0001-00. Objeto: Locação de cães farejadores visando o patrulhamento preventivo. Valor Estimado: R$ 1.250.000,00, com base na art. 75, inciso II, da Lei nº 14.133/21.","Segurança"
"TERMO DE RATIFICAÇÃO DE EXTRATO DE REGISTRO DE PREÇOS. Processo Administrativo nº PMSC-098/24. Reconheço e ratifico a contratação de SERVIÇOS DE LIMPEZA BRASIL S/A, inscrita no CNPJ sob nº 91.000.000/0001-00. Objeto: Prestação de serviços de manutenção em treinamento tático para reforço do policiamento local e prevenção. Valor Estimado: R$ 45.900,00, com base na art. 25, caput, da Lei 8.666/93.","Segurança"
"INEXIGIBILIDADE DE LICITAÇÃO Nº 247/2024 - PROCESSO: 0012.0034/2024. CONTRATANTE: PREFEITURA MUNICIPAL. CONTRATADA: COMERCIAL DE ALIMENTOS UNIÃO EIRELI. OBJETO DO CONTRATO: Locação de equipamentos de proteção individual (EPI) para reforço do policiamento local e prevenção. VALOR: R$ 45.900,00. PRAZO DE VIGÊNCIA: 12 (doze) meses a partir da assinatura.","Segurança"
"DISPENSA DE LICITAÇÃO. PROCESSO INSTRUTIVO: 2023/00456. PARTES: FUNDO MUNICIPAL DE EDUCAÇÃO e TECNOLOGIA INTEGRADA LTDA. OBJETO: Fornecimento de câmeras de monitoramento urbano visando o patrulhamento preventivo. VALOR GLOBAL: R$ 5.600.000,00. FUNDAMENTO LEGAL: Lei 14.133/2021. ASSINATURA: 12/05/2026.","Segurança"
"AVISO DE LICITAÇÃO. PROCESSO INSTRUTIVO: PMSC-098/24. PARTES: PREFEITURA MUNICIPAL e VIGILÂNCIA E SEGURANÇA PATRIMONIAL LTDA. OBJETO: Contratação de serviços armamento e munição para o programa Cidade Segura. VALOR GLOBAL: R$ 5.600.000,00. FUNDAMENTO LEGAL: art. 75, inciso II, da Lei nº 14.133/21. ASSINATURA: 03/06/2026.","Segurança"
"MUNICÍPIO - SECRETARIA DE ADMINISTRAÇÃO. EXTRATO DE CONTRATO. Ref. Proc. PM-882/2023. PARTES: MUNICÍPIO DE SÃO JOSÉ DOS CAMPOS X DISTRIBUIDORA DE MEDICAMENTOS BOA SAÚDE. OBJETO: O presente instrumento tem por objeto a Fornecimento de viaturas policiais para reforço do policiamento local e prevenção, conforme especificações do edital. DOTAÇÃO ORÇAMENTÁRIA: 10.302.0001.2001.33903900. VALOR: R$ 345.600,00.","Segurança"
"INEXIGIBILIDADE DE LICITAÇÃO Nº 590/2024 - PROCESSO: 0012.0034/2024. CONTRATANTE: FUNDO MUNICIPAL DE SAÚDE. CONTRATADA: DISTRIBUIDORA DE MEDICAMENTOS BOA SAÚDE. OBJETO DO CONTRATO: Contratação de serviços sistema de radiocomunicação nas escolas municipais. VALOR: R$ 210.000,00. PRAZO DE VIGÊNCIA: 12 (doze) meses a partir da assinatura.","Segurança"
"PREGÃO ELETRÔNICO. PROCESSO INSTRUTIVO: 2023/00456. PARTES: PREFEITURA MUNICIPAL e COMERCIAL DE ALIMENTOS UNIÃO EIRELI. OBJETO: Prestação de serviços de manutenção em drones para patrulhamento para a central de monitoramento da cidade. VALOR GLOBAL: R$ 210.000,00. FUNDAMENTO LEGAL: art. 24, inciso II, da Lei nº 8.666/93. ASSINATURA: 18/06/2026.","Segurança"
"INEXIGIBILIDADE DE LICITAÇÃO Nº 302/2024 - PROCESSO: 2024/09812. CONTRATANTE: SECRETARIA MUNICIPAL DE INFRAESTRUTURA. CONTRATADA: DISTRIBUIDORA DE MEDICAMENTOS BOA SAÚDE. OBJETO DO CONTRATO: Fornecimento de equipamentos de proteção individual (EPI) para a Guarda Municipal. VALOR: R$ 45.900,00. PRAZO DE VIGÊNCIA: 12 (doze) meses a partir da assinatura.","Segurança"
"MUNICÍPIO - SECRETARIA DE ADMINISTRAÇÃO. TOMADA DE PREÇOS. Ref. Proc. PMSC-098/24. PARTES: FUNDO MUNICIPAL DE EDUCAÇÃO X CONSTRUTORA ALPHA LTDA. OBJETO: O presente instrumento tem por objeto a Locação de sistema de radiocomunicação para o programa Cidade Segura, conforme especificações do edital. DOTAÇÃO ORÇAMENTÁRIA: 10.302.0001.2001.33903900. VALOR: R$ 345.600,00.","Segurança"
"PREGÃO ELETRÔNICO. PROCESSO INSTRUTIVO: PM-882/2023. PARTES: FUNDO MUNICIPAL DE SAÚDE e SERVIÇOS DE LIMPEZA BRASIL S/A. OBJETO: Locação de viaturas policiais visando o patrulhamento preventivo. VALOR GLOBAL: R$ 210.000,00. FUNDAMENTO LEGAL: art. 25, caput, da Lei 8.666/93. ASSINATURA: 25/07/2026.","Segurança"
"PREGÃO ELETRÔNICO Nº 313/2024 - PROCESSO: PM-882/2023. CONTRATANTE: FUNDO MUNICIPAL DE SAÚDE. CONTRATADA: COMERCIAL DE ALIMENTOS UNIÃO EIRELI. OBJETO DO CONTRATO: Locação de fardamento completo para a Secretaria Municipal de Segurança Pública. VALOR: R$ 45.900,00. PRAZO DE VIGÊNCIA: 12 (doze) meses a partir da assinatura.","Segurança"
"DISPENSA DE LICITAÇÃO. PROCESSO INSTRUTIVO: 112233/2023. PARTES: SECRETARIA MUNICIPAL DE INFRAESTRUTURA e ORGANIZAÇÃO SOCIAL ESPERANÇA. OBJETO: Fornecimento de sistema de radiocomunicação para a Secretaria Municipal de Segurança Pública. VALOR GLOBAL: R$ 345.600,00. FUNDAMENTO LEGAL: art. 75, inciso II, da Lei nº 14.133/21. ASSINATURA: 08/07/2026.","Segurança"
"PREGÃO ELETRÔNICO Nº 340/2024 - PROCESSO: 0012.0034/2024. CONTRATANTE: FUNDO MUNICIPAL DE SAÚDE. CONTRATADA: TECNOLOGIA INTEGRADA LTDA. OBJETO DO CONTRATO: Aquisição de coletes balísticos para os agentes de trânsito. VALOR: R$ 210.000,00. PRAZO DE VIGÊNCIA: 12 (doze) meses a partir da assinatura.","Segurança"
"TERMO DE RATIFICAÇÃO DE DISPENSA DE LICITAÇÃO. Processo Administrativo nº 112233/2023. Reconheço e ratifico a contratação de ORGANIZAÇÃO SOCIAL ESPERANÇA, inscrita no CNPJ sob nº 98.000.000/0001-00. Objeto: Prestação de serviços de manutenção em coletes balísticos para a Secretaria Municipal de Segurança Pública. Valor Estimado: R$ 45.900,00, com base na art. 24, inciso II, da Lei nº 8.666/93.","Segurança"
"TOMADA DE PREÇOS. PROCESSO INSTRUTIVO: PM-882/2023. PARTES: FUNDO MUNICIPAL DE SAÚDE e CONSTRUTORA ALPHA LTDA. OBJETO: Prestação de serviços reforma de moradias em áreas de risco. VALOR GLOBAL: R$ 15.400,00. FUNDAMENTO LEGAL: Lei 14.133/2021. ASSINATURA: 20/07/2026.","Habitação"
"DISPENSA DE LICITAÇÃO. PROCESSO INSTRUTIVO: 2023/00456. PARTES: PREFEITURA MUNICIPAL e TECNOLOGIA INTEGRADA LTDA. OBJETO: Registro de preços para execução de levantamento topográfico para o programa moradia digna. VALOR GLOBAL: R$ 210.000,00. FUNDAMENTO LEGAL: Lei 14.133/2021. ASSINATURA: 20/05/2026.","Habitação"
"TERMO DE RATIFICAÇÃO DE EXTRATO DE REGISTRO DE PREÇOS. Processo Administrativo nº 0012.0034/2024. Reconheço e ratifico a contratação de COMERCIAL DE ALIMENTOS UNIÃO EIRELI, inscrita no CNPJ sob nº 16.000.000/0001-00. Objeto: Elaboração de projetos de cadastro socioeconômico para famílias de baixa renda. Valor Estimado: R$ 45.900,00, com base na art. 24, inciso II, da Lei nº 8.666/93.","Habitação"
"EXTRATO DE REGISTRO DE PREÇOS Nº 905/2024 - PROCESSO: 0012.0034/2024. CONTRATANTE: PREFEITURA MUNICIPAL. CONTRATADA: ORGANIZAÇÃO SOCIAL ESPERANÇA. OBJETO DO CONTRATO: Registro de preços para execução de levantamento topográfico em lotes urbanizados. VALOR: R$ 5.600.000,00. PRAZO DE VIGÊNCIA: 12 (doze) meses a partir da assinatura.","Habitação"
"TERMO DE RATIFICAÇÃO DE PREGÃO ELETRÔNICO. Processo Administrativo nº 0012.0034/2024. Reconheço e ratifico a contratação de DISTRIBUIDORA DE MEDICAMENTOS BOA SAÚDE, inscrita no CNPJ sob nº 57.000.000/0001-00. Objeto: Prestação de serviços reforma de moradias para o programa moradia digna. Valor Estimado: R$ 5.600.000,00, com base na art. 25, caput, da Lei 8.666/93.","Habitação"
"EXTRATO DE TERMO ADITIVO. PROCESSO INSTRUTIVO: 2024/09812. PARTES: FUNDO MUNICIPAL DE SAÚDE e ORGANIZAÇÃO SOCIAL ESPERANÇA. OBJETO: Elaboração de projetos de infraestrutura urbana em ocupações atendendo a Secretaria de Habitação. VALOR GLOBAL: R$ 5.600.000,00. FUNDAMENTO LEGAL: art. 75, inciso II, da Lei nº 14.133/21. ASSINATURA: 10/05/2026.","Habitação"
"AVISO DE LICITAÇÃO Nº 533/2024 - PROCESSO: 2024/09812. CONTRATANTE: FUNDO MUNICIPAL DE EDUCAÇÃO. CONTRATADA: COMERCIAL DE ALIMENTOS UNIÃO EIRELI. OBJETO DO CONTRATO: Execução de obras de regularização fundiária atendendo a Secretaria de Habitação. VALOR: R$ 45.900,00. PRAZO DE VIGÊNCIA: 12 (doze) meses a partir da assinatura.","Habitação"
"EXTRATO DE REGISTRO DE PREÇOS Nº 609/2024 - PROCESSO: 2024/09812. CONTRATANTE: MUNICÍPIO DE SÃO JOSÉ DOS CAMPOS. CONTRATADA: SERVIÇOS DE LIMPEZA BRASIL S/A. OBJETO DO CONTRATO: Execução de obras de loteamento de interesse social dentro do programa habitacional do município. VALOR: R$ 45.900,00. PRAZO DE VIGÊNCIA: 12 (doze) meses a partir da assinatura.","Habitação"
"PREGÃO ELETRÔNICO. PROCESSO INSTRUTIVO: 112233/2023. PARTES: PREFEITURA MUNICIPAL e SERVIÇOS DE LIMPEZA BRASIL S/A. OBJETO: Registro de preços para execução de infraestrutura urbana em ocupações em lotes urbanizados. VALOR GLOBAL: R$ 210.000,00. FUNDAMENTO LEGAL: art. 25, caput, da Lei 8.666/93. ASSINATURA: 10/07/2026.","Habitação"
"INEXIGIBILIDADE DE LICITAÇÃO Nº 120/2024 - PROCESSO: 112233/2023. CONTRATANTE: PREFEITURA MUNICIPAL. CONTRATADA: DISTRIBUIDORA DE MEDICAMENTOS BOA SAÚDE. OBJETO DO CONTRATO: Elaboração de projetos de levantamento topográfico para famílias de baixa renda. VALOR: R$ 5.600.000,00. PRAZO DE VIGÊNCIA: 12 (doze) meses a partir da assinatura.","Habitação"
"EXTRATO DE REGISTRO DE PREÇOS Nº 573/2024 - PROCESSO: PMSC-098/24. CONTRATANTE: SECRETARIA MUNICIPAL DE INFRAESTRUTURA. CONTRATADA: COMERCIAL DE ALIMENTOS UNIÃO EIRELI. OBJETO DO CONTRATO: Contratação de empresa de engenharia para cadastro socioeconômico para famílias de baixa renda. VALOR: R$ 345.600,00. PRAZO DE VIGÊNCIA: 12 (doze) meses a partir da assinatura.","Habitação"
"DISPENSA DE LICITAÇÃO Nº 569/2024 - PROCESSO: 112233/2023. CONTRATANTE: PREFEITURA MUNICIPAL. CONTRATADA: TECNOLOGIA INTEGRADA LTDA. OBJETO DO CONTRATO: Prestação de serviços reforma de moradias dentro do programa habitacional do município. VALOR: R$ 45.900,00. PRAZO DE VIGÊNCIA: 12 (doze) meses a partir da assinatura.","Habitação"
"TOMADA DE PREÇOS. PROCESSO INSTRUTIVO: 2024/09812. PARTES: FUNDO MUNICIPAL DE SAÚDE e DISTRIBUIDORA DE MEDICAMENTOS BOA SAÚDE. OBJETO: Registro de preços para execução de infraestrutura urbana em ocupações dentro do programa habitacional do município. VALOR GLOBAL: R$ 45.900,00. FUNDAMENTO LEGAL: art. 25, caput, da Lei 8.666/93. ASSINATURA: 10/06/2026.","Habitação"
"MUNICÍPIO - SECRETARIA DE ADMINISTRAÇÃO. INEXIGIBILIDADE DE LICITAÇÃO. Ref. Proc. 2024/09812. PARTES: MUNICÍPIO DE SÃO JOSÉ DOS CAMPOS X TECNOLOGIA INTEGRADA LTDA. OBJETO: O presente instrumento tem por objeto a Prestação de serviços loteamento de interesse social em lotes urbanizados, conforme especificações do edital. DOTAÇÃO ORÇAMENTÁRIA: 10.302.0001.2001.33903900. VALOR: R$ 1.250.000,00.","Habitação"
"INEXIGIBILIDADE DE LICITAÇÃO Nº 68/2024 - PROCESSO: 112233/2023. CONTRATANTE: FUNDO MUNICIPAL DE SAÚDE. CONTRATADA: ORGANIZAÇÃO SOCIAL ESPERANÇA. OBJETO DO CONTRATO: Elaboração de projetos de loteamento de interesse social para famílias de baixa renda. VALOR: R$ 45.900,00. PRAZO DE VIGÊNCIA: 12 (doze) meses a partir da assinatura.","Habitação"
"EXTRATO DE TERMO ADITIVO. PROCESSO INSTRUTIVO: PMSC-098/24. PARTES: FUNDO MUNICIPAL DE EDUCAÇÃO e VIGILÂNCIA E SEGURANÇA PATRIMONIAL LTDA. OBJETO: Execução de obras de levantamento topográfico para o programa moradia digna. VALOR GLOBAL: R$ 1.250.000,00. FUNDAMENTO LEGAL: Lei 14.133/2021. ASSINATURA: 24/06/2026.","Habitação"
"TERMO DE RATIFICAÇÃO DE TOMADA DE PREÇOS. Processo Administrativo nº 2024/09812. Reconheço e ratifico a contratação de SERVIÇOS DE LIMPEZA BRASIL S/A, inscrita no CNPJ sob nº 47.000.000/0001-00. Objeto: Contratação de empresa de engenharia para pavimentação de vias habitacionais visando a redução do déficit habitacional. Valor Estimado: R$ 5.600.000,00, com base na art. 25, caput, da Lei 8.666/93.","Habitação"
"TERMO DE RATIFICAÇÃO DE EXTRATO DE TERMO ADITIVO. Processo Administrativo nº 2024/09812. Reconheço e ratifico a contratação de COMERCIAL DE ALIMENTOS UNIÃO EIRELI, inscrita no CNPJ sob nº 94.000.000/0001-00. Objeto: Registro de preços para execução de sistema de esgoto em loteamentos em áreas de risco. Valor Estimado: R$ 345.600,00, com base na art. 24, inciso II, da Lei nº 8.666/93.","Habitação"
"MUNICÍPIO - SECRETARIA DE ADMINISTRAÇÃO. DISPENSA DE LICITAÇÃO. Ref. Proc. PM-882/2023. PARTES: MUNICÍPIO DE SÃO JOSÉ DOS CAMPOS X COMERCIAL DE ALIMENTOS UNIÃO EIRELI. OBJETO: O presente instrumento tem por objeto a Prestação de serviços levantamento topográfico atendendo a Secretaria de Habitação, conforme especificações do edital. DOTAÇÃO ORÇAMENTÁRIA: 10.302.0001.2001.33903900. VALOR: R$ 45.900,00.","Habitação"
"MUNICÍPIO - SECRETARIA DE ADMINISTRAÇÃO. EXTRATO DE REGISTRO DE PREÇOS. Ref. Proc. 0012.0034/2024. PARTES: FUNDO MUNICIPAL DE SAÚDE X VIGILÂNCIA E SEGURANÇA PATRIMONIAL LTDA. OBJETO: O presente instrumento tem por objeto a Registro de preços para execução de sistema de esgoto em loteamentos visando a redução do déficit habitacional, conforme especificações do edital. DOTAÇÃO ORÇAMENTÁRIA: 10.302.0001.2001.33903900. VALOR: R$ 345.600,00.","Habitação"
"PREGÃO ELETRÔNICO Nº 623/2024 - PROCESSO: 2024/09812. CONTRATANTE: SECRETARIA MUNICIPAL DE INFRAESTRUTURA. CONTRATADA: TECNOLOGIA INTEGRADA LTDA. OBJETO DO CONTRATO: Contratação de empresa de engenharia para sistema de esgoto em loteamentos em lotes urbanizados. VALOR: R$ 345.600,00. PRAZO DE VIGÊNCIA: 12 (doze) meses a partir da assinatura.","Habitação"
"INEXIGIBILIDADE DE LICITAÇÃO Nº 231/2024 - PROCESSO: PM-882/2023. CONTRATANTE: FUNDO MUNICIPAL DE SAÚDE. CONTRATADA: ORGANIZAÇÃO SOCIAL ESPERANÇA. OBJETO DO CONTRATO: Aquisição de terrenos para construção de casas populares para famílias de baixa renda. VALOR: R$ 1.250.000,00. PRAZO DE VIGÊNCIA: 12 (doze) meses a partir da assinatura.","Habitação"
"INEXIGIBILIDADE DE LICITAÇÃO Nº 404/2024 - PROCESSO: PM-882/2023. CONTRATANTE: FUNDO MUNICIPAL DE SAÚDE. CONTRATADA: VIGILÂNCIA E SEGURANÇA PATRIMONIAL LTDA. OBJETO DO CONTRATO: Aquisição de terrenos para loteamento de interesse social em lotes urbanizados. VALOR: R$ 15.400,00. PRAZO DE VIGÊNCIA: 12 (doze) meses a partir da assinatura.","Habitação"
"MUNICÍPIO - SECRETARIA DE ADMINISTRAÇÃO. INEXIGIBILIDADE DE LICITAÇÃO. Ref. Proc. 2024/09812. PARTES: SECRETARIA MUNICIPAL DE INFRAESTRUTURA X ORGANIZAÇÃO SOCIAL ESPERANÇA. OBJETO: O presente instrumento tem por objeto a Execução de obras de reforma de moradias para famílias de baixa renda, conforme especificações do edital. DOTAÇÃO ORÇAMENTÁRIA: 10.302.0001.2001.33903900. VALOR: R$ 1.250.000,00.","Habitação"
"MUNICÍPIO - SECRETARIA DE ADMINISTRAÇÃO. PREGÃO ELETRÔNICO. Ref. Proc. 2023/00456. PARTES: FUNDO MUNICIPAL DE EDUCAÇÃO X VIGILÂNCIA E SEGURANÇA PATRIMONIAL LTDA. OBJETO: O presente instrumento tem por objeto a Contratação de empresa de engenharia para cadastro socioeconômico para o assentamento de famílias, conforme especificações do edital. DOTAÇÃO ORÇAMENTÁRIA: 10.302.0001.2001.33903900. VALOR: R$ 210.000,00.","Habitação"
"PREGÃO ELETRÔNICO Nº 772/2024 - PROCESSO: PM-882/2023. CONTRATANTE: PREFEITURA MUNICIPAL. CONTRATADA: TECNOLOGIA INTEGRADA LTDA. OBJETO DO CONTRATO: Registro de preços para execução de regularização fundiária em lotes urbanizados. VALOR: R$ 345.600,00. PRAZO DE VIGÊNCIA: 12 (doze) meses a partir da assinatura.","Habitação"
"MUNICÍPIO - SECRETARIA DE ADMINISTRAÇÃO. EXTRATO DE CONTRATO. Ref. Proc. PM-882/2023. PARTES: MUNICÍPIO DE SÃO JOSÉ DOS CAMPOS X TECNOLOGIA INTEGRADA LTDA. OBJETO: O presente instrumento tem por objeto a Aquisição de terrenos para loteamento de interesse social atendendo a Secretaria de Habitação, conforme especificações do edital. DOTAÇÃO ORÇAMENTÁRIA: 10.302.0001.2001.33903900. VALOR: R$ 1.250.000,00.","Habitação"
"INEXIGIBILIDADE DE LICITAÇÃO Nº 146/2024 - PROCESSO: 2023/00456. CONTRATANTE: FUNDO MUNICIPAL DE SAÚDE. CONTRATADA: VIGILÂNCIA E SEGURANÇA PATRIMONIAL LTDA. OBJETO DO CONTRATO: Aquisição de terrenos para sistema de esgoto em loteamentos visando a redução do déficit habitacional. VALOR: R$ 345.600,00. PRAZO DE VIGÊNCIA: 12 (doze) meses a partir da assinatura.","Habitação"
"EXTRATO DE CONTRATO. PROCESSO INSTRUTIVO: 2023/00456. PARTES: SECRETARIA MUNICIPAL DE INFRAESTRUTURA e CONSTRUTORA ALPHA LTDA. OBJETO: Aquisição de terrenos para levantamento topográfico em áreas de risco. VALOR GLOBAL: R$ 5.600.000,00. FUNDAMENTO LEGAL: art. 75, inciso II, da Lei nº 14.133/21. ASSINATURA: 20/07/2026.","Habitação"
"MUNICÍPIO - SECRETARIA DE ADMINISTRAÇÃO. AVISO DE LICITAÇÃO. Ref. Proc. PM-882/2023. PARTES: FUNDO MUNICIPAL DE EDUCAÇÃO X ORGANIZAÇÃO SOCIAL ESPERANÇA. OBJETO: O presente instrumento tem por objeto a Execução de obras de cadastro socioeconômico em lotes urbanizados, conforme especificações do edital. DOTAÇÃO ORÇAMENTÁRIA: 10.302.0001.2001.33903900. VALOR: R$ 5.600.000,00.","Habitação"
"EXTRATO DE REGISTRO DE PREÇOS. PROCESSO INSTRUTIVO: 112233/2023. PARTES: MUNICÍPIO DE SÃO JOSÉ DOS CAMPOS e VIGILÂNCIA E SEGURANÇA PATRIMONIAL LTDA. OBJETO: Execução de obras de regularização fundiária visando a redução do déficit habitacional. VALOR GLOBAL: R$ 5.600.000,00. FUNDAMENTO LEGAL: art. 75, inciso II, da Lei nº 14.133/21. ASSINATURA: 01/06/2026.","Habitação"
"TOMADA DE PREÇOS Nº 607/2024 - PROCESSO: 112233/2023. CONTRATANTE: FUNDO MUNICIPAL DE SAÚDE. CONTRATADA: DISTRIBUIDORA DE MEDICAMENTOS BOA SAÚDE. OBJETO DO CONTRATO: Aquisição de terrenos para sistema de esgoto em loteamentos para famílias de baixa renda. VALOR: R$ 1.250.000,00. PRAZO DE VIGÊNCIA: 12 (doze) meses a partir da assinatura.","Habitação"
"TOMADA DE PREÇOS. PROCESSO INSTRUTIVO: PMSC-098/24. PARTES: FUNDO MUNICIPAL DE EDUCAÇÃO e TECNOLOGIA INTEGRADA LTDA. OBJETO: Elaboração de projetos de levantamento topográfico atendendo a Secretaria de Habitação. VALOR GLOBAL: R$ 45.900,00. FUNDAMENTO LEGAL: Lei 14.133/2021. ASSINATURA: 08/07/2026.","Habitação"
"PREGÃO ELETRÔNICO. PROCESSO INSTRUTIVO: 2023/00456. PARTES: SECRETARIA MUNICIPAL DE INFRAESTRUTURA e ORGANIZAÇÃO SOCIAL ESPERANÇA. OBJETO: Contratação de empresa de engenharia para regularização fundiária visando a redução do déficit habitacional. VALOR GLOBAL: R$ 345.600,00. FUNDAMENTO LEGAL: art. 24, inciso II, da Lei nº 8.666/93. ASSINATURA: 05/06/2026.","Habitação"
"TERMO DE RATIFICAÇÃO DE DISPENSA DE LICITAÇÃO. Processo Administrativo nº 112233/2023. Reconheço e ratifico a contratação de COMERCIAL DE ALIMENTOS UNIÃO EIRELI, inscrita no CNPJ sob nº 42.000.000/0001-00. Objeto: Prestação de serviços levantamento topográfico dentro do programa habitacional do município. Valor Estimado: R$ 5.600.000,00, com base na Lei 14.133/2021.","Habitação"
"AVISO DE LICITAÇÃO Nº 110/2024 - PROCESSO: 0012.0034/2024. CONTRATANTE: FUNDO MUNICIPAL DE SAÚDE. CONTRATADA: ORGANIZAÇÃO SOCIAL ESPERANÇA. OBJETO DO CONTRATO: Contratação de empresa de engenharia para sistema de esgoto em loteamentos em áreas de risco. VALOR: R$ 5.600.000,00. PRAZO DE VIGÊNCIA: 12 (doze) meses a partir da assinatura.","Habitação"
"DISPENSA DE LICITAÇÃO Nº 623/2024 - PROCESSO: 0012.0034/2024. CONTRATANTE: MUNICÍPIO DE SÃO JOSÉ DOS CAMPOS. CONTRATADA: SERVIÇOS DE LIMPEZA BRASIL S/A. OBJETO DO CONTRATO: Prestação de serviços materiais de construção atendendo a Secretaria de Habitação. VALOR: R$ 345.600,00. PRAZO DE VIGÊNCIA: 12 (doze) meses a partir da assinatura.","Habitação"
"EXTRATO DE TERMO ADITIVO Nº 580/2024 - PROCESSO: 0012.0034/2024. CONTRATANTE: SECRETARIA MUNICIPAL DE INFRAESTRUTURA. CONTRATADA: ORGANIZAÇÃO SOCIAL ESPERANÇA. OBJETO DO CONTRATO: Elaboração de projetos de regularização fundiária em áreas de risco. VALOR: R$ 15.400,00. PRAZO DE VIGÊNCIA: 12 (doze) meses a partir da assinatura.","Habitação"
"EXTRATO DE TERMO ADITIVO. PROCESSO INSTRUTIVO: 2024/09812. PARTES: MUNICÍPIO DE SÃO JOSÉ DOS CAMPOS e COMERCIAL DE ALIMENTOS UNIÃO EIRELI. OBJETO: Aquisição de terrenos para regularização fundiária para famílias de baixa renda. VALOR GLOBAL: R$ 45.900,00. FUNDAMENTO LEGAL: art. 24, inciso II, da Lei nº 8.666/93. ASSINATURA: 02/08/2026.","Habitação"
"MUNICÍPIO - SECRETARIA DE ADMINISTRAÇÃO. TOMADA DE PREÇOS. Ref. Proc. PMSC-098/24. PARTES: PREFEITURA MUNICIPAL X CONSTRUTORA ALPHA LTDA. OBJETO: O presente instrumento tem por objeto a Execução de obras de construção de casas populares para o assentamento de famílias, conforme especificações do edital. DOTAÇÃO ORÇAMENTÁRIA: 10.302.0001.2001.33903900. VALOR: R$ 345.600,00.","Habitação"
"TERMO DE RATIFICAÇÃO DE INEXIGIBILIDADE DE LICITAÇÃO. Processo Administrativo nº PMSC-098/24. Reconheço e ratifico a contratação de ORGANIZAÇÃO SOCIAL ESPERANÇA, inscrita no CNPJ sob nº 64.000.000/0001-00. Objeto: Elaboração de projetos de infraestrutura urbana em ocupações em lotes urbanizados. Valor Estimado: R$ 15.400,00, com base na art. 25, caput, da Lei 8.666/93.","Habitação"
"TERMO DE RATIFICAÇÃO DE AVISO DE LICITAÇÃO. Processo Administrativo nº PMSC-098/24. Reconheço e ratifico a contratação de ORGANIZAÇÃO SOCIAL ESPERANÇA, inscrita no CNPJ sob nº 61.000.000/0001-00. Objeto: Prestação de serviços reforma de moradias atendendo a Secretaria de Habitação. Valor Estimado: R$ 15.400,00, com base na art. 75, inciso II, da Lei nº 14.133/21.","Habitação"
"TOMADA DE PREÇOS. PROCESSO INSTRUTIVO: 2024/09812. PARTES: MUNICÍPIO DE SÃO JOSÉ DOS CAMPOS e VIGILÂNCIA E SEGURANÇA PATRIMONIAL LTDA. OBJETO: Registro de preços para execução de infraestrutura urbana em ocupações para o programa moradia digna. VALOR GLOBAL: R$ 89.000,00. FUNDAMENTO LEGAL: art. 75, inciso II, da Lei nº 14.133/21. ASSINATURA: 02/08/2026.","Habitação"
"EXTRATO DE REGISTRO DE PREÇOS. PROCESSO INSTRUTIVO: 0012.0034/2024. PARTES: SECRETARIA MUNICIPAL DE INFRAESTRUTURA e CONSTRUTORA ALPHA LTDA. OBJETO: Contratação de empresa de engenharia para infraestrutura urbana em ocupações atendendo a Secretaria de Habitação. VALOR GLOBAL: R$ 45.900,00. FUNDAMENTO LEGAL: art. 24, inciso II, da Lei nº 8.666/93. ASSINATURA: 03/08/2026.","Habitação"
"MUNICÍPIO - SECRETARIA DE ADMINISTRAÇÃO. INEXIGIBILIDADE DE LICITAÇÃO. Ref. Proc. 2023/00456. PARTES: SECRETARIA MUNICIPAL DE INFRAESTRUTURA X CONSTRUTORA ALPHA LTDA. OBJETO: O presente instrumento tem por objeto a Execução de obras de sistema de esgoto em loteamentos para o programa moradia digna, conforme especificações do edital. DOTAÇÃO ORÇAMENTÁRIA: 10.302.0001.2001.33903900. VALOR: R$ 345.600,00.","Habitação"
"INEXIGIBILIDADE DE LICITAÇÃO Nº 899/2024 - PROCESSO: PMSC-098/24. CONTRATANTE: MUNICÍPIO DE SÃO JOSÉ DOS CAMPOS. CONTRATADA: CONSTRUTORA ALPHA LTDA. OBJETO DO CONTRATO: Aquisição de terrenos para cadastro socioeconômico dentro do programa habitacional do município. VALOR: R$ 210.000,00. PRAZO DE VIGÊNCIA: 12 (doze) meses a partir da assinatura.","Habitação"
"TERMO DE RATIFICAÇÃO DE EXTRATO DE TERMO ADITIVO. Processo Administrativo nº 112233/2023. Reconheço e ratifico a contratação de TECNOLOGIA INTEGRADA LTDA, inscrita no CNPJ sob nº 62.000.000/0001-00. Objeto: Elaboração de projetos de construção de casas populares dentro do programa habitacional do município. Valor Estimado: R$ 210.000,00, com base na art. 75, inciso II, da Lei nº 14.133/21.","Habitação"
"EXTRATO DE CONTRATO. PROCESSO INSTRUTIVO: 112233/2023. PARTES: PREFEITURA MUNICIPAL e VIGILÂNCIA E SEGURANÇA PATRIMONIAL LTDA. OBJETO: Execução de obras de reforma de moradias em áreas de risco. VALOR GLOBAL: R$ 15.400,00. FUNDAMENTO LEGAL: art. 75, inciso II, da Lei nº 14.133/21. ASSINATURA: 28/06/2026.","Habitação"
"AVISO DE LICITAÇÃO. PROCESSO INSTRUTIVO: PM-882/2023. PARTES: FUNDO MUNICIPAL DE SAÚDE e VIGILÂNCIA E SEGURANÇA PATRIMONIAL LTDA. OBJETO: Aquisição de terrenos para materiais de construção em áreas de risco. VALOR GLOBAL: R$ 45.900,00. FUNDAMENTO LEGAL: art. 25, caput, da Lei 8.666/93. ASSINATURA: 01/08/2026.","Habitação"
"TERMO DE RATIFICAÇÃO DE TOMADA DE PREÇOS. Processo Administrativo nº 0012.0034/2024. Reconheço e ratifico a contratação de CONSTRUTORA ALPHA LTDA, inscrita no CNPJ sob nº 53.000.000/0001-00. Objeto: Elaboração de projetos de pavimentação de vias habitacionais atendendo a Secretaria de Habitação. Valor Estimado: R$ 345.600,00, com base na Lei 14.133/2021.","Habitação"
"MUNICÍPIO - SECRETARIA DE ADMINISTRAÇÃO. TOMADA DE PREÇOS. Ref. Proc. 2024/09812. PARTES: PREFEITURA MUNICIPAL X DISTRIBUIDORA DE MEDICAMENTOS BOA SAÚDE. OBJETO: O presente instrumento tem por objeto a Elaboração de projetos de reforma de moradias dentro do programa habitacional do município, conforme especificações do edital. DOTAÇÃO ORÇAMENTÁRIA: 10.302.0001.2001.33903900. VALOR: R$ 5.600.000,00.","Habitação"
"MUNICÍPIO - SECRETARIA DE ADMINISTRAÇÃO. EXTRATO DE CONTRATO. Ref. Proc. 0012.0034/2024. PARTES: FUNDO MUNICIPAL DE SAÚDE X CONSTRUTORA ALPHA LTDA. OBJETO: O presente instrumento tem por objeto a Elaboração de projetos de materiais de construção em lotes urbanizados, conforme especificações do edital. DOTAÇÃO ORÇAMENTÁRIA: 10.302.0001.2001.33903900. VALOR: R$ 15.400,00.","Habitação"
"EXTRATO DE CONTRATO Nº 83/2024 - PROCESSO: 2024/09812. CONTRATANTE: PREFEITURA MUNICIPAL. CONTRATADA: DISTRIBUIDORA DE MEDICAMENTOS BOA SAÚDE. OBJETO DO CONTRATO: Registro de preços para execução de levantamento topográfico em áreas de risco. VALOR: R$ 210.000,00. PRAZO DE VIGÊNCIA: 12 (doze) meses a partir da assinatura.","Habitação"
"TERMO DE RATIFICAÇÃO DE TOMADA DE PREÇOS. Processo Administrativo nº 2023/00456. Reconheço e ratifico a contratação de VIGILÂNCIA E SEGURANÇA PATRIMONIAL LTDA, inscrita no CNPJ sob nº 44.000.000/0001-00. Objeto: Elaboração de projetos de regularização fundiária para o programa moradia digna. Valor Estimado: R$ 45.900,00, com base na Lei 14.133/2021.","Habitação"
"MUNICÍPIO - SECRETARIA DE ADMINISTRAÇÃO. TOMADA DE PREÇOS. Ref. Proc. 2024/09812. PARTES: FUNDO MUNICIPAL DE EDUCAÇÃO X CONSTRUTORA ALPHA LTDA. OBJETO: O presente instrumento tem por objeto a Prestação de serviços materiais de construção para o programa moradia digna, conforme especificações do edital. DOTAÇÃO ORÇAMENTÁRIA: 10.302.0001.2001.33903900. VALOR: R$ 1.250.000,00.","Habitação"
"MUNICÍPIO - SECRETARIA DE ADMINISTRAÇÃO. EXTRATO DE REGISTRO DE PREÇOS. Ref. Proc. PMSC-098/24. PARTES: FUNDO MUNICIPAL DE SAÚDE X SERVIÇOS DE LIMPEZA BRASIL S/A. OBJETO: O presente instrumento tem por objeto a Execução de obras de loteamento de interesse social visando a redução do déficit habitacional, conforme especificações do edital. DOTAÇÃO ORÇAMENTÁRIA: 10.302.0001.2001.33903900. VALOR: R$ 15.400,00.","Habitação"
"EXTRATO DE REGISTRO DE PREÇOS. PROCESSO INSTRUTIVO: 0012.0034/2024. PARTES: SECRETARIA MUNICIPAL DE INFRAESTRUTURA e COMERCIAL DE ALIMENTOS UNIÃO EIRELI. OBJETO: Aquisição de terrenos para levantamento topográfico para famílias de baixa renda. VALOR GLOBAL: R$ 1.250.000,00. FUNDAMENTO LEGAL: art. 75, inciso II, da Lei nº 14.133/21. ASSINATURA: 04/08/2026.","Habitação"
"EXTRATO DE REGISTRO DE PREÇOS. PROCESSO INSTRUTIVO: PMSC-098/24. PARTES: PREFEITURA MUNICIPAL e SERVIÇOS DE LIMPEZA BRASIL S/A. OBJETO: Contratação de empresa de engenharia para loteamento de interesse social em áreas de risco. VALOR GLOBAL: R$ 89.000,00. FUNDAMENTO LEGAL: Lei 14.133/2021. ASSINATURA: 16/07/2026.","Habitação"
"DISPENSA DE LICITAÇÃO. PROCESSO INSTRUTIVO: PM-882/2023. PARTES: MUNICÍPIO DE SÃO JOSÉ DOS CAMPOS e SERVIÇOS DE LIMPEZA BRASIL S/A. OBJETO: Elaboração de projetos de pavimentação de vias habitacionais visando a redução do déficit habitacional. VALOR GLOBAL: R$ 5.600.000,00. FUNDAMENTO LEGAL: art. 25, caput, da Lei 8.666/93. ASSINATURA: 23/07/2026.","Habitação"
"EXTRATO DE REGISTRO DE PREÇOS. PROCESSO INSTRUTIVO: PMSC-098/24. PARTES: FUNDO MUNICIPAL DE EDUCAÇÃO e SERVIÇOS DE LIMPEZA BRASIL S/A. OBJETO: Prestação de serviços infraestrutura urbana em ocupações em áreas de risco. VALOR GLOBAL: R$ 5.600.000,00. FUNDAMENTO LEGAL: Lei 14.133/2021. ASSINATURA: 16/06/2026.","Habitação"
"TERMO DE RATIFICAÇÃO DE EXTRATO DE TERMO ADITIVO. Processo Administrativo nº PM-882/2023. Reconheço e ratifico a contratação de SERVIÇOS DE LIMPEZA BRASIL S/A, inscrita no CNPJ sob nº 31.000.000/0001-00. Objeto: Aquisição de terrenos para loteamento de interesse social para famílias de baixa renda. Valor Estimado: R$ 210.000,00, com base na Lei 14.133/2021.","Habitação"
"EXTRATO DE CONTRATO Nº 204/2024 - PROCESSO: PM-882/2023. CONTRATANTE: PREFEITURA MUNICIPAL. CONTRATADA: COMERCIAL DE ALIMENTOS UNIÃO EIRELI. OBJETO DO CONTRATO: Contratação de empresa de engenharia para materiais de construção em lotes urbanizados. VALOR: R$ 15.400,00. PRAZO DE VIGÊNCIA: 12 (doze) meses a partir da assinatura.","Habitação"
"EXTRATO DE CONTRATO. PROCESSO INSTRUTIVO: PM-882/2023. PARTES: MUNICÍPIO DE SÃO JOSÉ DOS CAMPOS e DISTRIBUIDORA DE MEDICAMENTOS BOA SAÚDE. OBJETO: Aquisição de terrenos para reforma de moradias em lotes urbanizados. VALOR GLOBAL: R$ 1.250.000,00. FUNDAMENTO LEGAL: art. 75, inciso II, da Lei nº 14.133/21. ASSINATURA: 15/06/2026.","Habitação"
"TERMO DE RATIFICAÇÃO DE EXTRATO DE CONTRATO. Processo Administrativo nº 2023/00456. Reconheço e ratifico a contratação de COMERCIAL DE ALIMENTOS UNIÃO EIRELI, inscrita no CNPJ sob nº 67.000.000/0001-00. Objeto: Prestação de serviços construção de casas populares em áreas de risco. Valor Estimado: R$ 45.900,00, com base na art. 25, caput, da Lei 8.666/93.","Habitação"
"EXTRATO DE CONTRATO Nº 689/2024 - PROCESSO: 0012.0034/2024. CONTRATANTE: MUNICÍPIO DE SÃO JOSÉ DOS CAMPOS. CONTRATADA: CONSTRUTORA ALPHA LTDA. OBJETO DO CONTRATO: Execução de obras de reforma de moradias para o programa moradia digna. VALOR: R$ 89.000,00. PRAZO DE VIGÊNCIA: 12 (doze) meses a partir da assinatura.","Habitação"
"PREGÃO ELETRÔNICO Nº 876/2024 - PROCESSO: 112233/2023. CONTRATANTE: FUNDO MUNICIPAL DE EDUCAÇÃO. CONTRATADA: VIGILÂNCIA E SEGURANÇA PATRIMONIAL LTDA. OBJETO DO CONTRATO: Prestação de serviços sistema de esgoto em loteamentos atendendo a Secretaria de Habitação. VALOR: R$ 89.000,00. PRAZO DE VIGÊNCIA: 12 (doze) meses a partir da assinatura.","Habitação"
"MUNICÍPIO - SECRETARIA DE ADMINISTRAÇÃO. PREGÃO ELETRÔNICO. Ref. Proc. PM-882/2023. PARTES: MUNICÍPIO DE SÃO JOSÉ DOS CAMPOS X VIGILÂNCIA E SEGURANÇA PATRIMONIAL LTDA. OBJETO: O presente instrumento tem por objeto a Aquisição de terrenos para loteamento de interesse social dentro do programa habitacional do município, conforme especificações do edital. DOTAÇÃO ORÇAMENTÁRIA: 10.302.0001.2001.33903900. VALOR: R$ 15.400,00.","Habitação"
"TERMO DE RATIFICAÇÃO DE AVISO DE LICITAÇÃO. Processo Administrativo nº 0012.0034/2024. Reconheço e ratifico a contratação de ORGANIZAÇÃO SOCIAL ESPERANÇA, inscrita no CNPJ sob nº 65.000.000/0001-00. Objeto: Execução de obras de loteamento de interesse social para o assentamento de famílias. Valor Estimado: R$ 210.000,00, com base na art. 24, inciso II, da Lei nº 8.666/93.","Habitação"
"TERMO DE RATIFICAÇÃO DE EXTRATO DE REGISTRO DE PREÇOS. Processo Administrativo nº PM-882/2023. Reconheço e ratifico a contratação de ORGANIZAÇÃO SOCIAL ESPERANÇA, inscrita no CNPJ sob nº 42.000.000/0001-00. Objeto: Aquisição de terrenos para regularização fundiária atendendo a Secretaria de Habitação. Valor Estimado: R$ 15.400,00, com base na art. 24, inciso II, da Lei nº 8.666/93.","Habitação"
"TERMO DE RATIFICAÇÃO DE TOMADA DE PREÇOS. Processo Administrativo nº 2024/09812. Reconheço e ratifico a contratação de VIGILÂNCIA E SEGURANÇA PATRIMONIAL LTDA, inscrita no CNPJ sob nº 42.000.000/0001-00. Objeto: Elaboração de projetos de cadastro socioeconômico atendendo a Secretaria de Habitação. Valor Estimado: R$ 15.400,00, com base na art. 25, caput, da Lei 8.666/93.","Habitação"
"MUNICÍPIO - SECRETARIA DE ADMINISTRAÇÃO. AVISO DE LICITAÇÃO. Ref. Proc. 2023/00456. PARTES: PREFEITURA MUNICIPAL X COMERCIAL DE ALIMENTOS UNIÃO EIRELI. OBJETO: O presente instrumento tem por objeto a Registro de preços para execução de materiais de construção em lotes urbanizados, conforme especificações do edital. DOTAÇÃO ORÇAMENTÁRIA: 10.302.0001.2001.33903900. VALOR: R$ 210.000,00.","Habitação"
"TERMO DE RATIFICAÇÃO DE EXTRATO DE REGISTRO DE PREÇOS. Processo Administrativo nº PM-882/2023. Reconheço e ratifico a contratação de COMERCIAL DE ALIMENTOS UNIÃO EIRELI, inscrita no CNPJ sob nº 62.000.000/0001-00. Objeto: Contratação de empresa de engenharia para cadastro socioeconômico atendendo a Secretaria de Habitação. Valor Estimado: R$ 15.400,00, com base na art. 24, inciso II, da Lei nº 8.666/93.","Habitação"
"MUNICÍPIO - SECRETARIA DE ADMINISTRAÇÃO. INEXIGIBILIDADE DE LICITAÇÃO. Ref. Proc. 0012.0034/2024. PARTES: FUNDO MUNICIPAL DE SAÚDE X SERVIÇOS DE LIMPEZA BRASIL S/A. OBJETO: O presente instrumento tem por objeto a Aquisição de terrenos para cadastro socioeconômico em lotes urbanizados, conforme especificações do edital. DOTAÇÃO ORÇAMENTÁRIA: 10.302.0001.2001.33903900. VALOR: R$ 1.250.000,00.","Habitação"
"AVISO DE LICITAÇÃO. PROCESSO INSTRUTIVO: PMSC-098/24. PARTES: SECRETARIA MUNICIPAL DE INFRAESTRUTURA e COMERCIAL DE ALIMENTOS UNIÃO EIRELI. OBJETO: Execução de obras de construção de casas populares para famílias de baixa renda. VALOR GLOBAL: R$ 5.600.000,00. FUNDAMENTO LEGAL: Lei 14.133/2021. ASSINATURA: 22/05/2026.","Habitação"
"TERMO DE RATIFICAÇÃO DE TOMADA DE PREÇOS. Processo Administrativo nº 2024/09812. Reconheço e ratifico a contratação de TECNOLOGIA INTEGRADA LTDA, inscrita no CNPJ sob nº 71.000.000/0001-00. Objeto: Aquisição de terrenos para sistema de esgoto em loteamentos em áreas de risco. Valor Estimado: R$ 1.250.000,00, com base na art. 75, inciso II, da Lei nº 14.133/21.","Habitação"
"INEXIGIBILIDADE DE LICITAÇÃO. PROCESSO INSTRUTIVO: 0012.0034/2024. PARTES: FUNDO MUNICIPAL DE EDUCAÇÃO e COMERCIAL DE ALIMENTOS UNIÃO EIRELI. OBJETO: Aquisição de terrenos para construção de casas populares dentro do programa habitacional do município. VALOR GLOBAL: R$ 5.600.000,00. FUNDAMENTO LEGAL: Lei 14.133/2021. ASSINATURA: 21/07/2026.","Habitação"
"TERMO DE RATIFICAÇÃO DE EXTRATO DE CONTRATO. Processo Administrativo nº 0012.0034/2024. Reconheço e ratifico a contratação de SERVIÇOS DE LIMPEZA BRASIL S/A, inscrita no CNPJ sob nº 37.000.000/0001-00. Objeto: Prestação de serviços cadastro socioeconômico em lotes urbanizados. Valor Estimado: R$ 15.400,00, com base na art. 75, inciso II, da Lei nº 14.133/21.","Habitação"
"TERMO DE RATIFICAÇÃO DE EXTRATO DE CONTRATO. Processo Administrativo nº PM-882/2023. Reconheço e ratifico a contratação de SERVIÇOS DE LIMPEZA BRASIL S/A, inscrita no CNPJ sob nº 73.000.000/0001-00. Objeto: Aquisição de terrenos para materiais de construção para o programa moradia digna. Valor Estimado: R$ 45.900,00, com base na art. 75, inciso II, da Lei nº 14.133/21.","Habitação"
"MUNICÍPIO - SECRETARIA DE ADMINISTRAÇÃO. EXTRATO DE CONTRATO. Ref. Proc. PM-882/2023. PARTES: FUNDO MUNICIPAL DE SAÚDE X CONSTRUTORA ALPHA LTDA. OBJETO: O presente instrumento tem por objeto a Registro de preços para execução de cadastro socioeconômico para famílias de baixa renda, conforme especificações do edital. DOTAÇÃO ORÇAMENTÁRIA: 10.302.0001.2001.33903900. VALOR: R$ 15.400,00.","Habitação"
"TOMADA DE PREÇOS Nº 981/2024 - PROCESSO: 112233/2023. CONTRATANTE: MUNICÍPIO DE SÃO JOSÉ DOS CAMPOS. CONTRATADA: COMERCIAL DE ALIMENTOS UNIÃO EIRELI. OBJETO DO CONTRATO: Elaboração de projetos de reforma de moradias em lotes urbanizados. VALOR: R$ 1.250.000,00. PRAZO DE VIGÊNCIA: 12 (doze) meses a partir da assinatura.","Habitação"
"EXTRATO DE TERMO ADITIVO Nº 516/2024 - PROCESSO: 0012.0034/2024. CONTRATANTE: FUNDO MUNICIPAL DE SAÚDE. CONTRATADA: ORGANIZAÇÃO SOCIAL ESPERANÇA. OBJETO DO CONTRATO: Aquisição de terrenos para construção de casas populares em áreas de risco. VALOR: R$ 45.900,00. PRAZO DE VIGÊNCIA: 12 (doze) meses a partir da assinatura.","Habitação"
"MUNICÍPIO - SECRETARIA DE ADMINISTRAÇÃO. EXTRATO DE TERMO ADITIVO. Ref. Proc. PM-882/2023. PARTES: MUNICÍPIO DE SÃO JOSÉ DOS CAMPOS X DISTRIBUIDORA DE MEDICAMENTOS BOA SAÚDE. OBJETO: O presente instrumento tem por objeto a Prestação de serviços construção de casas populares atendendo a Secretaria de Habitação, conforme especificações do edital. DOTAÇÃO ORÇAMENTÁRIA: 10.302.0001.2001.33903900. VALOR: R$ 89.000,00.","Habitação"
"EXTRATO DE CONTRATO Nº 574/2024 - PROCESSO: PM-882/2023. CONTRATANTE: FUNDO MUNICIPAL DE EDUCAÇÃO. CONTRATADA: CONSTRUTORA ALPHA LTDA. OBJETO DO CONTRATO: Contratação de empresa de engenharia para infraestrutura urbana em ocupações em áreas de risco. VALOR: R$ 1.250.000,00. PRAZO DE VIGÊNCIA: 12 (doze) meses a partir da assinatura.","Habitação"
"DISPENSA DE LICITAÇÃO Nº 168/2024 - PROCESSO: PMSC-098/24. CONTRATANTE: PREFEITURA MUNICIPAL. CONTRATADA: SERVIÇOS DE LIMPEZA BRASIL S/A. OBJETO DO CONTRATO: Contratação de empresa de engenharia para construção de casas populares para o programa moradia digna. VALOR: R$ 1.250.000,00. PRAZO DE VIGÊNCIA: 12 (doze) meses a partir da assinatura.","Habitação"
"EXTRATO DE TERMO ADITIVO Nº 175/2024 - PROCESSO: PMSC-098/24. CONTRATANTE: SECRETARIA MUNICIPAL DE INFRAESTRUTURA. CONTRATADA: VIGILÂNCIA E SEGURANÇA PATRIMONIAL LTDA. OBJETO DO CONTRATO: Contratação de empresa de engenharia para reforma de moradias dentro do programa habitacional do município. VALOR: R$ 15.400,00. PRAZO DE VIGÊNCIA: 12 (doze) meses a partir da assinatura.","Habitação"
"AVISO DE LICITAÇÃO. PROCESSO INSTRUTIVO: PM-882/2023. PARTES: SECRETARIA MUNICIPAL DE INFRAESTRUTURA e CONSTRUTORA ALPHA LTDA. OBJETO: Elaboração de projetos de infraestrutura urbana em ocupações para o assentamento de famílias. VALOR GLOBAL: R$ 210.000,00. FUNDAMENTO LEGAL: art. 24, inciso II, da Lei nº 8.666/93. ASSINATURA: 18/06/2026.","Habitação"
"EXTRATO DE TERMO ADITIVO. PROCESSO INSTRUTIVO: PMSC-098/24. PARTES: PREFEITURA MUNICIPAL e CONSTRUTORA ALPHA LTDA. OBJETO: Aquisição de terrenos para levantamento topográfico para o assentamento de famílias. VALOR GLOBAL: R$ 15.400,00. FUNDAMENTO LEGAL: art. 24, inciso II, da Lei nº 8.666/93. ASSINATURA: 03/06/2026.","Habitação"
"TOMADA DE PREÇOS Nº 219/2024 - PROCESSO: 2023/00456. CONTRATANTE: FUNDO MUNICIPAL DE SAÚDE. CONTRATADA: ORGANIZAÇÃO SOCIAL ESPERANÇA. OBJETO DO CONTRATO: Execução de obras de levantamento topográfico dentro do programa habitacional do município. VALOR: R$ 5.600.000,00. PRAZO DE VIGÊNCIA: 12 (doze) meses a partir da assinatura.","Habitação"
"EXTRATO DE CONTRATO. PROCESSO INSTRUTIVO: PM-882/2023. PARTES: SECRETARIA MUNICIPAL DE INFRAESTRUTURA e SERVIÇOS DE LIMPEZA BRASIL S/A. OBJETO: Aquisição de terrenos para construção de casas populares para o programa moradia digna. VALOR GLOBAL: R$ 89.000,00. FUNDAMENTO LEGAL: art. 75, inciso II, da Lei nº 14.133/21. ASSINATURA: 22/05/2026.","Habitação"
"INEXIGIBILIDADE DE LICITAÇÃO Nº 29/2024 - PROCESSO: 0012.0034/2024. CONTRATANTE: SECRETARIA MUNICIPAL DE INFRAESTRUTURA. CONTRATADA: COMERCIAL DE ALIMENTOS UNIÃO EIRELI. OBJETO DO CONTRATO: Aquisição de terrenos para sistema de esgoto em loteamentos atendendo a Secretaria de Habitação. VALOR: R$ 45.900,00. PRAZO DE VIGÊNCIA: 12 (doze) meses a partir da assinatura.","Habitação"
"PREGÃO ELETRÔNICO Nº 778/2024 - PROCESSO: 0012.0034/2024. CONTRATANTE: MUNICÍPIO DE SÃO JOSÉ DOS CAMPOS. CONTRATADA: SERVIÇOS DE LIMPEZA BRASIL S/A. OBJETO DO CONTRATO: Contratação de empresa de engenharia para levantamento topográfico para o assentamento de famílias. VALOR: R$ 1.250.000,00. PRAZO DE VIGÊNCIA: 12 (doze) meses a partir da assinatura.","Habitação"
"PREGÃO ELETRÔNICO. PROCESSO INSTRUTIVO: 112233/2023. PARTES: SECRETARIA MUNICIPAL DE INFRAESTRUTURA e COMERCIAL DE ALIMENTOS UNIÃO EIRELI. OBJETO: Execução de obras de regularização fundiária para famílias de baixa renda. VALOR GLOBAL: R$ 5.600.000,00. FUNDAMENTO LEGAL: Lei 14.133/2021. ASSINATURA: 07/05/2026.","Habitação"
"DISPENSA DE LICITAÇÃO Nº 425/2024 - PROCESSO: PM-882/2023. CONTRATANTE: SECRETARIA MUNICIPAL DE INFRAESTRUTURA. CONTRATADA: VIGILÂNCIA E SEGURANÇA PATRIMONIAL LTDA. OBJETO DO CONTRATO: Execução de obras de infraestrutura urbana em ocupações dentro do programa habitacional do município. VALOR: R$ 5.600.000,00. PRAZO DE VIGÊNCIA: 12 (doze) meses a partir da assinatura.","Habitação"
"TOMADA DE PREÇOS Nº 146/2024 - PROCESSO: PMSC-098/24. CONTRATANTE: FUNDO MUNICIPAL DE SAÚDE. CONTRATADA: DISTRIBUIDORA DE MEDICAMENTOS BOA SAÚDE. OBJETO DO CONTRATO: Aquisição de terrenos para construção de casas populares visando a redução do déficit habitacional. VALOR: R$ 5.600.000,00. PRAZO DE VIGÊNCIA: 12 (doze) meses a partir da assinatura.","Habitação"
"EXTRATO DE CONTRATO Nº 202/2024 - PROCESSO: 0012.0034/2024. CONTRATANTE: PREFEITURA MUNICIPAL. CONTRATADA: SERVIÇOS DE LIMPEZA BRASIL S/A. OBJETO DO CONTRATO: Prestação de serviços loteamento de interesse social visando a redução do déficit habitacional. VALOR: R$ 45.900,00. PRAZO DE VIGÊNCIA: 12 (doze) meses a partir da assinatura.","Habitação"
"TERMO DE RATIFICAÇÃO DE AVISO DE LICITAÇÃO. Processo Administrativo nº PMSC-098/24. Reconheço e ratifico a contratação de SERVIÇOS DE LIMPEZA BRASIL S/A, inscrita no CNPJ sob nº 32.000.000/0001-00. Objeto: Elaboração de projetos de cadastro socioeconômico para o assentamento de famílias. Valor Estimado: R$ 345.600,00, com base na art. 25, caput, da Lei 8.666/93.","Habitação"
"EXTRATO DE TERMO ADITIVO. PROCESSO INSTRUTIVO: 0012.0034/2024. PARTES: PREFEITURA MUNICIPAL e SERVIÇOS DE LIMPEZA BRASIL S/A. OBJETO: Prestação de serviços cadastro socioeconômico para o assentamento de famílias. VALOR GLOBAL: R$ 15.400,00. FUNDAMENTO LEGAL: Lei 14.133/2021. ASSINATURA: 11/05/2026.","Habitação"
"EXTRATO DE TERMO ADITIVO Nº 61/2024 - PROCESSO: PMSC-098/24. CONTRATANTE: SECRETARIA MUNICIPAL DE INFRAESTRUTURA. CONTRATADA: ORGANIZAÇÃO SOCIAL ESPERANÇA. OBJETO DO CONTRATO: Elaboração de projetos de levantamento topográfico dentro do programa habitacional do município. VALOR: R$ 5.600.000,00. PRAZO DE VIGÊNCIA: 12 (doze) meses a partir da assinatura.","Habitação"
"TOMADA DE PREÇOS. PROCESSO INSTRUTIVO: 112233/2023. PARTES: FUNDO MUNICIPAL DE SAÚDE e TECNOLOGIA INTEGRADA LTDA. OBJETO: Execução de obras de pavimentação de vias habitacionais em áreas de risco. VALOR GLOBAL: R$ 210.000,00. FUNDAMENTO LEGAL: art. 75, inciso II, da Lei nº 14.133/21. ASSINATURA: 19/07/2026.","Habitação"
"EXTRATO DE TERMO ADITIVO Nº 289/2024 - PROCESSO: PMSC-098/24. CONTRATANTE: FUNDO MUNICIPAL DE SAÚDE. CONTRATADA: TECNOLOGIA INTEGRADA LTDA. OBJETO DO CONTRATO: Execução de obras de cadastro socioeconômico dentro do programa habitacional do município. VALOR: R$ 5.600.000,00. PRAZO DE VIGÊNCIA: 12 (doze) meses a partir da assinatura.","Habitação"
"MUNICÍPIO - SECRETARIA DE ADMINISTRAÇÃO. AVISO DE LICITAÇÃO. Ref. Proc. PM-882/2023. PARTES: FUNDO MUNICIPAL DE EDUCAÇÃO X DISTRIBUIDORA DE MEDICAMENTOS BOA SAÚDE. OBJETO: O presente instrumento tem por objeto a Elaboração de projetos de sistema de esgoto em loteamentos dentro do programa habitacional do município, conforme especificações do edital. DOTAÇÃO ORÇAMENTÁRIA: 10.302.0001.2001.33903900. VALOR: R$ 5.600.000,00.","Habitação"
"MUNICÍPIO - SECRETARIA DE ADMINISTRAÇÃO. EXTRATO DE REGISTRO DE PREÇOS. Ref. Proc. 2023/00456. PARTES: FUNDO MUNICIPAL DE EDUCAÇÃO X COMERCIAL DE ALIMENTOS UNIÃO EIRELI. OBJETO: O presente instrumento tem por objeto a Elaboração de projetos de infraestrutura urbana em ocupações visando a redução do déficit habitacional, conforme especificações do edital. DOTAÇÃO ORÇAMENTÁRIA: 10.302.0001.2001.33903900. VALOR: R$ 5.600.000,00.","Habitação"
"TERMO DE RATIFICAÇÃO DE AVISO DE LICITAÇÃO. Processo Administrativo nº 112233/2023. Reconheço e ratifico a contratação de TECNOLOGIA INTEGRADA LTDA, inscrita no CNPJ sob nº 32.000.000/0001-00. Objeto: Contratação de empresa de engenharia para materiais de construção dentro do programa habitacional do município. Valor Estimado: R$ 5.600.000,00, com base na Lei 14.133/2021.","Habitação"
"AVISO DE LICITAÇÃO Nº 877/2024 - PROCESSO: 2023/00456. CONTRATANTE: MUNICÍPIO DE SÃO JOSÉ DOS CAMPOS. CONTRATADA: ORGANIZAÇÃO SOCIAL ESPERANÇA. OBJETO DO CONTRATO: Prestação de serviços cadastro socioeconômico em áreas de risco. VALOR: R$ 210.000,00. PRAZO DE VIGÊNCIA: 12 (doze) meses a partir da assinatura.","Habitação"
"MUNICÍPIO - SECRETARIA DE ADMINISTRAÇÃO. PREGÃO ELETRÔNICO. Ref. Proc. 2023/00456. PARTES: FUNDO MUNICIPAL DE SAÚDE X DISTRIBUIDORA DE MEDICAMENTOS BOA SAÚDE. OBJETO: O presente instrumento tem por objeto a Elaboração de projetos de loteamento de interesse social visando a redução do déficit habitacional, conforme especificações do edital. DOTAÇÃO ORÇAMENTÁRIA: 10.302.0001.2001.33903900. VALOR: R$ 1.250.000,00.","Habitação"
"TOMADA DE PREÇOS. PROCESSO INSTRUTIVO: 0012.0034/2024. PARTES: FUNDO MUNICIPAL DE EDUCAÇÃO e ORGANIZAÇÃO SOCIAL ESPERANÇA. OBJETO: Contratação de empresa de engenharia para construção de casas populares dentro do programa habitacional do município. VALOR GLOBAL: R$ 1.250.000,00. FUNDAMENTO LEGAL: art. 24, inciso II, da Lei nº 8.666/93. ASSINATURA: 21/06/2026.","Habitação"
"TERMO DE RATIFICAÇÃO DE TOMADA DE PREÇOS. Processo Administrativo nº 112233/2023. Reconheço e ratifico a contratação de ORGANIZAÇÃO SOCIAL ESPERANÇA, inscrita no CNPJ sob nº 67.000.000/0001-00. Objeto: Elaboração de projetos de loteamento de interesse social atendendo a Secretaria de Habitação. Valor Estimado: R$ 1.250.000,00, com base na art. 25, caput, da Lei 8.666/93.","Habitação"
"TERMO DE RATIFICAÇÃO DE EXTRATO DE REGISTRO DE PREÇOS. Processo Administrativo nº 112233/2023. Reconheço e ratifico a contratação de DISTRIBUIDORA DE MEDICAMENTOS BOA SAÚDE, inscrita no CNPJ sob nº 69.000.000/0001-00. Objeto: Elaboração de projetos de infraestrutura urbana em ocupações em áreas de risco. Valor Estimado: R$ 1.250.000,00, com base na art. 25, caput, da Lei 8.666/93.","Habitação"
"INEXIGIBILIDADE DE LICITAÇÃO. PROCESSO INSTRUTIVO: PMSC-098/24. PARTES: FUNDO MUNICIPAL DE EDUCAÇÃO e CONSTRUTORA ALPHA LTDA. OBJETO: Registro de preços para execução de cadastro socioeconômico visando a redução do déficit habitacional. VALOR GLOBAL: R$ 5.600.000,00. FUNDAMENTO LEGAL: art. 24, inciso II, da Lei nº 8.666/93. ASSINATURA: 20/07/2026.","Habitação"
"MUNICÍPIO - SECRETARIA DE ADMINISTRAÇÃO. INEXIGIBILIDADE DE LICITAÇÃO. Ref. Proc. 112233/2023. PARTES: FUNDO MUNICIPAL DE SAÚDE X CONSTRUTORA ALPHA LTDA. OBJETO: O presente instrumento tem por objeto a Elaboração de projetos de construção de casas populares visando a redução do déficit habitacional, conforme especificações do edital. DOTAÇÃO ORÇAMENTÁRIA: 10.302.0001.2001.33903900. VALOR: R$ 1.250.000,00.","Habitação"
"TERMO DE RATIFICAÇÃO DE TOMADA DE PREÇOS. Processo Administrativo nº PM-882/2023. Reconheço e ratifico a contratação de TECNOLOGIA INTEGRADA LTDA, inscrita no CNPJ sob nº 43.000.000/0001-00. Objeto: Prestação de serviços montagem de palco e sonorização para o evento cultural no parque. Valor Estimado: R$ 89.000,00, com base na Lei 14.133/2021.","Cultura"
"EXTRATO DE CONTRATO Nº 713/2024 - PROCESSO: PM-882/2023. CONTRATANTE: FUNDO MUNICIPAL DE SAÚDE. CONTRATADA: TECNOLOGIA INTEGRADA LTDA. OBJETO DO CONTRATO: Contratação de apresentações folclóricas promovido pela Fundação Cultural. VALOR: R$ 45.900,00. PRAZO DE VIGÊNCIA: 12 (doze) meses a partir da assinatura.","Cultura"
"MUNICÍPIO - SECRETARIA DE ADMINISTRAÇÃO. EXTRATO DE TERMO ADITIVO. Ref. Proc. 0012.0034/2024. PARTES: SECRETARIA MUNICIPAL DE INFRAESTRUTURA X VIGILÂNCIA E SEGURANÇA PATRIMONIAL LTDA. OBJETO: O presente instrumento tem por objeto a Organização e execução de show musical para o carnaval de rua, conforme especificações do edital. DOTAÇÃO ORÇAMENTÁRIA: 10.302.0001.2001.33903900. VALOR: R$ 45.900,00.","Cultura"
"EXTRATO DE REGISTRO DE PREÇOS. PROCESSO INSTRUTIVO: PMSC-098/24. PARTES: MUNICÍPIO DE SÃO JOSÉ DOS CAMPOS e COMERCIAL DE ALIMENTOS UNIÃO EIRELI. OBJETO: Apoio financeiro para realização de show musical para a Festa das Nações. VALOR GLOBAL: R$ 345.600,00. FUNDAMENTO LEGAL: art. 24, inciso II, da Lei nº 8.666/93. ASSINATURA: 16/07/2026.","Cultura"
"MUNICÍPIO - SECRETARIA DE ADMINISTRAÇÃO. EXTRATO DE CONTRATO. Ref. Proc. PM-882/2023. PARTES: FUNDO MUNICIPAL DE SAÚDE X COMERCIAL DE ALIMENTOS UNIÃO EIRELI. OBJETO: O presente instrumento tem por objeto a Apoio financeiro para realização de oficinas de teatro e dança para o carnaval de rua, conforme especificações do edital. DOTAÇÃO ORÇAMENTÁRIA: 10.302.0001.2001.33903900. VALOR: R$ 15.400,00.","Cultura"
"MUNICÍPIO - SECRETARIA DE ADMINISTRAÇÃO. EXTRATO DE TERMO ADITIVO. Ref. Proc. 0012.0034/2024. PARTES: FUNDO MUNICIPAL DE EDUCAÇÃO X SERVIÇOS DE LIMPEZA BRASIL S/A. OBJETO: O presente instrumento tem por objeto a Apoio financeiro para realização de apresentação artística para o evento cultural no parque, conforme especificações do edital. DOTAÇÃO ORÇAMENTÁRIA: 10.302.0001.2001.33903900. VALOR: R$ 89.000,00.","Cultura"
"MUNICÍPIO - SECRETARIA DE ADMINISTRAÇÃO. AVISO DE LICITAÇÃO. Ref. Proc. 0012.0034/2024. PARTES: PREFEITURA MUNICIPAL X SERVIÇOS DE LIMPEZA BRASIL S/A. OBJETO: O presente instrumento tem por objeto a Organização e execução de show musical visando a difusão cultural no município, conforme especificações do edital. DOTAÇÃO ORÇAMENTÁRIA: 10.302.0001.2001.33903900. VALOR: R$ 89.000,00.","Cultura"
"DISPENSA DE LICITAÇÃO Nº 730/2024 - PROCESSO: PMSC-098/24. CONTRATANTE: FUNDO MUNICIPAL DE SAÚDE. CONTRATADA: TECNOLOGIA INTEGRADA LTDA. OBJETO DO CONTRATO: Organização e execução de oficinas de teatro e dança visando a difusão cultural no município. VALOR: R$ 5.600.000,00. PRAZO DE VIGÊNCIA: 12 (doze) meses a partir da assinatura.","Cultura"
"TOMADA DE PREÇOS. PROCESSO INSTRUTIVO: PM-882/2023. PARTES: FUNDO MUNICIPAL DE SAÚDE e COMERCIAL DE ALIMENTOS UNIÃO EIRELI. OBJETO: Apoio financeiro para realização de festival de cinema local no Teatro Municipal. VALOR GLOBAL: R$ 89.000,00. FUNDAMENTO LEGAL: art. 24, inciso II, da Lei nº 8.666/93. ASSINATURA: 06/07/2026.","Cultura"
"MUNICÍPIO - SECRETARIA DE ADMINISTRAÇÃO. PREGÃO ELETRÔNICO. Ref. Proc. PMSC-098/24. PARTES: MUNICÍPIO DE SÃO JOSÉ DOS CAMPOS X SERVIÇOS DE LIMPEZA BRASIL S/A. OBJETO: O presente instrumento tem por objeto a Organização e execução de restauração de acervo histórico promovido pela Fundação Cultural, conforme especificações do edital. DOTAÇÃO ORÇAMENTÁRIA: 10.302.0001.2001.33903900. VALOR: R$ 15.400,00.","Cultura"
"DISPENSA DE LICITAÇÃO Nº 446/2024 - PROCESSO: 2023/00456. CONTRATANTE: MUNICÍPIO DE SÃO JOSÉ DOS CAMPOS. CONTRATADA: TECNOLOGIA INTEGRADA LTDA. OBJETO DO CONTRATO: Prestação de serviços oficinas de teatro e dança para o evento cultural no parque. VALOR: R$ 15.400,00. PRAZO DE VIGÊNCIA: 12 (doze) meses a partir da assinatura.","Cultura"
"TERMO DE RATIFICAÇÃO DE EXTRATO DE REGISTRO DE PREÇOS. Processo Administrativo nº PMSC-098/24. Reconheço e ratifico a contratação de DISTRIBUIDORA DE MEDICAMENTOS BOA SAÚDE, inscrita no CNPJ sob nº 12.000.000/0001-00. Objeto: Organização e execução de show musical promovido pela Fundação Cultural. Valor Estimado: R$ 45.900,00, com base na art. 25, caput, da Lei 8.666/93.","Cultura"
"EXTRATO DE CONTRATO. PROCESSO INSTRUTIVO: 0012.0034/2024. PARTES: PREFEITURA MUNICIPAL e VIGILÂNCIA E SEGURANÇA PATRIMONIAL LTDA. OBJETO: Prestação de serviços restauração de acervo histórico visando a difusão cultural no município. VALOR GLOBAL: R$ 210.000,00. FUNDAMENTO LEGAL: art. 75, inciso II, da Lei nº 14.133/21. ASSINATURA: 09/07/2026.","Cultura"
"TOMADA DE PREÇOS Nº 964/2024 - PROCESSO: 2024/09812. CONTRATANTE: FUNDO MUNICIPAL DE SAÚDE. CONTRATADA: CONSTRUTORA ALPHA LTDA. OBJETO DO CONTRATO: Aquisição de materiais para restauração de acervo histórico promovido pela Fundação Cultural. VALOR: R$ 1.250.000,00. PRAZO DE VIGÊNCIA: 12 (doze) meses a partir da assinatura.","Cultura"
"EXTRATO DE CONTRATO. PROCESSO INSTRUTIVO: 2023/00456. PARTES: SECRETARIA MUNICIPAL DE INFRAESTRUTURA e SERVIÇOS DE LIMPEZA BRASIL S/A. OBJETO: Locação de equipamentos para restauração de acervo histórico promovido pela Fundação Cultural. VALOR GLOBAL: R$ 89.000,00. FUNDAMENTO LEGAL: art. 75, inciso II, da Lei nº 14.133/21. ASSINATURA: 24/05/2026.","Cultura"
"PREGÃO ELETRÔNICO. PROCESSO INSTRUTIVO: 112233/2023. PARTES: MUNICÍPIO DE SÃO JOSÉ DOS CAMPOS e SERVIÇOS DE LIMPEZA BRASIL S/A. OBJETO: Locação de equipamentos para oficinas de teatro e dança para o evento cultural no parque. VALOR GLOBAL: R$ 15.400,00. FUNDAMENTO LEGAL: Lei 14.133/2021. ASSINATURA: 06/07/2026.","Cultura"
"MUNICÍPIO - SECRETARIA DE ADMINISTRAÇÃO. INEXIGIBILIDADE DE LICITAÇÃO. Ref. Proc. 2023/00456. PARTES: PREFEITURA MUNICIPAL X TECNOLOGIA INTEGRADA LTDA. OBJETO: O presente instrumento tem por objeto a Organização e execução de restauração de acervo histórico para a Festa das Nações, conforme especificações do edital. DOTAÇÃO ORÇAMENTÁRIA: 10.302.0001.2001.33903900. VALOR: R$ 5.600.000,00.","Cultura"
"EXTRATO DE TERMO ADITIVO. PROCESSO INSTRUTIVO: 2024/09812. PARTES: FUNDO MUNICIPAL DE SAÚDE e ORGANIZAÇÃO SOCIAL ESPERANÇA. OBJETO: Contratação de feira do livro municipal em comemoração ao aniversário da cidade. VALOR GLOBAL: R$ 45.900,00. FUNDAMENTO LEGAL: art. 24, inciso II, da Lei nº 8.666/93. ASSINATURA: 01/08/2026.","Cultura"
"EXTRATO DE TERMO ADITIVO. PROCESSO INSTRUTIVO: 2023/00456. PARTES: FUNDO MUNICIPAL DE SAÚDE e TECNOLOGIA INTEGRADA LTDA. OBJETO: Prestação de serviços oficinas de teatro e dança para a Festa das Nações. VALOR GLOBAL: R$ 89.000,00. FUNDAMENTO LEGAL: art. 24, inciso II, da Lei nº 8.666/93. ASSINATURA: 04/07/2026.","Cultura"
"MUNICÍPIO - SECRETARIA DE ADMINISTRAÇÃO. TOMADA DE PREÇOS. Ref. Proc. 2023/00456. PARTES: SECRETARIA MUNICIPAL DE INFRAESTRUTURA X CONSTRUTORA ALPHA LTDA. OBJETO: O presente instrumento tem por objeto a Aquisição de materiais para decoração natalina para a Festa das Nações, conforme especificações do edital. DOTAÇÃO ORÇAMENTÁRIA: 10.302.0001.2001.33903900. VALOR: R$ 345.600,00.","Cultura"
"TERMO DE RATIFICAÇÃO DE TOMADA DE PREÇOS. Processo Administrativo nº PMSC-098/24. Reconheço e ratifico a contratação de DISTRIBUIDORA DE MEDICAMENTOS BOA SAÚDE, inscrita no CNPJ sob nº 64.000.000/0001-00. Objeto: Aquisição de materiais para show musical para o carnaval de rua. Valor Estimado: R$ 89.000,00, com base na art. 75, inciso II, da Lei nº 14.133/21.","Cultura"
"TERMO DE RATIFICAÇÃO DE TOMADA DE PREÇOS. Processo Administrativo nº 2023/00456. Reconheço e ratifico a contratação de CONSTRUTORA ALPHA LTDA, inscrita no CNPJ sob nº 88.000.000/0001-00. Objeto: Apoio financeiro para realização de oficinas de teatro e dança promovido pela Fundação Cultural. Valor Estimado: R$ 89.000,00, com base na Lei 14.133/2021.","Cultura"
"MUNICÍPIO - SECRETARIA DE ADMINISTRAÇÃO. AVISO DE LICITAÇÃO. Ref. Proc. 2024/09812. PARTES: PREFEITURA MUNICIPAL X TECNOLOGIA INTEGRADA LTDA. OBJETO: O presente instrumento tem por objeto a Locação de equipamentos para montagem de palco e sonorização promovido pela Fundação Cultural, conforme especificações do edital. DOTAÇÃO ORÇAMENTÁRIA: 10.302.0001.2001.33903900. VALOR: R$ 5.600.000,00.","Cultura"
"MUNICÍPIO - SECRETARIA DE ADMINISTRAÇÃO. EXTRATO DE TERMO ADITIVO. Ref. Proc. PM-882/2023. PARTES: SECRETARIA MUNICIPAL DE INFRAESTRUTURA X VIGILÂNCIA E SEGURANÇA PATRIMONIAL LTDA. OBJETO: O presente instrumento tem por objeto a Organização e execução de restauração de acervo histórico para o carnaval de rua, conforme especificações do edital. DOTAÇÃO ORÇAMENTÁRIA: 10.302.0001.2001.33903900. VALOR: R$ 210.000,00.","Cultura"
"TERMO DE RATIFICAÇÃO DE EXTRATO DE CONTRATO. Processo Administrativo nº 2023/00456. Reconheço e ratifico a contratação de COMERCIAL DE ALIMENTOS UNIÃO EIRELI, inscrita no CNPJ sob nº 27.000.000/0001-00. Objeto: Locação de equipamentos para show musical para o evento cultural no parque. Valor Estimado: R$ 210.000,00, com base na art. 75, inciso II, da Lei nº 14.133/21.","Cultura"
"AVISO DE LICITAÇÃO. PROCESSO INSTRUTIVO: 2024/09812. PARTES: SECRETARIA MUNICIPAL DE INFRAESTRUTURA e DISTRIBUIDORA DE MEDICAMENTOS BOA SAÚDE. OBJETO: Locação de equipamentos para decoração natalina promovido pela Fundação Cultural. VALOR GLOBAL: R$ 15.400,00. FUNDAMENTO LEGAL: art. 24, inciso II, da Lei nº 8.666/93. ASSINATURA: 05/07/2026.","Cultura"
"TERMO DE RATIFICAÇÃO DE EXTRATO DE CONTRATO. Processo Administrativo nº 0012.0034/2024. Reconheço e ratifico a contratação de VIGILÂNCIA E SEGURANÇA PATRIMONIAL LTDA, inscrita no CNPJ sob nº 64.000.000/0001-00. Objeto: Apoio financeiro para realização de restauração de acervo histórico promovido pela Fundação Cultural. Valor Estimado: R$ 15.400,00, com base na art. 75, inciso II, da Lei nº 14.133/21.","Cultura"
"TERMO DE RATIFICAÇÃO DE INEXIGIBILIDADE DE LICITAÇÃO. Processo Administrativo nº 112233/2023. Reconheço e ratifico a contratação de ORGANIZAÇÃO SOCIAL ESPERANÇA, inscrita no CNPJ sob nº 61.000.000/0001-00. Objeto: Prestação de serviços oficinas de teatro e dança visando a difusão cultural no município. Valor Estimado: R$ 89.000,00, com base na Lei 14.133/2021.","Cultura"
"TERMO DE RATIFICAÇÃO DE EXTRATO DE REGISTRO DE PREÇOS. Processo Administrativo nº 2023/00456. Reconheço e ratifico a contratação de CONSTRUTORA ALPHA LTDA, inscrita no CNPJ sob nº 93.000.000/0001-00. Objeto: Organização e execução de oficinas de teatro e dança nas praças públicas. Valor Estimado: R$ 210.000,00, com base na art. 24, inciso II, da Lei nº 8.666/93.","Cultura"
"MUNICÍPIO - SECRETARIA DE ADMINISTRAÇÃO. EXTRATO DE CONTRATO. Ref. Proc. 2024/09812. PARTES: MUNICÍPIO DE SÃO JOSÉ DOS CAMPOS X COMERCIAL DE ALIMENTOS UNIÃO EIRELI. OBJETO: O presente instrumento tem por objeto a Organização e execução de show musical em comemoração ao aniversário da cidade, conforme especificações do edital. DOTAÇÃO ORÇAMENTÁRIA: 10.302.0001.2001.33903900. VALOR: R$ 15.400,00.","Cultura"
"AVISO DE LICITAÇÃO. PROCESSO INSTRUTIVO: PM-882/2023. PARTES: FUNDO MUNICIPAL DE SAÚDE e ORGANIZAÇÃO SOCIAL ESPERANÇA. OBJETO: Contratação de oficinas de teatro e dança para o evento cultural no parque. VALOR GLOBAL: R$ 15.400,00. FUNDAMENTO LEGAL: art. 24, inciso II, da Lei nº 8.666/93. ASSINATURA: 23/07/2026.","Cultura"
"AVISO DE LICITAÇÃO. PROCESSO INSTRUTIVO: PM-882/2023. PARTES: FUNDO MUNICIPAL DE EDUCAÇÃO e VIGILÂNCIA E SEGURANÇA PATRIMONIAL LTDA. OBJETO: Contratação de exposição de artes plásticas para o evento cultural no parque. VALOR GLOBAL: R$ 1.250.000,00. FUNDAMENTO LEGAL: art. 24, inciso II, da Lei nº 8.666/93. ASSINATURA: 25/06/2026.","Cultura"
"TERMO DE RATIFICAÇÃO DE AVISO DE LICITAÇÃO. Processo Administrativo nº PMSC-098/24. Reconheço e ratifico a contratação de COMERCIAL DE ALIMENTOS UNIÃO EIRELI, inscrita no CNPJ sob nº 45.000.000/0001-00. Objeto: Organização e execução de festival de cinema local no Teatro Municipal. Valor Estimado: R$ 45.900,00, com base na Lei 14.133/2021.","Cultura"
"EXTRATO DE TERMO ADITIVO Nº 794/2024 - PROCESSO: 112233/2023. CONTRATANTE: SECRETARIA MUNICIPAL DE INFRAESTRUTURA. CONTRATADA: CONSTRUTORA ALPHA LTDA. OBJETO DO CONTRATO: Locação de equipamentos para festival de cinema local para a Festa das Nações. VALOR: R$ 1.250.000,00. PRAZO DE VIGÊNCIA: 12 (doze) meses a partir da assinatura.","Cultura"
"TERMO DE RATIFICAÇÃO DE PREGÃO ELETRÔNICO. Processo Administrativo nº 2024/09812. Reconheço e ratifico a contratação de VIGILÂNCIA E SEGURANÇA PATRIMONIAL LTDA, inscrita no CNPJ sob nº 70.000.000/0001-00. Objeto: Prestação de serviços feira do livro municipal no Teatro Municipal. Valor Estimado: R$ 5.600.000,00, com base na Lei 14.133/2021.","Cultura"
"TERMO DE RATIFICAÇÃO DE INEXIGIBILIDADE DE LICITAÇÃO. Processo Administrativo nº 0012.0034/2024. Reconheço e ratifico a contratação de SERVIÇOS DE LIMPEZA BRASIL S/A, inscrita no CNPJ sob nº 32.000.000/0001-00. Objeto: Aquisição de materiais para decoração natalina para o evento cultural no parque. Valor Estimado: R$ 5.600.000,00, com base na Lei 14.133/2021.","Cultura"
"EXTRATO DE CONTRATO. PROCESSO INSTRUTIVO: 2023/00456. PARTES: FUNDO MUNICIPAL DE SAÚDE e ORGANIZAÇÃO SOCIAL ESPERANÇA. OBJETO: Aquisição de materiais para show musical em comemoração ao aniversário da cidade. VALOR GLOBAL: R$ 89.000,00. FUNDAMENTO LEGAL: art. 75, inciso II, da Lei nº 14.133/21. ASSINATURA: 18/07/2026.","Cultura"
"MUNICÍPIO - SECRETARIA DE ADMINISTRAÇÃO. INEXIGIBILIDADE DE LICITAÇÃO. Ref. Proc. 112233/2023. PARTES: MUNICÍPIO DE SÃO JOSÉ DOS CAMPOS X SERVIÇOS DE LIMPEZA BRASIL S/A. OBJETO: O presente instrumento tem por objeto a Organização e execução de feira do livro municipal para o carnaval de rua, conforme especificações do edital. DOTAÇÃO ORÇAMENTÁRIA: 10.302.0001.2001.33903900. VALOR: R$ 5.600.000,00.","Cultura"
"MUNICÍPIO - SECRETARIA DE ADMINISTRAÇÃO. EXTRATO DE REGISTRO DE PREÇOS. Ref. Proc. 112233/2023. PARTES: MUNICÍPIO DE SÃO JOSÉ DOS CAMPOS X DISTRIBUIDORA DE MEDICAMENTOS BOA SAÚDE. OBJETO: O presente instrumento tem por objeto a Prestação de serviços festival de cinema local nas praças públicas, conforme especificações do edital. DOTAÇÃO ORÇAMENTÁRIA: 10.302.0001.2001.33903900. VALOR: R$ 45.900,00.","Cultura"
"EXTRATO DE REGISTRO DE PREÇOS. PROCESSO INSTRUTIVO: 2024/09812. PARTES: FUNDO MUNICIPAL DE EDUCAÇÃO e CONSTRUTORA ALPHA LTDA. OBJETO: Apoio financeiro para realização de montagem de palco e sonorização nas praças públicas. VALOR GLOBAL: R$ 1.250.000,00. FUNDAMENTO LEGAL: art. 75, inciso II, da Lei nº 14.133/21. ASSINATURA: 24/06/2026.","Cultura"
"EXTRATO DE CONTRATO Nº 305/2024 - PROCESSO: 2023/00456. CONTRATANTE: MUNICÍPIO DE SÃO JOSÉ DOS CAMPOS. CONTRATADA: TECNOLOGIA INTEGRADA LTDA. OBJETO DO CONTRATO: Prestação de serviços feira do livro municipal para o evento cultural no parque. VALOR: R$ 5.600.000,00. PRAZO DE VIGÊNCIA: 12 (doze) meses a partir da assinatura.","Cultura"
"TERMO DE RATIFICAÇÃO DE DISPENSA DE LICITAÇÃO. Processo Administrativo nº 0012.0034/2024. Reconheço e ratifico a contratação de SERVIÇOS DE LIMPEZA BRASIL S/A, inscrita no CNPJ sob nº 57.000.000/0001-00. Objeto: Apoio financeiro para realização de festival de cinema local promovido pela Fundação Cultural. Valor Estimado: R$ 5.600.000,00, com base na art. 25, caput, da Lei 8.666/93.","Cultura"
"TERMO DE RATIFICAÇÃO DE INEXIGIBILIDADE DE LICITAÇÃO. Processo Administrativo nº 2023/00456. Reconheço e ratifico a contratação de COMERCIAL DE ALIMENTOS UNIÃO EIRELI, inscrita no CNPJ sob nº 80.000.000/0001-00. Objeto: Aquisição de materiais para festival de cinema local no Teatro Municipal. Valor Estimado: R$ 5.600.000,00, com base na Lei 14.133/2021.","Cultura"
"TERMO DE RATIFICAÇÃO DE EXTRATO DE REGISTRO DE PREÇOS. Processo Administrativo nº 2023/00456. Reconheço e ratifico a contratação de CONSTRUTORA ALPHA LTDA, inscrita no CNPJ sob nº 62.000.000/0001-00. Objeto: Aquisição de materiais para apresentação artística promovido pela Fundação Cultural. Valor Estimado: R$ 345.600,00, com base na art. 24, inciso II, da Lei nº 8.666/93.","Cultura"
"AVISO DE LICITAÇÃO Nº 943/2024 - PROCESSO: 0012.0034/2024. CONTRATANTE: SECRETARIA MUNICIPAL DE INFRAESTRUTURA. CONTRATADA: CONSTRUTORA ALPHA LTDA. OBJETO DO CONTRATO: Apoio financeiro para realização de montagem de palco e sonorização para o carnaval de rua. VALOR: R$ 345.600,00. PRAZO DE VIGÊNCIA: 12 (doze) meses a partir da assinatura.","Cultura"
"MUNICÍPIO - SECRETARIA DE ADMINISTRAÇÃO. DISPENSA DE LICITAÇÃO. Ref. Proc. 2023/00456. PARTES: FUNDO MUNICIPAL DE EDUCAÇÃO X SERVIÇOS DE LIMPEZA BRASIL S/A. OBJETO: O presente instrumento tem por objeto a Aquisição de materiais para feira do livro municipal em comemoração ao aniversário da cidade, conforme especificações do edital. DOTAÇÃO ORÇAMENTÁRIA: 10.302.0001.2001.33903900. VALOR: R$ 5.600.000,00.","Cultura"
"EXTRATO DE TERMO ADITIVO. PROCESSO INSTRUTIVO: 2023/00456. PARTES: PREFEITURA MUNICIPAL e TECNOLOGIA INTEGRADA LTDA. OBJETO: Contratação de oficinas de teatro e dança para a Festa das Nações. VALOR GLOBAL: R$ 1.250.000,00. FUNDAMENTO LEGAL: art. 25, caput, da Lei 8.666/93. ASSINATURA: 18/07/2026.","Cultura"
"DISPENSA DE LICITAÇÃO. PROCESSO INSTRUTIVO: 2023/00456. PARTES: FUNDO MUNICIPAL DE SAÚDE e ORGANIZAÇÃO SOCIAL ESPERANÇA. OBJETO: Aquisição de materiais para feira do livro municipal nas praças públicas. VALOR GLOBAL: R$ 89.000,00. FUNDAMENTO LEGAL: art. 25, caput, da Lei 8.666/93. ASSINATURA: 04/08/2026.","Cultura"
"MUNICÍPIO - SECRETARIA DE ADMINISTRAÇÃO. INEXIGIBILIDADE DE LICITAÇÃO. Ref. Proc. 0012.0034/2024. PARTES: FUNDO MUNICIPAL DE SAÚDE X VIGILÂNCIA E SEGURANÇA PATRIMONIAL LTDA. OBJETO: O presente instrumento tem por objeto a Locação de equipamentos para apresentação artística visando a difusão cultural no município, conforme especificações do edital. DOTAÇÃO ORÇAMENTÁRIA: 10.302.0001.2001.33903900. VALOR: R$ 1.250.000,00.","Cultura"
"EXTRATO DE TERMO ADITIVO. PROCESSO INSTRUTIVO: 112233/2023. PARTES: MUNICÍPIO DE SÃO JOSÉ DOS CAMPOS e ORGANIZAÇÃO SOCIAL ESPERANÇA. OBJETO: Apoio financeiro para realização de feira do livro municipal nas praças públicas. VALOR GLOBAL: R$ 1.250.000,00. FUNDAMENTO LEGAL: art. 75, inciso II, da Lei nº 14.133/21. ASSINATURA: 26/06/2026.","Cultura"
"TERMO DE RATIFICAÇÃO DE TOMADA DE PREÇOS. Processo Administrativo nº 112233/2023. Reconheço e ratifico a contratação de DISTRIBUIDORA DE MEDICAMENTOS BOA SAÚDE, inscrita no CNPJ sob nº 71.000.000/0001-00. Objeto: Organização e execução de feira do livro municipal visando a difusão cultural no município. Valor Estimado: R$ 45.900,00, com base na art. 24, inciso II, da Lei nº 8.666/93.","Cultura"
"MUNICÍPIO - SECRETARIA DE ADMINISTRAÇÃO. EXTRATO DE REGISTRO DE PREÇOS. Ref. Proc. 0012.0034/2024. PARTES: FUNDO MUNICIPAL DE SAÚDE X COMERCIAL DE ALIMENTOS UNIÃO EIRELI. OBJETO: O presente instrumento tem por objeto a Apoio financeiro para realização de apresentações folclóricas promovido pela Fundação Cultural, conforme especificações do edital. DOTAÇÃO ORÇAMENTÁRIA: 10.302.0001.2001.33903900. VALOR: R$ 45.900,00.","Cultura"
"EXTRATO DE REGISTRO DE PREÇOS. PROCESSO INSTRUTIVO: PMSC-098/24. PARTES: MUNICÍPIO DE SÃO JOSÉ DOS CAMPOS e TECNOLOGIA INTEGRADA LTDA. OBJETO: Contratação de feira do livro municipal nas praças públicas. VALOR GLOBAL: R$ 45.900,00. FUNDAMENTO LEGAL: art. 25, caput, da Lei 8.666/93. ASSINATURA: 28/05/2026.","Cultura"
"EXTRATO DE TERMO ADITIVO. PROCESSO INSTRUTIVO: PM-882/2023. PARTES: PREFEITURA MUNICIPAL e SERVIÇOS DE LIMPEZA BRASIL S/A. OBJETO: Aquisição de materiais para apresentações folclóricas promovido pela Fundação Cultural. VALOR GLOBAL: R$ 210.000,00. FUNDAMENTO LEGAL: art. 24, inciso II, da Lei nº 8.666/93. ASSINATURA: 16/06/2026.","Cultura"
"MUNICÍPIO - SECRETARIA DE ADMINISTRAÇÃO. EXTRATO DE REGISTRO DE PREÇOS. Ref. Proc. 2023/00456. PARTES: MUNICÍPIO DE SÃO JOSÉ DOS CAMPOS X VIGILÂNCIA E SEGURANÇA PATRIMONIAL LTDA. OBJETO: O presente instrumento tem por objeto a Locação de equipamentos para show musical nas praças públicas, conforme especificações do edital. DOTAÇÃO ORÇAMENTÁRIA: 10.302.0001.2001.33903900. VALOR: R$ 89.000,00.","Cultura"
"EXTRATO DE CONTRATO. PROCESSO INSTRUTIVO: 112233/2023. PARTES: PREFEITURA MUNICIPAL e COMERCIAL DE ALIMENTOS UNIÃO EIRELI. OBJETO: Apoio financeiro para realização de oficinas de teatro e dança para o evento cultural no parque. VALOR GLOBAL: R$ 345.600,00. FUNDAMENTO LEGAL: art. 24, inciso II, da Lei nº 8.666/93. ASSINATURA: 23/07/2026.","Cultura"
"DISPENSA DE LICITAÇÃO Nº 544/2024 - PROCESSO: 2023/00456. CONTRATANTE: SECRETARIA MUNICIPAL DE INFRAESTRUTURA. CONTRATADA: ORGANIZAÇÃO SOCIAL ESPERANÇA. OBJETO DO CONTRATO: Prestação de serviços apresentação artística para o carnaval de rua. VALOR: R$ 89.000,00. PRAZO DE VIGÊNCIA: 12 (doze) meses a partir da assinatura.","Cultura"
"MUNICÍPIO - SECRETARIA DE ADMINISTRAÇÃO. EXTRATO DE TERMO ADITIVO. Ref. Proc. 0012.0034/2024. PARTES: PREFEITURA MUNICIPAL X TECNOLOGIA INTEGRADA LTDA. OBJETO: O presente instrumento tem por objeto a Apoio financeiro para realização de feira do livro municipal no Teatro Municipal, conforme especificações do edital. DOTAÇÃO ORÇAMENTÁRIA: 10.302.0001.2001.33903900. VALOR: R$ 45.900,00.","Cultura"
"AVISO DE LICITAÇÃO. PROCESSO INSTRUTIVO: 112233/2023. PARTES: SECRETARIA MUNICIPAL DE INFRAESTRUTURA e VIGILÂNCIA E SEGURANÇA PATRIMONIAL LTDA. OBJETO: Aquisição de materiais para feira do livro municipal no Teatro Municipal. VALOR GLOBAL: R$ 1.250.000,00. FUNDAMENTO LEGAL: art. 24, inciso II, da Lei nº 8.666/93. ASSINATURA: 11/06/2026.","Cultura"
"PREGÃO ELETRÔNICO Nº 948/2024 - PROCESSO: 2023/00456. CONTRATANTE: SECRETARIA MUNICIPAL DE INFRAESTRUTURA. CONTRATADA: DISTRIBUIDORA DE MEDICAMENTOS BOA SAÚDE. OBJETO DO CONTRATO: Aquisição de materiais para apresentações folclóricas nas praças públicas. VALOR: R$ 15.400,00. PRAZO DE VIGÊNCIA: 12 (doze) meses a partir da assinatura.","Cultura"
"MUNICÍPIO - SECRETARIA DE ADMINISTRAÇÃO. DISPENSA DE LICITAÇÃO. Ref. Proc. 0012.0034/2024. PARTES: MUNICÍPIO DE SÃO JOSÉ DOS CAMPOS X ORGANIZAÇÃO SOCIAL ESPERANÇA. OBJETO: O presente instrumento tem por objeto a Organização e execução de exposição de artes plásticas em comemoração ao aniversário da cidade, conforme especificações do edital. DOTAÇÃO ORÇAMENTÁRIA: 10.302.0001.2001.33903900. VALOR: R$ 1.250.000,00.","Cultura"
"TERMO DE RATIFICAÇÃO DE TOMADA DE PREÇOS. Processo Administrativo nº 2024/09812. Reconheço e ratifico a contratação de VIGILÂNCIA E SEGURANÇA PATRIMONIAL LTDA, inscrita no CNPJ sob nº 27.000.000/0001-00. Objeto: Contratação de exposição de artes plásticas promovido pela Fundação Cultural. Valor Estimado: R$ 345.600,00, com base na art. 75, inciso II, da Lei nº 14.133/21.","Cultura"
"EXTRATO DE REGISTRO DE PREÇOS. PROCESSO INSTRUTIVO: PM-882/2023. PARTES: FUNDO MUNICIPAL DE SAÚDE e COMERCIAL DE ALIMENTOS UNIÃO EIRELI. OBJETO: Prestação de serviços show musical no Teatro Municipal. VALOR GLOBAL: R$ 5.600.000,00. FUNDAMENTO LEGAL: art. 24, inciso II, da Lei nº 8.666/93. ASSINATURA: 14/06/2026.","Cultura"
"MUNICÍPIO - SECRETARIA DE ADMINISTRAÇÃO. PREGÃO ELETRÔNICO. Ref. Proc. PM-882/2023. PARTES: MUNICÍPIO DE SÃO JOSÉ DOS CAMPOS X CONSTRUTORA ALPHA LTDA. OBJETO: O presente instrumento tem por objeto a Contratação de apresentações folclóricas para a Festa das Nações, conforme especificações do edital. DOTAÇÃO ORÇAMENTÁRIA: 10.302.0001.2001.33903900. VALOR: R$ 345.600,00.","Cultura"
"DISPENSA DE LICITAÇÃO Nº 370/2024 - PROCESSO: 0012.0034/2024. CONTRATANTE: PREFEITURA MUNICIPAL. CONTRATADA: VIGILÂNCIA E SEGURANÇA PATRIMONIAL LTDA. OBJETO DO CONTRATO: Organização e execução de apresentação artística em comemoração ao aniversário da cidade. VALOR: R$ 89.000,00. PRAZO DE VIGÊNCIA: 12 (doze) meses a partir da assinatura.","Cultura"
"EXTRATO DE TERMO ADITIVO. PROCESSO INSTRUTIVO: PMSC-098/24. PARTES: FUNDO MUNICIPAL DE EDUCAÇÃO e COMERCIAL DE ALIMENTOS UNIÃO EIRELI. OBJETO: Contratação de montagem de palco e sonorização nas praças públicas. VALOR GLOBAL: R$ 345.600,00. FUNDAMENTO LEGAL: art. 25, caput, da Lei 8.666/93. ASSINATURA: 28/07/2026.","Cultura"
"TERMO DE RATIFICAÇÃO DE INEXIGIBILIDADE DE LICITAÇÃO. Processo Administrativo nº 112233/2023. Reconheço e ratifico a contratação de TECNOLOGIA INTEGRADA LTDA, inscrita no CNPJ sob nº 93.000.000/0001-00. Objeto: Locação de equipamentos para exposição de artes plásticas no Teatro Municipal. Valor Estimado: R$ 15.400,00, com base na art. 25, caput, da Lei 8.666/93.","Cultura"
"MUNICÍPIO - SECRETARIA DE ADMINISTRAÇÃO. TOMADA DE PREÇOS. Ref. Proc. PMSC-098/24. PARTES: FUNDO MUNICIPAL DE EDUCAÇÃO X DISTRIBUIDORA DE MEDICAMENTOS BOA SAÚDE. OBJETO: O presente instrumento tem por objeto a Prestação de serviços feira do livro municipal para o carnaval de rua, conforme especificações do edital. DOTAÇÃO ORÇAMENTÁRIA: 10.302.0001.2001.33903900. VALOR: R$ 89.000,00.","Cultura"
"TERMO DE RATIFICAÇÃO DE EXTRATO DE TERMO ADITIVO. Processo Administrativo nº PMSC-098/24. Reconheço e ratifico a contratação de VIGILÂNCIA E SEGURANÇA PATRIMONIAL LTDA, inscrita no CNPJ sob nº 75.000.000/0001-00. Objeto: Aquisição de materiais para restauração de acervo histórico nas praças públicas. Valor Estimado: R$ 5.600.000,00, com base na art. 75, inciso II, da Lei nº 14.133/21.","Cultura"
"TERMO DE RATIFICAÇÃO DE AVISO DE LICITAÇÃO. Processo Administrativo nº PM-882/2023. Reconheço e ratifico a contratação de VIGILÂNCIA E SEGURANÇA PATRIMONIAL LTDA, inscrita no CNPJ sob nº 34.000.000/0001-00. Objeto: Aquisição de materiais para festival de cinema local para o carnaval de rua. Valor Estimado: R$ 45.900,00, com base na art. 24, inciso II, da Lei nº 8.666/93.","Cultura"
"EXTRATO DE REGISTRO DE PREÇOS Nº 197/2024 - PROCESSO: 2023/00456. CONTRATANTE: FUNDO MUNICIPAL DE EDUCAÇÃO. CONTRATADA: TECNOLOGIA INTEGRADA LTDA. OBJETO DO CONTRATO: Prestação de serviços restauração de acervo histórico para o carnaval de rua. VALOR: R$ 45.900,00. PRAZO DE VIGÊNCIA: 12 (doze) meses a partir da assinatura.","Cultura"
"TERMO DE RATIFICAÇÃO DE AVISO DE LICITAÇÃO. Processo Administrativo nº PM-882/2023. Reconheço e ratifico a contratação de VIGILÂNCIA E SEGURANÇA PATRIMONIAL LTDA, inscrita no CNPJ sob nº 50.000.000/0001-00. Objeto: Organização e execução de show musical para a Festa das Nações. Valor Estimado: R$ 5.600.000,00, com base na Lei 14.133/2021.","Cultura"
"EXTRATO DE TERMO ADITIVO. PROCESSO INSTRUTIVO: PMSC-098/24. PARTES: MUNICÍPIO DE SÃO JOSÉ DOS CAMPOS e ORGANIZAÇÃO SOCIAL ESPERANÇA. OBJETO: Organização e execução de restauração de acervo histórico visando a difusão cultural no município. VALOR GLOBAL: R$ 1.250.000,00. FUNDAMENTO LEGAL: Lei 14.133/2021. ASSINATURA: 11/06/2026.","Cultura"
"MUNICÍPIO - SECRETARIA DE ADMINISTRAÇÃO. INEXIGIBILIDADE DE LICITAÇÃO. Ref. Proc. PM-882/2023. PARTES: MUNICÍPIO DE SÃO JOSÉ DOS CAMPOS X DISTRIBUIDORA DE MEDICAMENTOS BOA SAÚDE. OBJETO: O presente instrumento tem por objeto a Organização e execução de montagem de palco e sonorização para o carnaval de rua, conforme especificações do edital. DOTAÇÃO ORÇAMENTÁRIA: 10.302.0001.2001.33903900. VALOR: R$ 15.400,00.","Cultura"
"TERMO DE RATIFICAÇÃO DE EXTRATO DE TERMO ADITIVO. Processo Administrativo nº 2024/09812. Reconheço e ratifico a contratação de VIGILÂNCIA E SEGURANÇA PATRIMONIAL LTDA, inscrita no CNPJ sob nº 81.000.000/0001-00. Objeto: Prestação de serviços exposição de artes plásticas visando a difusão cultural no município. Valor Estimado: R$ 15.400,00, com base na art. 75, inciso II, da Lei nº 14.133/21.","Cultura"
"MUNICÍPIO - SECRETARIA DE ADMINISTRAÇÃO. AVISO DE LICITAÇÃO. Ref. Proc. PMSC-098/24. PARTES: FUNDO MUNICIPAL DE SAÚDE X SERVIÇOS DE LIMPEZA BRASIL S/A. OBJETO: O presente instrumento tem por objeto a Contratação de restauração de acervo histórico para o carnaval de rua, conforme especificações do edital. DOTAÇÃO ORÇAMENTÁRIA: 10.302.0001.2001.33903900. VALOR: R$ 210.000,00.","Cultura"
"EXTRATO DE REGISTRO DE PREÇOS. PROCESSO INSTRUTIVO: PMSC-098/24. PARTES: FUNDO MUNICIPAL DE SAÚDE e TECNOLOGIA INTEGRADA LTDA. OBJETO: Prestação de serviços oficinas de teatro e dança no Teatro Municipal. VALOR GLOBAL: R$ 210.000,00. FUNDAMENTO LEGAL: art. 75, inciso II, da Lei nº 14.133/21. ASSINATURA: 12/06/2026.","Cultura"
"DISPENSA DE LICITAÇÃO Nº 340/2024 - PROCESSO: 0012.0034/2024. CONTRATANTE: FUNDO MUNICIPAL DE SAÚDE. CONTRATADA: TECNOLOGIA INTEGRADA LTDA. OBJETO DO CONTRATO: Organização e execução de feira do livro municipal para o evento cultural no parque. VALOR: R$ 15.400,00. PRAZO DE VIGÊNCIA: 12 (doze) meses a partir da assinatura.","Cultura"
"DISPENSA DE LICITAÇÃO Nº 29/2024 - PROCESSO: PM-882/2023. CONTRATANTE: MUNICÍPIO DE SÃO JOSÉ DOS CAMPOS. CONTRATADA: VIGILÂNCIA E SEGURANÇA PATRIMONIAL LTDA. OBJETO DO CONTRATO: Aquisição de materiais para oficinas de teatro e dança visando a difusão cultural no município. VALOR: R$ 1.250.000,00. PRAZO DE VIGÊNCIA: 12 (doze) meses a partir da assinatura.","Cultura"
"EXTRATO DE REGISTRO DE PREÇOS Nº 422/2024 - PROCESSO: 2024/09812. CONTRATANTE: SECRETARIA MUNICIPAL DE INFRAESTRUTURA. CONTRATADA: DISTRIBUIDORA DE MEDICAMENTOS BOA SAÚDE. OBJETO DO CONTRATO: Prestação de serviços exposição de artes plásticas no Teatro Municipal. VALOR: R$ 45.900,00. PRAZO DE VIGÊNCIA: 12 (doze) meses a partir da assinatura.","Cultura"
"TOMADA DE PREÇOS. PROCESSO INSTRUTIVO: 2023/00456. PARTES: FUNDO MUNICIPAL DE SAÚDE e TECNOLOGIA INTEGRADA LTDA. OBJETO: Prestação de serviços montagem de palco e sonorização para a Festa das Nações. VALOR GLOBAL: R$ 345.600,00. FUNDAMENTO LEGAL: art. 24, inciso II, da Lei nº 8.666/93. ASSINATURA: 31/07/2026.","Cultura"
"MUNICÍPIO - SECRETARIA DE ADMINISTRAÇÃO. EXTRATO DE CONTRATO. Ref. Proc. 2024/09812. PARTES: FUNDO MUNICIPAL DE EDUCAÇÃO X DISTRIBUIDORA DE MEDICAMENTOS BOA SAÚDE. OBJETO: O presente instrumento tem por objeto a Prestação de serviços decoração natalina nas praças públicas, conforme especificações do edital. DOTAÇÃO ORÇAMENTÁRIA: 10.302.0001.2001.33903900. VALOR: R$ 5.600.000,00.","Cultura"
"MUNICÍPIO - SECRETARIA DE ADMINISTRAÇÃO. PREGÃO ELETRÔNICO. Ref. Proc. 0012.0034/2024. PARTES: FUNDO MUNICIPAL DE SAÚDE X CONSTRUTORA ALPHA LTDA. OBJETO: O presente instrumento tem por objeto a Contratação de apresentação artística promovido pela Fundação Cultural, conforme especificações do edital. DOTAÇÃO ORÇAMENTÁRIA: 10.302.0001.2001.33903900. VALOR: R$ 89.000,00.","Cultura"
"TERMO DE RATIFICAÇÃO DE EXTRATO DE TERMO ADITIVO. Processo Administrativo nº 112233/2023. Reconheço e ratifico a contratação de TECNOLOGIA INTEGRADA LTDA, inscrita no CNPJ sob nº 29.000.000/0001-00. Objeto: Locação de equipamentos para show musical visando a difusão cultural no município. Valor Estimado: R$ 210.000,00, com base na art. 75, inciso II, da Lei nº 14.133/21.","Cultura"
"MUNICÍPIO - SECRETARIA DE ADMINISTRAÇÃO. DISPENSA DE LICITAÇÃO. Ref. Proc. 2024/09812. PARTES: MUNICÍPIO DE SÃO JOSÉ DOS CAMPOS X COMERCIAL DE ALIMENTOS UNIÃO EIRELI. OBJETO: O presente instrumento tem por objeto a Locação de equipamentos para festival de cinema local nas praças públicas, conforme especificações do edital. DOTAÇÃO ORÇAMENTÁRIA: 10.302.0001.2001.33903900. VALOR: R$ 345.600,00.","Cultura"
"EXTRATO DE CONTRATO Nº 341/2024 - PROCESSO: 2023/00456. CONTRATANTE: FUNDO MUNICIPAL DE EDUCAÇÃO. CONTRATADA: SERVIÇOS DE LIMPEZA BRASIL S/A. OBJETO DO CONTRATO: Organização e execução de oficinas de teatro e dança para o evento cultural no parque. VALOR: R$ 45.900,00. PRAZO DE VIGÊNCIA: 12 (doze) meses a partir da assinatura.","Cultura"
"MUNICÍPIO - SECRETARIA DE ADMINISTRAÇÃO. TOMADA DE PREÇOS. Ref. Proc. 2024/09812. PARTES: SECRETARIA MUNICIPAL DE INFRAESTRUTURA X VIGILÂNCIA E SEGURANÇA PATRIMONIAL LTDA. OBJETO: O presente instrumento tem por objeto a Aquisição de materiais para festival de cinema local promovido pela Fundação Cultural, conforme especificações do edital. DOTAÇÃO ORÇAMENTÁRIA: 10.302.0001.2001.33903900. VALOR: R$ 210.000,00.","Cultura"
"AVISO DE LICITAÇÃO Nº 24/2024 - PROCESSO: PMSC-098/24. CONTRATANTE: PREFEITURA MUNICIPAL. CONTRATADA: DISTRIBUIDORA DE MEDICAMENTOS BOA SAÚDE. OBJETO DO CONTRATO: Prestação de serviços apresentação artística em comemoração ao aniversário da cidade. VALOR: R$ 89.000,00. PRAZO DE VIGÊNCIA: 12 (doze) meses a partir da assinatura.","Cultura"
"MUNICÍPIO - SECRETARIA DE ADMINISTRAÇÃO. TOMADA DE PREÇOS. Ref. Proc. 2023/00456. PARTES: PREFEITURA MUNICIPAL X TECNOLOGIA INTEGRADA LTDA. OBJETO: O presente instrumento tem por objeto a Contratação de decoração natalina nas praças públicas, conforme especificações do edital. DOTAÇÃO ORÇAMENTÁRIA: 10.302.0001.2001.33903900. VALOR: R$ 15.400,00.","Cultura"
"TERMO DE RATIFICAÇÃO DE EXTRATO DE REGISTRO DE PREÇOS. Processo Administrativo nº 0012.0034/2024. Reconheço e ratifico a contratação de ORGANIZAÇÃO SOCIAL ESPERANÇA, inscrita no CNPJ sob nº 86.000.000/0001-00. Objeto: Contratação de show musical para o evento cultural no parque. Valor Estimado: R$ 89.000,00, com base na art. 24, inciso II, da Lei nº 8.666/93.","Cultura"
"AVISO DE LICITAÇÃO. PROCESSO INSTRUTIVO: PMSC-098/24. PARTES: SECRETARIA MUNICIPAL DE INFRAESTRUTURA e VIGILÂNCIA E SEGURANÇA PATRIMONIAL LTDA. OBJETO: Contratação de feira do livro municipal para o carnaval de rua. VALOR GLOBAL: R$ 15.400,00. FUNDAMENTO LEGAL: Lei 14.133/2021. ASSINATURA: 02/05/2026.","Cultura"
"EXTRATO DE CONTRATO Nº 626/2024 - PROCESSO: PMSC-098/24. CONTRATANTE: PREFEITURA MUNICIPAL. CONTRATADA: COMERCIAL DE ALIMENTOS UNIÃO EIRELI. OBJETO DO CONTRATO: Contratação de decoração natalina visando a difusão cultural no município. VALOR: R$ 5.600.000,00. PRAZO DE VIGÊNCIA: 12 (doze) meses a partir da assinatura.","Cultura"
"MUNICÍPIO - SECRETARIA DE ADMINISTRAÇÃO. AVISO DE LICITAÇÃO. Ref. Proc. 112233/2023. PARTES: PREFEITURA MUNICIPAL X TECNOLOGIA INTEGRADA LTDA. OBJETO: O presente instrumento tem por objeto a Prestação de serviços restauração de acervo histórico para a Festa das Nações, conforme especificações do edital. DOTAÇÃO ORÇAMENTÁRIA: 10.302.0001.2001.33903900. VALOR: R$ 210.000,00.","Cultura"
"EXTRATO DE CONTRATO. PROCESSO INSTRUTIVO: 112233/2023. PARTES: FUNDO MUNICIPAL DE SAÚDE e COMERCIAL DE ALIMENTOS UNIÃO EIRELI. OBJETO: Locação de equipamentos para feira do livro municipal promovido pela Fundação Cultural. VALOR GLOBAL: R$ 15.400,00. FUNDAMENTO LEGAL: art. 24, inciso II, da Lei nº 8.666/93. ASSINATURA: 24/07/2026.","Cultura"
"EXTRATO DE REGISTRO DE PREÇOS. PROCESSO INSTRUTIVO: 0012.0034/2024. PARTES: FUNDO MUNICIPAL DE SAÚDE e VIGILÂNCIA E SEGURANÇA PATRIMONIAL LTDA. OBJETO: Aquisição de materiais para oficinas de teatro e dança no Teatro Municipal. VALOR GLOBAL: R$ 15.400,00. FUNDAMENTO LEGAL: art. 24, inciso II, da Lei nº 8.666/93. ASSINATURA: 11/07/2026.","Cultura"
"TERMO DE RATIFICAÇÃO DE INEXIGIBILIDADE DE LICITAÇÃO. Processo Administrativo nº PMSC-098/24. Reconheço e ratifico a contratação de CONSTRUTORA ALPHA LTDA, inscrita no CNPJ sob nº 30.000.000/0001-00. Objeto: Aquisição de materiais para decoração natalina visando a difusão cultural no município. Valor Estimado: R$ 15.400,00, com base na Lei 14.133/2021.","Cultura"
"MUNICÍPIO - SECRETARIA DE ADMINISTRAÇÃO. DISPENSA DE LICITAÇÃO. Ref. Proc. 112233/2023. PARTES: PREFEITURA MUNICIPAL X ORGANIZAÇÃO SOCIAL ESPERANÇA. OBJETO: O presente instrumento tem por objeto a Locação de equipamentos para exposição de artes plásticas visando a difusão cultural no município, conforme especificações do edital. DOTAÇÃO ORÇAMENTÁRIA: 10.302.0001.2001.33903900. VALOR: R$ 345.600,00.","Cultura"
"AVISO DE LICITAÇÃO Nº 128/2024 - PROCESSO: 0012.0034/2024. CONTRATANTE: SECRETARIA MUNICIPAL DE INFRAESTRUTURA. CONTRATADA: DISTRIBUIDORA DE MEDICAMENTOS BOA SAÚDE. OBJETO DO CONTRATO: Prestação de serviços festival de cinema local para o evento cultural no parque. VALOR: R$ 45.900,00. PRAZO DE VIGÊNCIA: 12 (doze) meses a partir da assinatura.","Cultura"
"MUNICÍPIO - SECRETARIA DE ADMINISTRAÇÃO. PREGÃO ELETRÔNICO. Ref. Proc. 2024/09812. PARTES: SECRETARIA MUNICIPAL DE INFRAESTRUTURA X COMERCIAL DE ALIMENTOS UNIÃO EIRELI. OBJETO: O presente instrumento tem por objeto a Contratação de festival de cinema local promovido pela Fundação Cultural, conforme especificações do edital. DOTAÇÃO ORÇAMENTÁRIA: 10.302.0001.2001.33903900. VALOR: R$ 15.400,00.","Cultura"
"TERMO DE RATIFICAÇÃO DE TOMADA DE PREÇOS. Processo Administrativo nº 112233/2023. Reconheço e ratifico a contratação de COMERCIAL DE ALIMENTOS UNIÃO EIRELI, inscrita no CNPJ sob nº 23.000.000/0001-00. Objeto: Contratação de show musical para o carnaval de rua. Valor Estimado: R$ 89.000,00, com base na Lei 14.133/2021.","Cultura"
"PREGÃO ELETRÔNICO. PROCESSO INSTRUTIVO: 2023/00456. PARTES: FUNDO MUNICIPAL DE SAÚDE e CONSTRUTORA ALPHA LTDA. OBJETO: Prestação de serviços restauração de acervo histórico nas praças públicas. VALOR GLOBAL: R$ 345.600,00. FUNDAMENTO LEGAL: art. 25, caput, da Lei 8.666/93. ASSINATURA: 04/05/2026.","Cultura"
"TERMO DE RATIFICAÇÃO DE PREGÃO ELETRÔNICO. Processo Administrativo nº PM-882/2023. Reconheço e ratifico a contratação de COMERCIAL DE ALIMENTOS UNIÃO EIRELI, inscrita no CNPJ sob nº 14.000.000/0001-00. Objeto: Contratação de oficinas de teatro e dança em comemoração ao aniversário da cidade. Valor Estimado: R$ 345.600,00, com base na art. 24, inciso II, da Lei nº 8.666/93.","Cultura"
"DISPENSA DE LICITAÇÃO. PROCESSO INSTRUTIVO: PMSC-098/24. PARTES: SECRETARIA MUNICIPAL DE INFRAESTRUTURA e TECNOLOGIA INTEGRADA LTDA. OBJETO: Aquisição de materiais para oficinas de teatro e dança para a Festa das Nações. VALOR GLOBAL: R$ 89.000,00. FUNDAMENTO LEGAL: art. 75, inciso II, da Lei nº 14.133/21. ASSINATURA: 05/05/2026.","Cultura"
"EXTRATO DE CONTRATO. PROCESSO INSTRUTIVO: PMSC-098/24. PARTES: FUNDO MUNICIPAL DE SAÚDE e TECNOLOGIA INTEGRADA LTDA. OBJETO: Apoio financeiro para realização de oficinas de teatro e dança visando a difusão cultural no município. VALOR GLOBAL: R$ 345.600,00. FUNDAMENTO LEGAL: art. 75, inciso II, da Lei nº 14.133/21. ASSINATURA: 30/05/2026.","Cultura"
"EXTRATO DE CONTRATO. PROCESSO INSTRUTIVO: PM-882/2023. PARTES: FUNDO MUNICIPAL DE SAÚDE e TECNOLOGIA INTEGRADA LTDA. OBJETO: Organização e execução de montagem de palco e sonorização no Teatro Municipal. VALOR GLOBAL: R$ 45.900,00. FUNDAMENTO LEGAL: art. 25, caput, da Lei 8.666/93. ASSINATURA: 25/07/2026.","Cultura"
"EXTRATO DE CONTRATO Nº 929/2024 - PROCESSO: 2023/00456. CONTRATANTE: MUNICÍPIO DE SÃO JOSÉ DOS CAMPOS. CONTRATADA: COMERCIAL DE ALIMENTOS UNIÃO EIRELI. OBJETO DO CONTRATO: Prestação de serviços montagem de palco e sonorização no Teatro Municipal. VALOR: R$ 45.900,00. PRAZO DE VIGÊNCIA: 12 (doze) meses a partir da assinatura.","Cultura"
"TERMO DE RATIFICAÇÃO DE DISPENSA DE LICITAÇÃO. Processo Administrativo nº PM-882/2023. Reconheço e ratifico a contratação de DISTRIBUIDORA DE MEDICAMENTOS BOA SAÚDE, inscrita no CNPJ sob nº 52.000.000/0001-00. Objeto: Apoio financeiro para realização de restauração de acervo histórico visando a difusão cultural no município. Valor Estimado: R$ 345.600,00, com base na art. 75, inciso II, da Lei nº 14.133/21.","Cultura"
"EXTRATO DE TERMO ADITIVO. PROCESSO INSTRUTIVO: 2024/09812. PARTES: PREFEITURA MUNICIPAL e TECNOLOGIA INTEGRADA LTDA. OBJETO: Locação de equipamentos para restauração de acervo histórico visando a difusão cultural no município. VALOR GLOBAL: R$ 15.400,00. FUNDAMENTO LEGAL: art. 75, inciso II, da Lei nº 14.133/21. ASSINATURA: 12/07/2026.","Cultura"
"INEXIGIBILIDADE DE LICITAÇÃO Nº 898/2024 - PROCESSO: 2024/09812. CONTRATANTE: FUNDO MUNICIPAL DE SAÚDE. CONTRATADA: ORGANIZAÇÃO SOCIAL ESPERANÇA. OBJETO DO CONTRATO: Contratação de show musical em comemoração ao aniversário da cidade. VALOR: R$ 210.000,00. PRAZO DE VIGÊNCIA: 12 (doze) meses a partir da assinatura.","Cultura"
"MUNICÍPIO - SECRETARIA DE ADMINISTRAÇÃO. TOMADA DE PREÇOS. Ref. Proc. 0012.0034/2024. PARTES: FUNDO MUNICIPAL DE EDUCAÇÃO X VIGILÂNCIA E SEGURANÇA PATRIMONIAL LTDA. OBJETO: O presente instrumento tem por objeto a Aquisição de materiais para oficinas de teatro e dança para o evento cultural no parque, conforme especificações do edital. DOTAÇÃO ORÇAMENTÁRIA: 10.302.0001.2001.33903900. VALOR: R$ 1.250.000,00.","Cultura"
"EXTRATO DE REGISTRO DE PREÇOS. PROCESSO INSTRUTIVO: PM-882/2023. PARTES: FUNDO MUNICIPAL DE EDUCAÇÃO e COMERCIAL DE ALIMENTOS UNIÃO EIRELI. OBJETO: Elaboração de instalação de lixeiras ecológicas para a praça central. VALOR GLOBAL: R$ 89.000,00. FUNDAMENTO LEGAL: art. 75, inciso II, da Lei nº 14.133/21. ASSINATURA: 13/07/2026.","Meio Ambiente"
"MUNICÍPIO - SECRETARIA DE ADMINISTRAÇÃO. TOMADA DE PREÇOS. Ref. Proc. 0012.0034/2024. PARTES: SECRETARIA MUNICIPAL DE INFRAESTRUTURA X SERVIÇOS DE LIMPEZA BRASIL S/A. OBJETO: O presente instrumento tem por objeto a Aquisição de recuperação de áreas degradadas para a bacia hidrográfica local, conforme especificações do edital. DOTAÇÃO ORÇAMENTÁRIA: 10.302.0001.2001.33903900. VALOR: R$ 5.600.000,00.","Meio Ambiente"
"MUNICÍPIO - SECRETARIA DE ADMINISTRAÇÃO. INEXIGIBILIDADE DE LICITAÇÃO. Ref. Proc. 0012.0034/2024. PARTES: PREFEITURA MUNICIPAL X DISTRIBUIDORA DE MEDICAMENTOS BOA SAÚDE. OBJETO: O presente instrumento tem por objeto a Contratação de empresa para recuperação de áreas degradadas para a Secretaria de Meio Ambiente, conforme especificações do edital. DOTAÇÃO ORÇAMENTÁRIA: 10.302.0001.2001.33903900. VALOR: R$ 5.600.000,00.","Meio Ambiente"
"TERMO DE RATIFICAÇÃO DE EXTRATO DE REGISTRO DE PREÇOS. Processo Administrativo nº PM-882/2023. Reconheço e ratifico a contratação de CONSTRUTORA ALPHA LTDA, inscrita no CNPJ sob nº 63.000.000/0001-00. Objeto: Execução de projeto de análise de qualidade da água para a praça central. Valor Estimado: R$ 89.000,00, com base na art. 75, inciso II, da Lei nº 14.133/21.","Meio Ambiente"
"MUNICÍPIO - SECRETARIA DE ADMINISTRAÇÃO. TOMADA DE PREÇOS. Ref. Proc. 0012.0034/2024. PARTES: SECRETARIA MUNICIPAL DE INFRAESTRUTURA X DISTRIBUIDORA DE MEDICAMENTOS BOA SAÚDE. OBJETO: O presente instrumento tem por objeto a Aquisição de educação ambiental nas escolas para a bacia hidrográfica local, conforme especificações do edital. DOTAÇÃO ORÇAMENTÁRIA: 10.302.0001.2001.33903900. VALOR: R$ 15.400,00.","Meio Ambiente"
"MUNICÍPIO - SECRETARIA DE ADMINISTRAÇÃO. AVISO DE LICITAÇÃO. Ref. Proc. 0012.0034/2024. PARTES: FUNDO MUNICIPAL DE EDUCAÇÃO X COMERCIAL DE ALIMENTOS UNIÃO EIRELI. OBJETO: O presente instrumento tem por objeto a Aquisição de plano de manejo sustentável nas áreas de proteção ambiental, conforme especificações do edital. DOTAÇÃO ORÇAMENTÁRIA: 10.302.0001.2001.33903900. VALOR: R$ 89.000,00.","Meio Ambiente"
"EXTRATO DE TERMO ADITIVO. PROCESSO INSTRUTIVO: PMSC-098/24. PARTES: SECRETARIA MUNICIPAL DE INFRAESTRUTURA e SERVIÇOS DE LIMPEZA BRASIL S/A. OBJETO: Elaboração de plano de manejo sustentável visando a preservação ambiental. VALOR GLOBAL: R$ 1.250.000,00. FUNDAMENTO LEGAL: art. 24, inciso II, da Lei nº 8.666/93. ASSINATURA: 21/06/2026.","Meio Ambiente"
"MUNICÍPIO - SECRETARIA DE ADMINISTRAÇÃO. TOMADA DE PREÇOS. Ref. Proc. PMSC-098/24. PARTES: PREFEITURA MUNICIPAL X COMERCIAL DE ALIMENTOS UNIÃO EIRELI. OBJETO: O presente instrumento tem por objeto a Execução de projeto de poda de árvores e roçada para a bacia hidrográfica local, conforme especificações do edital. DOTAÇÃO ORÇAMENTÁRIA: 10.302.0001.2001.33903900. VALOR: R$ 345.600,00.","Meio Ambiente"
"PREGÃO ELETRÔNICO. PROCESSO INSTRUTIVO: 2023/00456. PARTES: MUNICÍPIO DE SÃO JOSÉ DOS CAMPOS e CONSTRUTORA ALPHA LTDA. OBJETO: Registro de preços para serviços poda de árvores e roçada nas áreas de proteção ambiental. VALOR GLOBAL: R$ 15.400,00. FUNDAMENTO LEGAL: Lei 14.133/2021. ASSINATURA: 12/05/2026.","Meio Ambiente"
"DISPENSA DE LICITAÇÃO. PROCESSO INSTRUTIVO: 0012.0034/2024. PARTES: PREFEITURA MUNICIPAL e DISTRIBUIDORA DE MEDICAMENTOS BOA SAÚDE. OBJETO: Registro de preços para serviços recuperação de áreas degradadas para o parque ecológico municipal. VALOR GLOBAL: R$ 210.000,00. FUNDAMENTO LEGAL: art. 24, inciso II, da Lei nº 8.666/93. ASSINATURA: 15/05/2026.","Meio Ambiente"
"TERMO DE RATIFICAÇÃO DE EXTRATO DE REGISTRO DE PREÇOS. Processo Administrativo nº 0012.0034/2024. Reconheço e ratifico a contratação de COMERCIAL DE ALIMENTOS UNIÃO EIRELI, inscrita no CNPJ sob nº 22.000.000/0001-00. Objeto: Aquisição de recuperação de áreas degradadas visando a preservação ambiental. Valor Estimado: R$ 210.000,00, com base na Lei 14.133/2021.","Meio Ambiente"
"TERMO DE RATIFICAÇÃO DE INEXIGIBILIDADE DE LICITAÇÃO. Processo Administrativo nº PMSC-098/24. Reconheço e ratifico a contratação de SERVIÇOS DE LIMPEZA BRASIL S/A, inscrita no CNPJ sob nº 75.000.000/0001-00. Objeto: Aquisição de poda de árvores e roçada para a bacia hidrográfica local. Valor Estimado: R$ 15.400,00, com base na Lei 14.133/2021.","Meio Ambiente"
"INEXIGIBILIDADE DE LICITAÇÃO. PROCESSO INSTRUTIVO: 2023/00456. PARTES: SECRETARIA MUNICIPAL DE INFRAESTRUTURA e DISTRIBUIDORA DE MEDICAMENTOS BOA SAÚDE. OBJETO: Registro de preços para serviços limpeza de córregos em todo o perímetro urbano. VALOR GLOBAL: R$ 210.000,00. FUNDAMENTO LEGAL: Lei 14.133/2021. ASSINATURA: 06/06/2026.","Meio Ambiente"
"TERMO DE RATIFICAÇÃO DE EXTRATO DE REGISTRO DE PREÇOS. Processo Administrativo nº 2024/09812. Reconheço e ratifico a contratação de DISTRIBUIDORA DE MEDICAMENTOS BOA SAÚDE, inscrita no CNPJ sob nº 20.000.000/0001-00. Objeto: Prestação de serviços coleta seletiva de lixo nas áreas de proteção ambiental. Valor Estimado: R$ 15.400,00, com base na Lei 14.133/2021.","Meio Ambiente"
"MUNICÍPIO - SECRETARIA DE ADMINISTRAÇÃO. PREGÃO ELETRÔNICO. Ref. Proc. 0012.0034/2024. PARTES: FUNDO MUNICIPAL DE EDUCAÇÃO X ORGANIZAÇÃO SOCIAL ESPERANÇA. OBJETO: O presente instrumento tem por objeto a Execução de projeto de recuperação de áreas degradadas nas áreas de proteção ambiental, conforme especificações do edital. DOTAÇÃO ORÇAMENTÁRIA: 10.302.0001.2001.33903900. VALOR: R$ 15.400,00.","Meio Ambiente"
"MUNICÍPIO - SECRETARIA DE ADMINISTRAÇÃO. DISPENSA DE LICITAÇÃO. Ref. Proc. PM-882/2023. PARTES: FUNDO MUNICIPAL DE SAÚDE X ORGANIZAÇÃO SOCIAL ESPERANÇA. OBJETO: O presente instrumento tem por objeto a Aquisição de limpeza de córregos visando a preservação ambiental, conforme especificações do edital. DOTAÇÃO ORÇAMENTÁRIA: 10.302.0001.2001.33903900. VALOR: R$ 45.900,00.","Meio Ambiente"
"INEXIGIBILIDADE DE LICITAÇÃO Nº 860/2024 - PROCESSO: PMSC-098/24. CONTRATANTE: MUNICÍPIO DE SÃO JOSÉ DOS CAMPOS. CONTRATADA: TECNOLOGIA INTEGRADA LTDA. OBJETO DO CONTRATO: Registro de preços para serviços mudas de árvores nativas para o parque ecológico municipal. VALOR: R$ 89.000,00. PRAZO DE VIGÊNCIA: 12 (doze) meses a partir da assinatura.","Meio Ambiente"
"INEXIGIBILIDADE DE LICITAÇÃO Nº 681/2024 - PROCESSO: 2024/09812. CONTRATANTE: SECRETARIA MUNICIPAL DE INFRAESTRUTURA. CONTRATADA: CONSTRUTORA ALPHA LTDA. OBJETO DO CONTRATO: Elaboração de plano de manejo sustentável no aterro sanitário do município. VALOR: R$ 15.400,00. PRAZO DE VIGÊNCIA: 12 (doze) meses a partir da assinatura.","Meio Ambiente"
"MUNICÍPIO - SECRETARIA DE ADMINISTRAÇÃO. DISPENSA DE LICITAÇÃO. Ref. Proc. 2024/09812. PARTES: SECRETARIA MUNICIPAL DE INFRAESTRUTURA X ORGANIZAÇÃO SOCIAL ESPERANÇA. OBJETO: O presente instrumento tem por objeto a Aquisição de limpeza de córregos em todo o perímetro urbano, conforme especificações do edital. DOTAÇÃO ORÇAMENTÁRIA: 10.302.0001.2001.33903900. VALOR: R$ 1.250.000,00.","Meio Ambiente"
"MUNICÍPIO - SECRETARIA DE ADMINISTRAÇÃO. EXTRATO DE CONTRATO. Ref. Proc. 112233/2023. PARTES: FUNDO MUNICIPAL DE EDUCAÇÃO X SERVIÇOS DE LIMPEZA BRASIL S/A. OBJETO: O presente instrumento tem por objeto a Elaboração de mudas de árvores nativas nas áreas de proteção ambiental, conforme especificações do edital. DOTAÇÃO ORÇAMENTÁRIA: 10.302.0001.2001.33903900. VALOR: R$ 345.600,00.","Meio Ambiente"
"TERMO DE RATIFICAÇÃO DE DISPENSA DE LICITAÇÃO. Processo Administrativo nº PMSC-098/24. Reconheço e ratifico a contratação de COMERCIAL DE ALIMENTOS UNIÃO EIRELI, inscrita no CNPJ sob nº 72.000.000/0001-00. Objeto: Aquisição de coleta seletiva de lixo no aterro sanitário do município. Valor Estimado: R$ 210.000,00, com base na art. 75, inciso II, da Lei nº 14.133/21.","Meio Ambiente"
"INEXIGIBILIDADE DE LICITAÇÃO. PROCESSO INSTRUTIVO: 2024/09812. PARTES: MUNICÍPIO DE SÃO JOSÉ DOS CAMPOS e SERVIÇOS DE LIMPEZA BRASIL S/A. OBJETO: Elaboração de recuperação de áreas degradadas para a Secretaria de Meio Ambiente. VALOR GLOBAL: R$ 210.000,00. FUNDAMENTO LEGAL: art. 24, inciso II, da Lei nº 8.666/93. ASSINATURA: 13/07/2026.","Meio Ambiente"
"MUNICÍPIO - SECRETARIA DE ADMINISTRAÇÃO. INEXIGIBILIDADE DE LICITAÇÃO. Ref. Proc. 112233/2023. PARTES: FUNDO MUNICIPAL DE EDUCAÇÃO X CONSTRUTORA ALPHA LTDA. OBJETO: O presente instrumento tem por objeto a Elaboração de limpeza de córregos para a Secretaria de Meio Ambiente, conforme especificações do edital. DOTAÇÃO ORÇAMENTÁRIA: 10.302.0001.2001.33903900. VALOR: R$ 345.600,00.","Meio Ambiente"
"INEXIGIBILIDADE DE LICITAÇÃO Nº 669/2024 - PROCESSO: 0012.0034/2024. CONTRATANTE: SECRETARIA MUNICIPAL DE INFRAESTRUTURA. CONTRATADA: CONSTRUTORA ALPHA LTDA. OBJETO DO CONTRATO: Prestação de serviços limpeza de córregos para a praça central. VALOR: R$ 210.000,00. PRAZO DE VIGÊNCIA: 12 (doze) meses a partir da assinatura.","Meio Ambiente"
"EXTRATO DE TERMO ADITIVO. PROCESSO INSTRUTIVO: 2023/00456. PARTES: MUNICÍPIO DE SÃO JOSÉ DOS CAMPOS e COMERCIAL DE ALIMENTOS UNIÃO EIRELI. OBJETO: Prestação de serviços poda de árvores e roçada para a Secretaria de Meio Ambiente. VALOR GLOBAL: R$ 1.250.000,00. FUNDAMENTO LEGAL: Lei 14.133/2021. ASSINATURA: 08/06/2026.","Meio Ambiente"
"TERMO DE RATIFICAÇÃO DE EXTRATO DE TERMO ADITIVO. Processo Administrativo nº PMSC-098/24. Reconheço e ratifico a contratação de ORGANIZAÇÃO SOCIAL ESPERANÇA, inscrita no CNPJ sob nº 30.000.000/0001-00. Objeto: Execução de projeto de limpeza de córregos em todo o perímetro urbano. Valor Estimado: R$ 89.000,00, com base na art. 24, inciso II, da Lei nº 8.666/93.","Meio Ambiente"
"TOMADA DE PREÇOS. PROCESSO INSTRUTIVO: 0012.0034/2024. PARTES: FUNDO MUNICIPAL DE SAÚDE e CONSTRUTORA ALPHA LTDA. OBJETO: Prestação de serviços gestão de resíduos sólidos para a bacia hidrográfica local. VALOR GLOBAL: R$ 1.250.000,00. FUNDAMENTO LEGAL: Lei 14.133/2021. ASSINATURA: 07/05/2026.","Meio Ambiente"
"EXTRATO DE CONTRATO. PROCESSO INSTRUTIVO: 112233/2023. PARTES: PREFEITURA MUNICIPAL e SERVIÇOS DE LIMPEZA BRASIL S/A. OBJETO: Execução de projeto de gestão de resíduos sólidos em todo o perímetro urbano. VALOR GLOBAL: R$ 345.600,00. FUNDAMENTO LEGAL: art. 25, caput, da Lei 8.666/93. ASSINATURA: 28/06/2026.","Meio Ambiente"
"EXTRATO DE REGISTRO DE PREÇOS. PROCESSO INSTRUTIVO: 2023/00456. PARTES: FUNDO MUNICIPAL DE EDUCAÇÃO e ORGANIZAÇÃO SOCIAL ESPERANÇA. OBJETO: Registro de preços para serviços gestão de resíduos sólidos para a Secretaria de Meio Ambiente. VALOR GLOBAL: R$ 210.000,00. FUNDAMENTO LEGAL: art. 75, inciso II, da Lei nº 14.133/21. ASSINATURA: 18/07/2026.","Meio Ambiente"
"INEXIGIBILIDADE DE LICITAÇÃO. PROCESSO INSTRUTIVO: PM-882/2023. PARTES: SECRETARIA MUNICIPAL DE INFRAESTRUTURA e CONSTRUTORA ALPHA LTDA. OBJETO: Registro de preços para serviços poda de árvores e roçada para a bacia hidrográfica local. VALOR GLOBAL: R$ 210.000,00. FUNDAMENTO LEGAL: art. 75, inciso II, da Lei nº 14.133/21. ASSINATURA: 15/05/2026.","Meio Ambiente"
"INEXIGIBILIDADE DE LICITAÇÃO. PROCESSO INSTRUTIVO: 2023/00456. PARTES: FUNDO MUNICIPAL DE SAÚDE e DISTRIBUIDORA DE MEDICAMENTOS BOA SAÚDE. OBJETO: Prestação de serviços instalação de lixeiras ecológicas em todo o perímetro urbano. VALOR GLOBAL: R$ 15.400,00. FUNDAMENTO LEGAL: Lei 14.133/2021. ASSINATURA: 27/06/2026.","Meio Ambiente"
"EXTRATO DE REGISTRO DE PREÇOS. PROCESSO INSTRUTIVO: 2024/09812. PARTES: MUNICÍPIO DE SÃO JOSÉ DOS CAMPOS e SERVIÇOS DE LIMPEZA BRASIL S/A. OBJETO: Contratação de empresa para gestão de resíduos sólidos no aterro sanitário do município. VALOR GLOBAL: R$ 15.400,00. FUNDAMENTO LEGAL: art. 25, caput, da Lei 8.666/93. ASSINATURA: 29/04/2026.","Meio Ambiente"
"TOMADA DE PREÇOS. PROCESSO INSTRUTIVO: PMSC-098/24. PARTES: FUNDO MUNICIPAL DE SAÚDE e VIGILÂNCIA E SEGURANÇA PATRIMONIAL LTDA. OBJETO: Execução de projeto de coleta seletiva de lixo para a praça central. VALOR GLOBAL: R$ 45.900,00. FUNDAMENTO LEGAL: Lei 14.133/2021. ASSINATURA: 03/05/2026.","Meio Ambiente"
"PREGÃO ELETRÔNICO Nº 43/2024 - PROCESSO: 2024/09812. CONTRATANTE: MUNICÍPIO DE SÃO JOSÉ DOS CAMPOS. CONTRATADA: ORGANIZAÇÃO SOCIAL ESPERANÇA. OBJETO DO CONTRATO: Registro de preços para serviços plano de manejo sustentável para a praça central. VALOR: R$ 345.600,00. PRAZO DE VIGÊNCIA: 12 (doze) meses a partir da assinatura.","Meio Ambiente"
"TERMO DE RATIFICAÇÃO DE PREGÃO ELETRÔNICO. Processo Administrativo nº 112233/2023. Reconheço e ratifico a contratação de DISTRIBUIDORA DE MEDICAMENTOS BOA SAÚDE, inscrita no CNPJ sob nº 92.000.000/0001-00. Objeto: Registro de preços para serviços coleta seletiva de lixo no aterro sanitário do município. Valor Estimado: R$ 1.250.000,00, com base na Lei 14.133/2021.","Meio Ambiente"
"MUNICÍPIO - SECRETARIA DE ADMINISTRAÇÃO. AVISO DE LICITAÇÃO. Ref. Proc. 0012.0034/2024. PARTES: MUNICÍPIO DE SÃO JOSÉ DOS CAMPOS X SERVIÇOS DE LIMPEZA BRASIL S/A. OBJETO: O presente instrumento tem por objeto a Registro de preços para serviços recuperação de áreas degradadas no aterro sanitário do município, conforme especificações do edital. DOTAÇÃO ORÇAMENTÁRIA: 10.302.0001.2001.33903900. VALOR: R$ 45.900,00.","Meio Ambiente"
"TERMO DE RATIFICAÇÃO DE EXTRATO DE TERMO ADITIVO. Processo Administrativo nº PM-882/2023. Reconheço e ratifico a contratação de CONSTRUTORA ALPHA LTDA, inscrita no CNPJ sob nº 34.000.000/0001-00. Objeto: Aquisição de gestão de resíduos sólidos visando a preservação ambiental. Valor Estimado: R$ 45.900,00, com base na Lei 14.133/2021.","Meio Ambiente"
"DISPENSA DE LICITAÇÃO Nº 704/2024 - PROCESSO: PM-882/2023. CONTRATANTE: FUNDO MUNICIPAL DE EDUCAÇÃO. CONTRATADA: DISTRIBUIDORA DE MEDICAMENTOS BOA SAÚDE. OBJETO DO CONTRATO: Execução de projeto de gestão de resíduos sólidos para a praça central. VALOR: R$ 210.000,00. PRAZO DE VIGÊNCIA: 12 (doze) meses a partir da assinatura.","Meio Ambiente"
"EXTRATO DE TERMO ADITIVO Nº 225/2024 - PROCESSO: PM-882/2023. CONTRATANTE: PREFEITURA MUNICIPAL. CONTRATADA: COMERCIAL DE ALIMENTOS UNIÃO EIRELI. OBJETO DO CONTRATO: Elaboração de educação ambiental nas escolas para a Secretaria de Meio Ambiente. VALOR: R$ 45.900,00. PRAZO DE VIGÊNCIA: 12 (doze) meses a partir da assinatura.","Meio Ambiente"
"TERMO DE RATIFICAÇÃO DE EXTRATO DE REGISTRO DE PREÇOS. Processo Administrativo nº PMSC-098/24. Reconheço e ratifico a contratação de SERVIÇOS DE LIMPEZA BRASIL S/A, inscrita no CNPJ sob nº 85.000.000/0001-00. Objeto: Aquisição de poda de árvores e roçada em todo o perímetro urbano. Valor Estimado: R$ 45.900,00, com base na art. 24, inciso II, da Lei nº 8.666/93.","Meio Ambiente"
"INEXIGIBILIDADE DE LICITAÇÃO Nº 934/2024 - PROCESSO: PM-882/2023. CONTRATANTE: FUNDO MUNICIPAL DE SAÚDE. CONTRATADA: COMERCIAL DE ALIMENTOS UNIÃO EIRELI. OBJETO DO CONTRATO: Execução de projeto de poda de árvores e roçada em todo o perímetro urbano. VALOR: R$ 89.000,00. PRAZO DE VIGÊNCIA: 12 (doze) meses a partir da assinatura.","Meio Ambiente"
"TERMO DE RATIFICAÇÃO DE EXTRATO DE TERMO ADITIVO. Processo Administrativo nº 0012.0034/2024. Reconheço e ratifico a contratação de DISTRIBUIDORA DE MEDICAMENTOS BOA SAÚDE, inscrita no CNPJ sob nº 19.000.000/0001-00. Objeto: Execução de projeto de limpeza de córregos para o parque ecológico municipal. Valor Estimado: R$ 15.400,00, com base na art. 25, caput, da Lei 8.666/93.","Meio Ambiente"
"MUNICÍPIO - SECRETARIA DE ADMINISTRAÇÃO. AVISO DE LICITAÇÃO. Ref. Proc. 0012.0034/2024. PARTES: FUNDO MUNICIPAL DE SAÚDE X ORGANIZAÇÃO SOCIAL ESPERANÇA. OBJETO: O presente instrumento tem por objeto a Registro de preços para serviços coleta seletiva de lixo para a praça central, conforme especificações do edital. DOTAÇÃO ORÇAMENTÁRIA: 10.302.0001.2001.33903900. VALOR: R$ 210.000,00.","Meio Ambiente"
"EXTRATO DE TERMO ADITIVO Nº 301/2024 - PROCESSO: 0012.0034/2024. CONTRATANTE: FUNDO MUNICIPAL DE EDUCAÇÃO. CONTRATADA: TECNOLOGIA INTEGRADA LTDA. OBJETO DO CONTRATO: Execução de projeto de limpeza de córregos para a bacia hidrográfica local. VALOR: R$ 89.000,00. PRAZO DE VIGÊNCIA: 12 (doze) meses a partir da assinatura.","Meio Ambiente"
"TERMO DE RATIFICAÇÃO DE PREGÃO ELETRÔNICO. Processo Administrativo nº PMSC-098/24. Reconheço e ratifico a contratação de ORGANIZAÇÃO SOCIAL ESPERANÇA, inscrita no CNPJ sob nº 92.000.000/0001-00. Objeto: Elaboração de instalação de lixeiras ecológicas para o parque ecológico municipal. Valor Estimado: R$ 89.000,00, com base na art. 25, caput, da Lei 8.666/93.","Meio Ambiente"
"TERMO DE RATIFICAÇÃO DE EXTRATO DE REGISTRO DE PREÇOS. Processo Administrativo nº 2024/09812. Reconheço e ratifico a contratação de CONSTRUTORA ALPHA LTDA, inscrita no CNPJ sob nº 41.000.000/0001-00. Objeto: Elaboração de poda de árvores e roçada para a bacia hidrográfica local. Valor Estimado: R$ 5.600.000,00, com base na art. 24, inciso II, da Lei nº 8.666/93.","Meio Ambiente"
"TERMO DE RATIFICAÇÃO DE TOMADA DE PREÇOS. Processo Administrativo nº PM-882/2023. Reconheço e ratifico a contratação de COMERCIAL DE ALIMENTOS UNIÃO EIRELI, inscrita no CNPJ sob nº 91.000.000/0001-00. Objeto: Registro de preços para serviços análise de qualidade da água visando a preservação ambiental. Valor Estimado: R$ 210.000,00, com base na Lei 14.133/2021.","Meio Ambiente"
"TERMO DE RATIFICAÇÃO DE PREGÃO ELETRÔNICO. Processo Administrativo nº PMSC-098/24. Reconheço e ratifico a contratação de CONSTRUTORA ALPHA LTDA, inscrita no CNPJ sob nº 67.000.000/0001-00. Objeto: Aquisição de educação ambiental nas escolas para a praça central. Valor Estimado: R$ 89.000,00, com base na art. 25, caput, da Lei 8.666/93.","Meio Ambiente"
"MUNICÍPIO - SECRETARIA DE ADMINISTRAÇÃO. DISPENSA DE LICITAÇÃO. Ref. Proc. 2023/00456. PARTES: SECRETARIA MUNICIPAL DE INFRAESTRUTURA X DISTRIBUIDORA DE MEDICAMENTOS BOA SAÚDE. OBJETO: O presente instrumento tem por objeto a Execução de projeto de limpeza de córregos para a Secretaria de Meio Ambiente, conforme especificações do edital. DOTAÇÃO ORÇAMENTÁRIA: 10.302.0001.2001.33903900. VALOR: R$ 89.000,00.","Meio Ambiente"
"EXTRATO DE TERMO ADITIVO. PROCESSO INSTRUTIVO: 0012.0034/2024. PARTES: FUNDO MUNICIPAL DE SAÚDE e DISTRIBUIDORA DE MEDICAMENTOS BOA SAÚDE. OBJETO: Elaboração de gestão de resíduos sólidos para a bacia hidrográfica local. VALOR GLOBAL: R$ 45.900,00. FUNDAMENTO LEGAL: art. 24, inciso II, da Lei nº 8.666/93. ASSINATURA: 24/05/2026.","Meio Ambiente"
"TOMADA DE PREÇOS Nº 287/2024 - PROCESSO: PM-882/2023. CONTRATANTE: FUNDO MUNICIPAL DE SAÚDE. CONTRATADA: SERVIÇOS DE LIMPEZA BRASIL S/A. OBJETO DO CONTRATO: Contratação de empresa para coleta seletiva de lixo em todo o perímetro urbano. VALOR: R$ 345.600,00. PRAZO DE VIGÊNCIA: 12 (doze) meses a partir da assinatura.","Meio Ambiente"
"MUNICÍPIO - SECRETARIA DE ADMINISTRAÇÃO. EXTRATO DE TERMO ADITIVO. Ref. Proc. 2023/00456. PARTES: FUNDO MUNICIPAL DE SAÚDE X TECNOLOGIA INTEGRADA LTDA. OBJETO: O presente instrumento tem por objeto a Prestação de serviços poda de árvores e roçada no aterro sanitário do município, conforme especificações do edital. DOTAÇÃO ORÇAMENTÁRIA: 10.302.0001.2001.33903900. VALOR: R$ 210.000,00.","Meio Ambiente"
"EXTRATO DE REGISTRO DE PREÇOS Nº 373/2024 - PROCESSO: 112233/2023. CONTRATANTE: MUNICÍPIO DE SÃO JOSÉ DOS CAMPOS. CONTRATADA: ORGANIZAÇÃO SOCIAL ESPERANÇA. OBJETO DO CONTRATO: Contratação de empresa para gestão de resíduos sólidos nas áreas de proteção ambiental. VALOR: R$ 5.600.000,00. PRAZO DE VIGÊNCIA: 12 (doze) meses a partir da assinatura.","Meio Ambiente"
"PREGÃO ELETRÔNICO. PROCESSO INSTRUTIVO: 0012.0034/2024. PARTES: MUNICÍPIO DE SÃO JOSÉ DOS CAMPOS e DISTRIBUIDORA DE MEDICAMENTOS BOA SAÚDE. OBJETO: Execução de projeto de poda de árvores e roçada para o parque ecológico municipal. VALOR GLOBAL: R$ 345.600,00. FUNDAMENTO LEGAL: art. 24, inciso II, da Lei nº 8.666/93. ASSINATURA: 15/07/2026.","Meio Ambiente"
"TERMO DE RATIFICAÇÃO DE EXTRATO DE REGISTRO DE PREÇOS. Processo Administrativo nº 2023/00456. Reconheço e ratifico a contratação de ORGANIZAÇÃO SOCIAL ESPERANÇA, inscrita no CNPJ sob nº 37.000.000/0001-00. Objeto: Execução de projeto de instalação de lixeiras ecológicas visando a preservação ambiental. Valor Estimado: R$ 15.400,00, com base na art. 25, caput, da Lei 8.666/93.","Meio Ambiente"
"MUNICÍPIO - SECRETARIA DE ADMINISTRAÇÃO. TOMADA DE PREÇOS. Ref. Proc. 112233/2023. PARTES: SECRETARIA MUNICIPAL DE INFRAESTRUTURA X DISTRIBUIDORA DE MEDICAMENTOS BOA SAÚDE. OBJETO: O presente instrumento tem por objeto a Elaboração de análise de qualidade da água para a Secretaria de Meio Ambiente, conforme especificações do edital. DOTAÇÃO ORÇAMENTÁRIA: 10.302.0001.2001.33903900. VALOR: R$ 45.900,00.","Meio Ambiente"
"TOMADA DE PREÇOS. PROCESSO INSTRUTIVO: 0012.0034/2024. PARTES: MUNICÍPIO DE SÃO JOSÉ DOS CAMPOS e VIGILÂNCIA E SEGURANÇA PATRIMONIAL LTDA. OBJETO: Contratação de empresa para mudas de árvores nativas em todo o perímetro urbano. VALOR GLOBAL: R$ 89.000,00. FUNDAMENTO LEGAL: Lei 14.133/2021. ASSINATURA: 13/07/2026.","Meio Ambiente"
"MUNICÍPIO - SECRETARIA DE ADMINISTRAÇÃO. EXTRATO DE CONTRATO. Ref. Proc. 2023/00456. PARTES: SECRETARIA MUNICIPAL DE INFRAESTRUTURA X COMERCIAL DE ALIMENTOS UNIÃO EIRELI. OBJETO: O presente instrumento tem por objeto a Elaboração de educação ambiental nas escolas no aterro sanitário do município, conforme especificações do edital. DOTAÇÃO ORÇAMENTÁRIA: 10.302.0001.2001.33903900. VALOR: R$ 1.250.000,00.","Meio Ambiente"
"MUNICÍPIO - SECRETARIA DE ADMINISTRAÇÃO. AVISO DE LICITAÇÃO. Ref. Proc. 2024/09812. PARTES: FUNDO MUNICIPAL DE SAÚDE X TECNOLOGIA INTEGRADA LTDA. OBJETO: O presente instrumento tem por objeto a Elaboração de mudas de árvores nativas para a praça central, conforme especificações do edital. DOTAÇÃO ORÇAMENTÁRIA: 10.302.0001.2001.33903900. VALOR: R$ 1.250.000,00.","Meio Ambiente"
"MUNICÍPIO - SECRETARIA DE ADMINISTRAÇÃO. PREGÃO ELETRÔNICO. Ref. Proc. 2023/00456. PARTES: FUNDO MUNICIPAL DE EDUCAÇÃO X CONSTRUTORA ALPHA LTDA. OBJETO: O presente instrumento tem por objeto a Elaboração de recuperação de áreas degradadas nas áreas de proteção ambiental, conforme especificações do edital. DOTAÇÃO ORÇAMENTÁRIA: 10.302.0001.2001.33903900. VALOR: R$ 5.600.000,00.","Meio Ambiente"
"TOMADA DE PREÇOS. PROCESSO INSTRUTIVO: 2024/09812. PARTES: MUNICÍPIO DE SÃO JOSÉ DOS CAMPOS e TECNOLOGIA INTEGRADA LTDA. OBJETO: Prestação de serviços limpeza de córregos visando a preservação ambiental. VALOR GLOBAL: R$ 1.250.000,00. FUNDAMENTO LEGAL: art. 24, inciso II, da Lei nº 8.666/93. ASSINATURA: 09/05/2026.","Meio Ambiente"
"TERMO DE RATIFICAÇÃO DE TOMADA DE PREÇOS. Processo Administrativo nº 0012.0034/2024. Reconheço e ratifico a contratação de DISTRIBUIDORA DE MEDICAMENTOS BOA SAÚDE, inscrita no CNPJ sob nº 95.000.000/0001-00. Objeto: Elaboração de mudas de árvores nativas para o parque ecológico municipal. Valor Estimado: R$ 45.900,00, com base na art. 75, inciso II, da Lei nº 14.133/21.","Meio Ambiente"
"MUNICÍPIO - SECRETARIA DE ADMINISTRAÇÃO. EXTRATO DE CONTRATO. Ref. Proc. 112233/2023. PARTES: FUNDO MUNICIPAL DE SAÚDE X DISTRIBUIDORA DE MEDICAMENTOS BOA SAÚDE. OBJETO: O presente instrumento tem por objeto a Elaboração de educação ambiental nas escolas para o parque ecológico municipal, conforme especificações do edital. DOTAÇÃO ORÇAMENTÁRIA: 10.302.0001.2001.33903900. VALOR: R$ 5.600.000,00.","Meio Ambiente"
"EXTRATO DE CONTRATO Nº 925/2024 - PROCESSO: 0012.0034/2024. CONTRATANTE: SECRETARIA MUNICIPAL DE INFRAESTRUTURA. CONTRATADA: COMERCIAL DE ALIMENTOS UNIÃO EIRELI. OBJETO DO CONTRATO: Elaboração de limpeza de córregos para o parque ecológico municipal. VALOR: R$ 45.900,00. PRAZO DE VIGÊNCIA: 12 (doze) meses a partir da assinatura.","Meio Ambiente"
"TERMO DE RATIFICAÇÃO DE EXTRATO DE TERMO ADITIVO. Processo Administrativo nº PM-882/2023. Reconheço e ratifico a contratação de COMERCIAL DE ALIMENTOS UNIÃO EIRELI, inscrita no CNPJ sob nº 64.000.000/0001-00. Objeto: Registro de preços para serviços poda de árvores e roçada em todo o perímetro urbano. Valor Estimado: R$ 210.000,00, com base na art. 25, caput, da Lei 8.666/93.","Meio Ambiente"
"EXTRATO DE CONTRATO. PROCESSO INSTRUTIVO: PM-882/2023. PARTES: SECRETARIA MUNICIPAL DE INFRAESTRUTURA e CONSTRUTORA ALPHA LTDA. OBJETO: Elaboração de análise de qualidade da água visando a preservação ambiental. VALOR GLOBAL: R$ 345.600,00. FUNDAMENTO LEGAL: art. 25, caput, da Lei 8.666/93. ASSINATURA: 31/05/2026.","Meio Ambiente"
"DISPENSA DE LICITAÇÃO. PROCESSO INSTRUTIVO: 2024/09812. PARTES: MUNICÍPIO DE SÃO JOSÉ DOS CAMPOS e ORGANIZAÇÃO SOCIAL ESPERANÇA. OBJETO: Contratação de empresa para instalação de lixeiras ecológicas para a Secretaria de Meio Ambiente. VALOR GLOBAL: R$ 89.000,00. FUNDAMENTO LEGAL: Lei 14.133/2021. ASSINATURA: 25/07/2026.","Meio Ambiente"
"AVISO DE LICITAÇÃO Nº 587/2024 - PROCESSO: 2023/00456. CONTRATANTE: FUNDO MUNICIPAL DE SAÚDE. CONTRATADA: ORGANIZAÇÃO SOCIAL ESPERANÇA. OBJETO DO CONTRATO: Prestação de serviços mudas de árvores nativas no aterro sanitário do município. VALOR: R$ 345.600,00. PRAZO DE VIGÊNCIA: 12 (doze) meses a partir da assinatura.","Meio Ambiente"
"TOMADA DE PREÇOS Nº 851/2024 - PROCESSO: PM-882/2023. CONTRATANTE: MUNICÍPIO DE SÃO JOSÉ DOS CAMPOS. CONTRATADA: CONSTRUTORA ALPHA LTDA. OBJETO DO CONTRATO: Execução de projeto de poda de árvores e roçada no aterro sanitário do município. VALOR: R$ 89.000,00. PRAZO DE VIGÊNCIA: 12 (doze) meses a partir da assinatura.","Meio Ambiente"
"EXTRATO DE CONTRATO Nº 355/2024 - PROCESSO: PMSC-098/24. CONTRATANTE: FUNDO MUNICIPAL DE SAÚDE. CONTRATADA: COMERCIAL DE ALIMENTOS UNIÃO EIRELI. OBJETO DO CONTRATO: Execução de projeto de plano de manejo sustentável para o parque ecológico municipal. VALOR: R$ 345.600,00. PRAZO DE VIGÊNCIA: 12 (doze) meses a partir da assinatura.","Meio Ambiente"
"MUNICÍPIO - SECRETARIA DE ADMINISTRAÇÃO. AVISO DE LICITAÇÃO. Ref. Proc. 0012.0034/2024. PARTES: FUNDO MUNICIPAL DE SAÚDE X VIGILÂNCIA E SEGURANÇA PATRIMONIAL LTDA. OBJETO: O presente instrumento tem por objeto a Registro de preços para serviços mudas de árvores nativas no aterro sanitário do município, conforme especificações do edital. DOTAÇÃO ORÇAMENTÁRIA: 10.302.0001.2001.33903900. VALOR: R$ 210.000,00.","Meio Ambiente"
"MUNICÍPIO - SECRETARIA DE ADMINISTRAÇÃO. EXTRATO DE CONTRATO. Ref. Proc. 2024/09812. PARTES: SECRETARIA MUNICIPAL DE INFRAESTRUTURA X VIGILÂNCIA E SEGURANÇA PATRIMONIAL LTDA. OBJETO: O presente instrumento tem por objeto a Registro de preços para serviços análise de qualidade da água em todo o perímetro urbano, conforme especificações do edital. DOTAÇÃO ORÇAMENTÁRIA: 10.302.0001.2001.33903900. VALOR: R$ 15.400,00.","Meio Ambiente"
"AVISO DE LICITAÇÃO. PROCESSO INSTRUTIVO: PM-882/2023. PARTES: FUNDO MUNICIPAL DE EDUCAÇÃO e SERVIÇOS DE LIMPEZA BRASIL S/A. OBJETO: Aquisição de coleta seletiva de lixo para o parque ecológico municipal. VALOR GLOBAL: R$ 210.000,00. FUNDAMENTO LEGAL: art. 25, caput, da Lei 8.666/93. ASSINATURA: 19/05/2026.","Meio Ambiente"
"INEXIGIBILIDADE DE LICITAÇÃO. PROCESSO INSTRUTIVO: 0012.0034/2024. PARTES: SECRETARIA MUNICIPAL DE INFRAESTRUTURA e TECNOLOGIA INTEGRADA LTDA. OBJETO: Prestação de serviços gestão de resíduos sólidos para o parque ecológico municipal. VALOR GLOBAL: R$ 89.000,00. FUNDAMENTO LEGAL: art. 75, inciso II, da Lei nº 14.133/21. ASSINATURA: 28/06/2026.","Meio Ambiente"
"MUNICÍPIO - SECRETARIA DE ADMINISTRAÇÃO. AVISO DE LICITAÇÃO. Ref. Proc. 2023/00456. PARTES: MUNICÍPIO DE SÃO JOSÉ DOS CAMPOS X DISTRIBUIDORA DE MEDICAMENTOS BOA SAÚDE. OBJETO: O presente instrumento tem por objeto a Registro de preços para serviços coleta seletiva de lixo para o parque ecológico municipal, conforme especificações do edital. DOTAÇÃO ORÇAMENTÁRIA: 10.302.0001.2001.33903900. VALOR: R$ 345.600,00.","Meio Ambiente"
"MUNICÍPIO - SECRETARIA DE ADMINISTRAÇÃO. EXTRATO DE CONTRATO. Ref. Proc. 2024/09812. PARTES: FUNDO MUNICIPAL DE EDUCAÇÃO X COMERCIAL DE ALIMENTOS UNIÃO EIRELI. OBJETO: O presente instrumento tem por objeto a Execução de projeto de plano de manejo sustentável em todo o perímetro urbano, conforme especificações do edital. DOTAÇÃO ORÇAMENTÁRIA: 10.302.0001.2001.33903900. VALOR: R$ 45.900,00.","Meio Ambiente"
"EXTRATO DE TERMO ADITIVO Nº 869/2024 - PROCESSO: 112233/2023. CONTRATANTE: MUNICÍPIO DE SÃO JOSÉ DOS CAMPOS. CONTRATADA: ORGANIZAÇÃO SOCIAL ESPERANÇA. OBJETO DO CONTRATO: Aquisição de poda de árvores e roçada para a Secretaria de Meio Ambiente. VALOR: R$ 210.000,00. PRAZO DE VIGÊNCIA: 12 (doze) meses a partir da assinatura.","Meio Ambiente"
"TERMO DE RATIFICAÇÃO DE AVISO DE LICITAÇÃO. Processo Administrativo nº 0012.0034/2024. Reconheço e ratifico a contratação de ORGANIZAÇÃO SOCIAL ESPERANÇA, inscrita no CNPJ sob nº 76.000.000/0001-00. Objeto: Prestação de serviços plano de manejo sustentável nas áreas de proteção ambiental. Valor Estimado: R$ 45.900,00, com base na Lei 14.133/2021.","Meio Ambiente"
"MUNICÍPIO - SECRETARIA DE ADMINISTRAÇÃO. INEXIGIBILIDADE DE LICITAÇÃO. Ref. Proc. 112233/2023. PARTES: FUNDO MUNICIPAL DE SAÚDE X COMERCIAL DE ALIMENTOS UNIÃO EIRELI. OBJETO: O presente instrumento tem por objeto a Registro de preços para serviços coleta seletiva de lixo em todo o perímetro urbano, conforme especificações do edital. DOTAÇÃO ORÇAMENTÁRIA: 10.302.0001.2001.33903900. VALOR: R$ 210.000,00.","Meio Ambiente"
"PREGÃO ELETRÔNICO Nº 118/2024 - PROCESSO: 112233/2023. CONTRATANTE: FUNDO MUNICIPAL DE EDUCAÇÃO. CONTRATADA: DISTRIBUIDORA DE MEDICAMENTOS BOA SAÚDE. OBJETO DO CONTRATO: Elaboração de instalação de lixeiras ecológicas em todo o perímetro urbano. VALOR: R$ 210.000,00. PRAZO DE VIGÊNCIA: 12 (doze) meses a partir da assinatura.","Meio Ambiente"
"TERMO DE RATIFICAÇÃO DE DISPENSA DE LICITAÇÃO. Processo Administrativo nº PMSC-098/24. Reconheço e ratifico a contratação de SERVIÇOS DE LIMPEZA BRASIL S/A, inscrita no CNPJ sob nº 25.000.000/0001-00. Objeto: Registro de preços para serviços poda de árvores e roçada para o parque ecológico municipal. Valor Estimado: R$ 45.900,00, com base na Lei 14.133/2021.","Meio Ambiente"
"PREGÃO ELETRÔNICO Nº 493/2024 - PROCESSO: 112233/2023. CONTRATANTE: SECRETARIA MUNICIPAL DE INFRAESTRUTURA. CONTRATADA: TECNOLOGIA INTEGRADA LTDA. OBJETO DO CONTRATO: Registro de preços para serviços instalação de lixeiras ecológicas para a praça central. VALOR: R$ 15.400,00. PRAZO DE VIGÊNCIA: 12 (doze) meses a partir da assinatura.","Meio Ambiente"
"EXTRATO DE REGISTRO DE PREÇOS Nº 965/2024 - PROCESSO: PM-882/2023. CONTRATANTE: MUNICÍPIO DE SÃO JOSÉ DOS CAMPOS. CONTRATADA: DISTRIBUIDORA DE MEDICAMENTOS BOA SAÚDE. OBJETO DO CONTRATO: Execução de projeto de coleta seletiva de lixo visando a preservação ambiental. VALOR: R$ 89.000,00. PRAZO DE VIGÊNCIA: 12 (doze) meses a partir da assinatura.","Meio Ambiente"
"TOMADA DE PREÇOS Nº 520/2024 - PROCESSO: PMSC-098/24. CONTRATANTE: SECRETARIA MUNICIPAL DE INFRAESTRUTURA. CONTRATADA: SERVIÇOS DE LIMPEZA BRASIL S/A. OBJETO DO CONTRATO: Contratação de empresa para instalação de lixeiras ecológicas para a praça central. VALOR: R$ 345.600,00. PRAZO DE VIGÊNCIA: 12 (doze) meses a partir da assinatura.","Meio Ambiente"
"MUNICÍPIO - SECRETARIA DE ADMINISTRAÇÃO. PREGÃO ELETRÔNICO. Ref. Proc. 2024/09812. PARTES: PREFEITURA MUNICIPAL X COMERCIAL DE ALIMENTOS UNIÃO EIRELI. OBJETO: O presente instrumento tem por objeto a Execução de projeto de análise de qualidade da água em todo o perímetro urbano, conforme especificações do edital. DOTAÇÃO ORÇAMENTÁRIA: 10.302.0001.2001.33903900. VALOR: R$ 5.600.000,00.","Meio Ambiente"
"DISPENSA DE LICITAÇÃO Nº 288/2024 - PROCESSO: PMSC-098/24. CONTRATANTE: MUNICÍPIO DE SÃO JOSÉ DOS CAMPOS. CONTRATADA: ORGANIZAÇÃO SOCIAL ESPERANÇA. OBJETO DO CONTRATO: Elaboração de recuperação de áreas degradadas no aterro sanitário do município. VALOR: R$ 15.400,00. PRAZO DE VIGÊNCIA: 12 (doze) meses a partir da assinatura.","Meio Ambiente"
"TOMADA DE PREÇOS Nº 46/2024 - PROCESSO: 112233/2023. CONTRATANTE: MUNICÍPIO DE SÃO JOSÉ DOS CAMPOS. CONTRATADA: ORGANIZAÇÃO SOCIAL ESPERANÇA. OBJETO DO CONTRATO: Contratação de empresa para gestão de resíduos sólidos para a Secretaria de Meio Ambiente. VALOR: R$ 89.000,00. PRAZO DE VIGÊNCIA: 12 (doze) meses a partir da assinatura.","Meio Ambiente"
"TERMO DE RATIFICAÇÃO DE AVISO DE LICITAÇÃO. Processo Administrativo nº 0012.0034/2024. Reconheço e ratifico a contratação de CONSTRUTORA ALPHA LTDA, inscrita no CNPJ sob nº 11.000.000/0001-00. Objeto: Elaboração de limpeza de córregos para a bacia hidrográfica local. Valor Estimado: R$ 45.900,00, com base na art. 24, inciso II, da Lei nº 8.666/93.","Meio Ambiente"
"MUNICÍPIO - SECRETARIA DE ADMINISTRAÇÃO. TOMADA DE PREÇOS. Ref. Proc. PMSC-098/24. PARTES: MUNICÍPIO DE SÃO JOSÉ DOS CAMPOS X COMERCIAL DE ALIMENTOS UNIÃO EIRELI. OBJETO: O presente instrumento tem por objeto a Registro de preços para serviços recuperação de áreas degradadas em todo o perímetro urbano, conforme especificações do edital. DOTAÇÃO ORÇAMENTÁRIA: 10.302.0001.2001.33903900. VALOR: R$ 45.900,00.","Meio Ambiente"
"TERMO DE RATIFICAÇÃO DE TOMADA DE PREÇOS. Processo Administrativo nº 2024/09812. Reconheço e ratifico a contratação de ORGANIZAÇÃO SOCIAL ESPERANÇA, inscrita no CNPJ sob nº 56.000.000/0001-00. Objeto: Registro de preços para serviços gestão de resíduos sólidos para a praça central. Valor Estimado: R$ 89.000,00, com base na art. 24, inciso II, da Lei nº 8.666/93.","Meio Ambiente"
"TERMO DE RATIFICAÇÃO DE DISPENSA DE LICITAÇÃO. Processo Administrativo nº 112233/2023. Reconheço e ratifico a contratação de VIGILÂNCIA E SEGURANÇA PATRIMONIAL LTDA, inscrita no CNPJ sob nº 36.000.000/0001-00. Objeto: Registro de preços para serviços coleta seletiva de lixo para a Secretaria de Meio Ambiente. Valor Estimado: R$ 89.000,00, com base na art. 24, inciso II, da Lei nº 8.666/93.","Meio Ambiente"
"TERMO DE RATIFICAÇÃO DE PREGÃO ELETRÔNICO. Processo Administrativo nº 2024/09812. Reconheço e ratifico a contratação de TECNOLOGIA INTEGRADA LTDA, inscrita no CNPJ sob nº 55.000.000/0001-00. Objeto: Execução de projeto de educação ambiental nas escolas para a praça central. Valor Estimado: R$ 345.600,00, com base na art. 24, inciso II, da Lei nº 8.666/93.","Meio Ambiente"
"PREGÃO ELETRÔNICO. PROCESSO INSTRUTIVO: 2023/00456. PARTES: MUNICÍPIO DE SÃO JOSÉ DOS CAMPOS e CONSTRUTORA ALPHA LTDA. OBJETO: Aquisição de poda de árvores e roçada para o parque ecológico municipal. VALOR GLOBAL: R$ 345.600,00. FUNDAMENTO LEGAL: art. 75, inciso II, da Lei nº 14.133/21. ASSINATURA: 10/06/2026.","Meio Ambiente"
"MUNICÍPIO - SECRETARIA DE ADMINISTRAÇÃO. EXTRATO DE TERMO ADITIVO. Ref. Proc. PMSC-098/24. PARTES: FUNDO MUNICIPAL DE EDUCAÇÃO X DISTRIBUIDORA DE MEDICAMENTOS BOA SAÚDE. OBJETO: O presente instrumento tem por objeto a Aquisição de recuperação de áreas degradadas no aterro sanitário do município, conforme especificações do edital. DOTAÇÃO ORÇAMENTÁRIA: 10.302.0001.2001.33903900. VALOR: R$ 345.600,00.","Meio Ambiente"
"MUNICÍPIO - SECRETARIA DE ADMINISTRAÇÃO. EXTRATO DE CONTRATO. Ref. Proc. 2024/09812. PARTES: SECRETARIA MUNICIPAL DE INFRAESTRUTURA X CONSTRUTORA ALPHA LTDA. OBJETO: O presente instrumento tem por objeto a Elaboração de coleta seletiva de lixo para o parque ecológico municipal, conforme especificações do edital. DOTAÇÃO ORÇAMENTÁRIA: 10.302.0001.2001.33903900. VALOR: R$ 15.400,00.","Meio Ambiente"
"EXTRATO DE CONTRATO Nº 444/2024 - PROCESSO: 112233/2023. CONTRATANTE: FUNDO MUNICIPAL DE EDUCAÇÃO. CONTRATADA: COMERCIAL DE ALIMENTOS UNIÃO EIRELI. OBJETO DO CONTRATO: Aquisição de gestão de resíduos sólidos para o parque ecológico municipal. VALOR: R$ 15.400,00. PRAZO DE VIGÊNCIA: 12 (doze) meses a partir da assinatura.","Meio Ambiente"
"TERMO DE RATIFICAÇÃO DE INEXIGIBILIDADE DE LICITAÇÃO. Processo Administrativo nº PM-882/2023. Reconheço e ratifico a contratação de DISTRIBUIDORA DE MEDICAMENTOS BOA SAÚDE, inscrita no CNPJ sob nº 44.000.000/0001-00. Objeto: Execução de projeto de limpeza de córregos visando a preservação ambiental. Valor Estimado: R$ 89.000,00, com base na art. 25, caput, da Lei 8.666/93.","Meio Ambiente"
"INEXIGIBILIDADE DE LICITAÇÃO. PROCESSO INSTRUTIVO: 2024/09812. PARTES: FUNDO MUNICIPAL DE SAÚDE e SERVIÇOS DE LIMPEZA BRASIL S/A. OBJETO: Registro de preços para serviços mudas de árvores nativas para a bacia hidrográfica local. VALOR GLOBAL: R$ 345.600,00. FUNDAMENTO LEGAL: Lei 14.133/2021. ASSINATURA: 04/05/2026.","Meio Ambiente"
"TERMO DE RATIFICAÇÃO DE EXTRATO DE TERMO ADITIVO. Processo Administrativo nº 2024/09812. Reconheço e ratifico a contratação de ORGANIZAÇÃO SOCIAL ESPERANÇA, inscrita no CNPJ sob nº 59.000.000/0001-00. Objeto: Registro de preços para serviços limpeza de córregos para a praça central. Valor Estimado: R$ 345.600,00, com base na art. 75, inciso II, da Lei nº 14.133/21.","Meio Ambiente"
"MUNICÍPIO - SECRETARIA DE ADMINISTRAÇÃO. PREGÃO ELETRÔNICO. Ref. Proc. 2024/09812. PARTES: PREFEITURA MUNICIPAL X ORGANIZAÇÃO SOCIAL ESPERANÇA. OBJETO: O presente instrumento tem por objeto a Registro de preços para serviços recuperação de áreas degradadas para a bacia hidrográfica local, conforme especificações do edital. DOTAÇÃO ORÇAMENTÁRIA: 10.302.0001.2001.33903900. VALOR: R$ 210.000,00.","Meio Ambiente"
"MUNICÍPIO - SECRETARIA DE ADMINISTRAÇÃO. INEXIGIBILIDADE DE LICITAÇÃO. Ref. Proc. 2024/09812. PARTES: FUNDO MUNICIPAL DE SAÚDE X VIGILÂNCIA E SEGURANÇA PATRIMONIAL LTDA. OBJETO: O presente instrumento tem por objeto a Aquisição de instalação de lixeiras ecológicas para o parque ecológico municipal, conforme especificações do edital. DOTAÇÃO ORÇAMENTÁRIA: 10.302.0001.2001.33903900. VALOR: R$ 210.000,00.","Meio Ambiente"
"TOMADA DE PREÇOS. PROCESSO INSTRUTIVO: 2023/00456. PARTES: FUNDO MUNICIPAL DE SAÚDE e COMERCIAL DE ALIMENTOS UNIÃO EIRELI. OBJETO: Registro de preços para serviços gestão de resíduos sólidos nas áreas de proteção ambiental. VALOR GLOBAL: R$ 210.000,00. FUNDAMENTO LEGAL: art. 25, caput, da Lei 8.666/93. ASSINATURA: 04/08/2026.","Meio Ambiente"
"AVISO DE LICITAÇÃO. PROCESSO INSTRUTIVO: 2024/09812. PARTES: MUNICÍPIO DE SÃO JOSÉ DOS CAMPOS e ORGANIZAÇÃO SOCIAL ESPERANÇA. OBJETO: Aquisição de limpeza de córregos no aterro sanitário do município. VALOR GLOBAL: R$ 1.250.000,00. FUNDAMENTO LEGAL: art. 75, inciso II, da Lei nº 14.133/21. ASSINATURA: 18/07/2026.","Meio Ambiente"
"AVISO DE LICITAÇÃO Nº 643/2024 - PROCESSO: 2023/00456. CONTRATANTE: PREFEITURA MUNICIPAL. CONTRATADA: TECNOLOGIA INTEGRADA LTDA. OBJETO DO CONTRATO: Aquisição de instalação de lixeiras ecológicas para a Secretaria de Meio Ambiente. VALOR: R$ 45.900,00. PRAZO DE VIGÊNCIA: 12 (doze) meses a partir da assinatura.","Meio Ambiente"
"TERMO DE RATIFICAÇÃO DE EXTRATO DE REGISTRO DE PREÇOS. Processo Administrativo nº 2024/09812. Reconheço e ratifico a contratação de TECNOLOGIA INTEGRADA LTDA, inscrita no CNPJ sob nº 25.000.000/0001-00. Objeto: Execução de projeto de instalação de lixeiras ecológicas no aterro sanitário do município. Valor Estimado: R$ 5.600.000,00, com base na art. 75, inciso II, da Lei nº 14.133/21.","Meio Ambiente"
"INEXIGIBILIDADE DE LICITAÇÃO. PROCESSO INSTRUTIVO: 2023/00456. PARTES: FUNDO MUNICIPAL DE SAÚDE e ORGANIZAÇÃO SOCIAL ESPERANÇA. OBJETO: Execução de projeto de recuperação de áreas degradadas para a bacia hidrográfica local. VALOR GLOBAL: R$ 1.250.000,00. FUNDAMENTO LEGAL: art. 75, inciso II, da Lei nº 14.133/21. ASSINATURA: 09/07/2026.","Meio Ambiente"
"INEXIGIBILIDADE DE LICITAÇÃO. PROCESSO INSTRUTIVO: 2023/00456. PARTES: PREFEITURA MUNICIPAL e COMERCIAL DE ALIMENTOS UNIÃO EIRELI. OBJETO: Contratação de empresa para poda de árvores e roçada para o parque ecológico municipal. VALOR GLOBAL: R$ 5.600.000,00. FUNDAMENTO LEGAL: art. 75, inciso II, da Lei nº 14.133/21. ASSINATURA: 07/06/2026.","Meio Ambiente"
"TERMO DE RATIFICAÇÃO DE EXTRATO DE TERMO ADITIVO. Processo Administrativo nº PM-882/2023. Reconheço e ratifico a contratação de ORGANIZAÇÃO SOCIAL ESPERANÇA, inscrita no CNPJ sob nº 52.000.000/0001-00. Objeto: Execução de projeto de poda de árvores e roçada para a praça central. Valor Estimado: R$ 15.400,00, com base na Lei 14.133/2021.","Meio Ambiente"
"PREGÃO ELETRÔNICO. PROCESSO INSTRUTIVO: PM-882/2023. PARTES: SECRETARIA MUNICIPAL DE INFRAESTRUTURA e SERVIÇOS DE LIMPEZA BRASIL S/A. OBJETO: Aquisição de análise de qualidade da água para o parque ecológico municipal. VALOR GLOBAL: R$ 45.900,00. FUNDAMENTO LEGAL: Lei 14.133/2021. ASSINATURA: 11/05/2026.","Meio Ambiente"
"MUNICÍPIO - SECRETARIA DE ADMINISTRAÇÃO. DISPENSA DE LICITAÇÃO. Ref. Proc. 2023/00456. PARTES: FUNDO MUNICIPAL DE SAÚDE X DISTRIBUIDORA DE MEDICAMENTOS BOA SAÚDE. OBJETO: O presente instrumento tem por objeto a Execução de projeto de gestão de resíduos sólidos para a Secretaria de Meio Ambiente, conforme especificações do edital. DOTAÇÃO ORÇAMENTÁRIA: 10.302.0001.2001.33903900. VALOR: R$ 345.600,00.","Meio Ambiente"
"MUNICÍPIO - SECRETARIA DE ADMINISTRAÇÃO. EXTRATO DE REGISTRO DE PREÇOS. Ref. Proc. 112233/2023. PARTES: SECRETARIA MUNICIPAL DE INFRAESTRUTURA X VIGILÂNCIA E SEGURANÇA PATRIMONIAL LTDA. OBJETO: O presente instrumento tem por objeto a Contratação de empresa para fornecimento de carteiras e cadeiras para as unidades de educação infantil, conforme especificações do edital. DOTAÇÃO ORÇAMENTÁRIA: 10.302.0001.2001.33903900. VALOR: R$ 89.000,00.","Educação"
"EXTRATO DE CONTRATO Nº 908/2024 - PROCESSO: PM-882/2023. CONTRATANTE: MUNICÍPIO DE SÃO JOSÉ DOS CAMPOS. CONTRATADA: CONSTRUTORA ALPHA LTDA. OBJETO DO CONTRATO: Aquisição de materiais didáticos visando o projeto de inclusão digital. VALOR: R$ 5.600.000,00. PRAZO DE VIGÊNCIA: 12 (doze) meses a partir da assinatura.","Educação"
"INEXIGIBILIDADE DE LICITAÇÃO. PROCESSO INSTRUTIVO: PMSC-098/24. PARTES: PREFEITURA MUNICIPAL e CONSTRUTORA ALPHA LTDA. OBJETO: Locação de equipamentos para mobiliário escolar para professores da rede pública. VALOR GLOBAL: R$ 15.400,00. FUNDAMENTO LEGAL: art. 25, caput, da Lei 8.666/93. ASSINATURA: 26/07/2026.","Educação"
"MUNICÍPIO - SECRETARIA DE ADMINISTRAÇÃO. TOMADA DE PREÇOS. Ref. Proc. PM-882/2023. PARTES: PREFEITURA MUNICIPAL X DISTRIBUIDORA DE MEDICAMENTOS BOA SAÚDE. OBJETO: O presente instrumento tem por objeto a Fornecimento de merenda escolar visando o projeto de inclusão digital, conforme especificações do edital. DOTAÇÃO ORÇAMENTÁRIA: 10.302.0001.2001.33903900. VALOR: R$ 345.600,00.","Educação"
"INEXIGIBILIDADE DE LICITAÇÃO Nº 370/2024 - PROCESSO: 112233/2023. CONTRATANTE: SECRETARIA MUNICIPAL DE INFRAESTRUTURA. CONTRATADA: ORGANIZAÇÃO SOCIAL ESPERANÇA. OBJETO DO CONTRATO: Contratação de empresa para fornecimento de lousas digitais para professores da rede pública. VALOR: R$ 15.400,00. PRAZO DE VIGÊNCIA: 12 (doze) meses a partir da assinatura.","Educação"
"TERMO DE RATIFICAÇÃO DE PREGÃO ELETRÔNICO. Processo Administrativo nº 2024/09812. Reconheço e ratifico a contratação de COMERCIAL DE ALIMENTOS UNIÃO EIRELI, inscrita no CNPJ sob nº 29.000.000/0001-00. Objeto: Locação de equipamentos para livros literários visando o projeto de inclusão digital. Valor Estimado: R$ 45.900,00, com base na Lei 14.133/2021.","Educação"
"DISPENSA DE LICITAÇÃO. PROCESSO INSTRUTIVO: 112233/2023. PARTES: MUNICÍPIO DE SÃO JOSÉ DOS CAMPOS e CONSTRUTORA ALPHA LTDA. OBJETO: Registro de preços para aquisição de equipamentos para laboratório destinados às creches municipais. VALOR GLOBAL: R$ 345.600,00. FUNDAMENTO LEGAL: art. 24, inciso II, da Lei nº 8.666/93. ASSINATURA: 23/07/2026.","Educação"
"MUNICÍPIO - SECRETARIA DE ADMINISTRAÇÃO. EXTRATO DE TERMO ADITIVO. Ref. Proc. 2024/09812. PARTES: PREFEITURA MUNICIPAL X SERVIÇOS DE LIMPEZA BRASIL S/A. OBJETO: O presente instrumento tem por objeto a Prestação de serviços de manutenção em livros literários para a Secretaria Municipal de Educação, conforme especificações do edital. DOTAÇÃO ORÇAMENTÁRIA: 10.302.0001.2001.33903900. VALOR: R$ 89.000,00.","Educação"
"MUNICÍPIO - SECRETARIA DE ADMINISTRAÇÃO. EXTRATO DE REGISTRO DE PREÇOS. Ref. Proc. 0012.0034/2024. PARTES: FUNDO MUNICIPAL DE EDUCAÇÃO X VIGILÂNCIA E SEGURANÇA PATRIMONIAL LTDA. OBJETO: O presente instrumento tem por objeto a Contratação de empresa para fornecimento de materiais didáticos para professores da rede pública, conforme especificações do edital. DOTAÇÃO ORÇAMENTÁRIA: 10.302.0001.2001.33903900. VALOR: R$ 1.250.000,00.","Educação"
"MUNICÍPIO - SECRETARIA DE ADMINISTRAÇÃO. EXTRATO DE CONTRATO. Ref. Proc. 2024/09812. PARTES: SECRETARIA MUNICIPAL DE INFRAESTRUTURA X SERVIÇOS DE LIMPEZA BRASIL S/A. OBJETO: O presente instrumento tem por objeto a Prestação de serviços de manutenção em livros literários visando o projeto de inclusão digital, conforme especificações do edital. DOTAÇÃO ORÇAMENTÁRIA: 10.302.0001.2001.33903900. VALOR: R$ 345.600,00.","Educação"
"MUNICÍPIO - SECRETARIA DE ADMINISTRAÇÃO. EXTRATO DE CONTRATO. Ref. Proc. 2023/00456. PARTES: SECRETARIA MUNICIPAL DE INFRAESTRUTURA X SERVIÇOS DE LIMPEZA BRASIL S/A. OBJETO: O presente instrumento tem por objeto a Contratação de empresa para fornecimento de kits de robótica para os alunos do ensino fundamental, conforme especificações do edital. DOTAÇÃO ORÇAMENTÁRIA: 10.302.0001.2001.33903900. VALOR: R$ 345.600,00.","Educação"
"TERMO DE RATIFICAÇÃO DE EXTRATO DE TERMO ADITIVO. Processo Administrativo nº 2023/00456. Reconheço e ratifico a contratação de CONSTRUTORA ALPHA LTDA, inscrita no CNPJ sob nº 30.000.000/0001-00. Objeto: Registro de preços para aquisição de kits de robótica para a Secretaria Municipal de Educação. Valor Estimado: R$ 15.400,00, com base na art. 24, inciso II, da Lei nº 8.666/93.","Educação"
"EXTRATO DE TERMO ADITIVO Nº 285/2024 - PROCESSO: PMSC-098/24. CONTRATANTE: SECRETARIA MUNICIPAL DE INFRAESTRUTURA. CONTRATADA: TECNOLOGIA INTEGRADA LTDA. OBJETO DO CONTRATO: Registro de preços para aquisição de kits de robótica para os alunos do ensino fundamental. VALOR: R$ 5.600.000,00. PRAZO DE VIGÊNCIA: 12 (doze) meses a partir da assinatura.","Educação"
"TERMO DE RATIFICAÇÃO DE TOMADA DE PREÇOS. Processo Administrativo nº 2023/00456. Reconheço e ratifico a contratação de CONSTRUTORA ALPHA LTDA, inscrita no CNPJ sob nº 18.000.000/0001-00. Objeto: Aquisição de notebooks e Chromebooks para as unidades de educação infantil. Valor Estimado: R$ 1.250.000,00, com base na Lei 14.133/2021.","Educação"
"MUNICÍPIO - SECRETARIA DE ADMINISTRAÇÃO. AVISO DE LICITAÇÃO. Ref. Proc. PMSC-098/24. PARTES: FUNDO MUNICIPAL DE EDUCAÇÃO X COMERCIAL DE ALIMENTOS UNIÃO EIRELI. OBJETO: O presente instrumento tem por objeto a Registro de preços para aquisição de livros literários para a Secretaria Municipal de Educação, conforme especificações do edital. DOTAÇÃO ORÇAMENTÁRIA: 10.302.0001.2001.33903900. VALOR: R$ 89.000,00.","Educação"
"MUNICÍPIO - SECRETARIA DE ADMINISTRAÇÃO. TOMADA DE PREÇOS. Ref. Proc. 112233/2023. PARTES: FUNDO MUNICIPAL DE SAÚDE X SERVIÇOS DE LIMPEZA BRASIL S/A. OBJETO: O presente instrumento tem por objeto a Contratação de empresa para fornecimento de notebooks e Chromebooks para professores da rede pública, conforme especificações do edital. DOTAÇÃO ORÇAMENTÁRIA: 10.302.0001.2001.33903900. VALOR: R$ 345.600,00.","Educação"
"MUNICÍPIO - SECRETARIA DE ADMINISTRAÇÃO. TOMADA DE PREÇOS. Ref. Proc. PM-882/2023. PARTES: FUNDO MUNICIPAL DE EDUCAÇÃO X VIGILÂNCIA E SEGURANÇA PATRIMONIAL LTDA. OBJETO: O presente instrumento tem por objeto a Locação de equipamentos para carteiras e cadeiras destinados às creches municipais, conforme especificações do edital. DOTAÇÃO ORÇAMENTÁRIA: 10.302.0001.2001.33903900. VALOR: R$ 210.000,00.","Educação"
"MUNICÍPIO - SECRETARIA DE ADMINISTRAÇÃO. AVISO DE LICITAÇÃO. Ref. Proc. 2024/09812. PARTES: FUNDO MUNICIPAL DE SAÚDE X DISTRIBUIDORA DE MEDICAMENTOS BOA SAÚDE. OBJETO: O presente instrumento tem por objeto a Prestação de serviços de manutenção em carteiras e cadeiras visando o projeto de inclusão digital, conforme especificações do edital. DOTAÇÃO ORÇAMENTÁRIA: 10.302.0001.2001.33903900. VALOR: R$ 5.600.000,00.","Educação"
"PREGÃO ELETRÔNICO. PROCESSO INSTRUTIVO: PM-882/2023. PARTES: MUNICÍPIO DE SÃO JOSÉ DOS CAMPOS e DISTRIBUIDORA DE MEDICAMENTOS BOA SAÚDE. OBJETO: Aquisição de carteiras e cadeiras para as unidades de educação infantil. VALOR GLOBAL: R$ 15.400,00. FUNDAMENTO LEGAL: art. 75, inciso II, da Lei nº 14.133/21. ASSINATURA: 27/06/2026.","Educação"
"TERMO DE RATIFICAÇÃO DE EXTRATO DE TERMO ADITIVO. Processo Administrativo nº 0012.0034/2024. Reconheço e ratifico a contratação de CONSTRUTORA ALPHA LTDA, inscrita no CNPJ sob nº 90.000.000/0001-00. Objeto: Registro de preços para aquisição de lousas digitais para professores da rede pública. Valor Estimado: R$ 345.600,00, com base na Lei 14.133/2021.","Educação"
"MUNICÍPIO - SECRETARIA DE ADMINISTRAÇÃO. EXTRATO DE TERMO ADITIVO. Ref. Proc. 2023/00456. PARTES: FUNDO MUNICIPAL DE EDUCAÇÃO X VIGILÂNCIA E SEGURANÇA PATRIMONIAL LTDA. OBJETO: O presente instrumento tem por objeto a Locação de equipamentos para equipamentos para laboratório para a rede pública de ensino, conforme especificações do edital. DOTAÇÃO ORÇAMENTÁRIA: 10.302.0001.2001.33903900. VALOR: R$ 345.600,00.","Educação"
"TERMO DE RATIFICAÇÃO DE EXTRATO DE REGISTRO DE PREÇOS. Processo Administrativo nº 112233/2023. Reconheço e ratifico a contratação de VIGILÂNCIA E SEGURANÇA PATRIMONIAL LTDA, inscrita no CNPJ sob nº 19.000.000/0001-00. Objeto: Registro de preços para aquisição de livros literários para as unidades de educação infantil. Valor Estimado: R$ 345.600,00, com base na art. 25, caput, da Lei 8.666/93.","Educação"
"TERMO DE RATIFICAÇÃO DE PREGÃO ELETRÔNICO. Processo Administrativo nº 2024/09812. Reconheço e ratifico a contratação de VIGILÂNCIA E SEGURANÇA PATRIMONIAL LTDA, inscrita no CNPJ sob nº 86.000.000/0001-00. Objeto: Prestação de serviços de manutenção em materiais didáticos visando o projeto de inclusão digital. Valor Estimado: R$ 5.600.000,00, com base na Lei 14.133/2021.","Educação"
"MUNICÍPIO - SECRETARIA DE ADMINISTRAÇÃO. EXTRATO DE TERMO ADITIVO. Ref. Proc. PMSC-098/24. PARTES: SECRETARIA MUNICIPAL DE INFRAESTRUTURA X DISTRIBUIDORA DE MEDICAMENTOS BOA SAÚDE. OBJETO: O presente instrumento tem por objeto a Fornecimento de livros literários visando o projeto de inclusão digital, conforme especificações do edital. DOTAÇÃO ORÇAMENTÁRIA: 10.302.0001.2001.33903900. VALOR: R$ 210.000,00.","Educação"
"MUNICÍPIO - SECRETARIA DE ADMINISTRAÇÃO. EXTRATO DE CONTRATO. Ref. Proc. PM-882/2023. PARTES: SECRETARIA MUNICIPAL DE INFRAESTRUTURA X CONSTRUTORA ALPHA LTDA. OBJETO: O presente instrumento tem por objeto a Prestação de serviços de manutenção em equipamentos para laboratório visando o projeto de inclusão digital, conforme especificações do edital. DOTAÇÃO ORÇAMENTÁRIA: 10.302.0001.2001.33903900. VALOR: R$ 210.000,00.","Educação"
"EXTRATO DE CONTRATO. PROCESSO INSTRUTIVO: 112233/2023. PARTES: FUNDO MUNICIPAL DE SAÚDE e DISTRIBUIDORA DE MEDICAMENTOS BOA SAÚDE. OBJETO: Registro de preços para aquisição de livros literários destinados às creches municipais. VALOR GLOBAL: R$ 1.250.000,00. FUNDAMENTO LEGAL: Lei 14.133/2021. ASSINATURA: 28/05/2026.","Educação"
"INEXIGIBILIDADE DE LICITAÇÃO Nº 175/2024 - PROCESSO: 0012.0034/2024. CONTRATANTE: SECRETARIA MUNICIPAL DE INFRAESTRUTURA. CONTRATADA: COMERCIAL DE ALIMENTOS UNIÃO EIRELI. OBJETO DO CONTRATO: Contratação de empresa para fornecimento de carteiras e cadeiras para a rede pública de ensino. VALOR: R$ 345.600,00. PRAZO DE VIGÊNCIA: 12 (doze) meses a partir da assinatura.","Educação"
"MUNICÍPIO - SECRETARIA DE ADMINISTRAÇÃO. PREGÃO ELETRÔNICO. Ref. Proc. 0012.0034/2024. PARTES: FUNDO MUNICIPAL DE SAÚDE X SERVIÇOS DE LIMPEZA BRASIL S/A. OBJETO: O presente instrumento tem por objeto a Contratação de empresa para fornecimento de kits de robótica visando o projeto de inclusão digital, conforme especificações do edital. DOTAÇÃO ORÇAMENTÁRIA: 10.302.0001.2001.33903900. VALOR: R$ 5.600.000,00.","Educação"
"EXTRATO DE TERMO ADITIVO. PROCESSO INSTRUTIVO: PM-882/2023. PARTES: FUNDO MUNICIPAL DE SAÚDE e DISTRIBUIDORA DE MEDICAMENTOS BOA SAÚDE. OBJETO: Contratação de empresa para fornecimento de livros literários para as unidades de educação infantil. VALOR GLOBAL: R$ 5.600.000,00. FUNDAMENTO LEGAL: Lei 14.133/2021. ASSINATURA: 11/06/2026.","Educação"
"EXTRATO DE TERMO ADITIVO. PROCESSO INSTRUTIVO: PM-882/2023. PARTES: FUNDO MUNICIPAL DE EDUCAÇÃO e COMERCIAL DE ALIMENTOS UNIÃO EIRELI. OBJETO: Aquisição de uniformes escolares para as unidades de educação infantil. VALOR GLOBAL: R$ 1.250.000,00. FUNDAMENTO LEGAL: art. 25, caput, da Lei 8.666/93. ASSINATURA: 21/05/2026.","Educação"
"AVISO DE LICITAÇÃO. PROCESSO INSTRUTIVO: 2023/00456. PARTES: FUNDO MUNICIPAL DE SAÚDE e COMERCIAL DE ALIMENTOS UNIÃO EIRELI. OBJETO: Registro de preços para aquisição de carteiras e cadeiras para as unidades de educação infantil. VALOR GLOBAL: R$ 5.600.000,00. FUNDAMENTO LEGAL: art. 24, inciso II, da Lei nº 8.666/93. ASSINATURA: 22/06/2026.","Educação"
"TERMO DE RATIFICAÇÃO DE DISPENSA DE LICITAÇÃO. Processo Administrativo nº 0012.0034/2024. Reconheço e ratifico a contratação de COMERCIAL DE ALIMENTOS UNIÃO EIRELI, inscrita no CNPJ sob nº 95.000.000/0001-00. Objeto: Fornecimento de kits de robótica destinados às creches municipais. Valor Estimado: R$ 210.000,00, com base na art. 25, caput, da Lei 8.666/93.","Educação"
"PREGÃO ELETRÔNICO. PROCESSO INSTRUTIVO: 0012.0034/2024. PARTES: MUNICÍPIO DE SÃO JOSÉ DOS CAMPOS e VIGILÂNCIA E SEGURANÇA PATRIMONIAL LTDA. OBJETO: Prestação de serviços de manutenção em materiais didáticos para atender as escolas municipais. VALOR GLOBAL: R$ 1.250.000,00. FUNDAMENTO LEGAL: art. 75, inciso II, da Lei nº 14.133/21. ASSINATURA: 02/08/2026.","Educação"
"MUNICÍPIO - SECRETARIA DE ADMINISTRAÇÃO. EXTRATO DE REGISTRO DE PREÇOS. Ref. Proc. PM-882/2023. PARTES: SECRETARIA MUNICIPAL DE INFRAESTRUTURA X ORGANIZAÇÃO SOCIAL ESPERANÇA. OBJETO: O presente instrumento tem por objeto a Contratação de empresa para fornecimento de carteiras e cadeiras para atender as escolas municipais, conforme especificações do edital. DOTAÇÃO ORÇAMENTÁRIA: 10.302.0001.2001.33903900. VALOR: R$ 345.600,00.","Educação"
"MUNICÍPIO - SECRETARIA DE ADMINISTRAÇÃO. DISPENSA DE LICITAÇÃO. Ref. Proc. 112233/2023. PARTES: PREFEITURA MUNICIPAL X ORGANIZAÇÃO SOCIAL ESPERANÇA. OBJETO: O presente instrumento tem por objeto a Contratação de empresa para fornecimento de lousas digitais destinados às creches municipais, conforme especificações do edital. DOTAÇÃO ORÇAMENTÁRIA: 10.302.0001.2001.33903900. VALOR: R$ 345.600,00.","Educação"
"TERMO DE RATIFICAÇÃO DE TOMADA DE PREÇOS. Processo Administrativo nº 2023/00456. Reconheço e ratifico a contratação de COMERCIAL DE ALIMENTOS UNIÃO EIRELI, inscrita no CNPJ sob nº 23.000.000/0001-00. Objeto: Locação de equipamentos para carteiras e cadeiras para a rede pública de ensino. Valor Estimado: R$ 45.900,00, com base na art. 75, inciso II, da Lei nº 14.133/21.","Educação"
"AVISO DE LICITAÇÃO Nº 418/2024 - PROCESSO: PMSC-098/24. CONTRATANTE: FUNDO MUNICIPAL DE EDUCAÇÃO. CONTRATADA: VIGILÂNCIA E SEGURANÇA PATRIMONIAL LTDA. OBJETO DO CONTRATO: Registro de preços para aquisição de materiais didáticos destinados às creches municipais. VALOR: R$ 15.400,00. PRAZO DE VIGÊNCIA: 12 (doze) meses a partir da assinatura.","Educação"
"MUNICÍPIO - SECRETARIA DE ADMINISTRAÇÃO. PREGÃO ELETRÔNICO. Ref. Proc. 2023/00456. PARTES: FUNDO MUNICIPAL DE EDUCAÇÃO X DISTRIBUIDORA DE MEDICAMENTOS BOA SAÚDE. OBJETO: O presente instrumento tem por objeto a Locação de equipamentos para uniformes escolares destinados às creches municipais, conforme especificações do edital. DOTAÇÃO ORÇAMENTÁRIA: 10.302.0001.2001.33903900. VALOR: R$ 5.600.000,00.","Educação"
"MUNICÍPIO - SECRETARIA DE ADMINISTRAÇÃO. PREGÃO ELETRÔNICO. Ref. Proc. PM-882/2023. PARTES: MUNICÍPIO DE SÃO JOSÉ DOS CAMPOS X DISTRIBUIDORA DE MEDICAMENTOS BOA SAÚDE. OBJETO: O presente instrumento tem por objeto a Contratação de empresa para fornecimento de notebooks e Chromebooks para as unidades de educação infantil, conforme especificações do edital. DOTAÇÃO ORÇAMENTÁRIA: 10.302.0001.2001.33903900. VALOR: R$ 45.900,00.","Educação"
"PREGÃO ELETRÔNICO Nº 300/2024 - PROCESSO: 2023/00456. CONTRATANTE: SECRETARIA MUNICIPAL DE INFRAESTRUTURA. CONTRATADA: VIGILÂNCIA E SEGURANÇA PATRIMONIAL LTDA. OBJETO DO CONTRATO: Registro de preços para aquisição de notebooks e Chromebooks para os alunos do ensino fundamental. VALOR: R$ 345.600,00. PRAZO DE VIGÊNCIA: 12 (doze) meses a partir da assinatura.","Educação"
"DISPENSA DE LICITAÇÃO. PROCESSO INSTRUTIVO: PM-882/2023. PARTES: SECRETARIA MUNICIPAL DE INFRAESTRUTURA e CONSTRUTORA ALPHA LTDA. OBJETO: Contratação de empresa para fornecimento de materiais didáticos para os alunos do ensino fundamental. VALOR GLOBAL: R$ 345.600,00. FUNDAMENTO LEGAL: art. 75, inciso II, da Lei nº 14.133/21. ASSINATURA: 26/05/2026.","Educação"
"MUNICÍPIO - SECRETARIA DE ADMINISTRAÇÃO. EXTRATO DE CONTRATO. Ref. Proc. 2024/09812. PARTES: FUNDO MUNICIPAL DE SAÚDE X CONSTRUTORA ALPHA LTDA. OBJETO: O presente instrumento tem por objeto a Locação de equipamentos para uniformes escolares para a Secretaria Municipal de Educação, conforme especificações do edital. DOTAÇÃO ORÇAMENTÁRIA: 10.302.0001.2001.33903900. VALOR: R$ 210.000,00.","Educação"
"DISPENSA DE LICITAÇÃO. PROCESSO INSTRUTIVO: PM-882/2023. PARTES: FUNDO MUNICIPAL DE SAÚDE e DISTRIBUIDORA DE MEDICAMENTOS BOA SAÚDE. OBJETO: Registro de preços para aquisição de notebooks e Chromebooks destinados às creches municipais. VALOR GLOBAL: R$ 5.600.000,00. FUNDAMENTO LEGAL: Lei 14.133/2021. ASSINATURA: 09/06/2026.","Educação"
"TERMO DE RATIFICAÇÃO DE INEXIGIBILIDADE DE LICITAÇÃO. Processo Administrativo nº PMSC-098/24. Reconheço e ratifico a contratação de TECNOLOGIA INTEGRADA LTDA, inscrita no CNPJ sob nº 33.000.000/0001-00. Objeto: Aquisição de kits de robótica visando o projeto de inclusão digital. Valor Estimado: R$ 45.900,00, com base na art. 24, inciso II, da Lei nº 8.666/93.","Educação"
"MUNICÍPIO - SECRETARIA DE ADMINISTRAÇÃO. INEXIGIBILIDADE DE LICITAÇÃO. Ref. Proc. 2023/00456. PARTES: SECRETARIA MUNICIPAL DE INFRAESTRUTURA X VIGILÂNCIA E SEGURANÇA PATRIMONIAL LTDA. OBJETO: O presente instrumento tem por objeto a Locação de equipamentos para merenda escolar para a rede pública de ensino, conforme especificações do edital. DOTAÇÃO ORÇAMENTÁRIA: 10.302.0001.2001.33903900. VALOR: R$ 89.000,00.","Educação"
"AVISO DE LICITAÇÃO. PROCESSO INSTRUTIVO: 112233/2023. PARTES: PREFEITURA MUNICIPAL e COMERCIAL DE ALIMENTOS UNIÃO EIRELI. OBJETO: Fornecimento de livros literários para a rede pública de ensino. VALOR GLOBAL: R$ 210.000,00. FUNDAMENTO LEGAL: art. 75, inciso II, da Lei nº 14.133/21. ASSINATURA: 04/06/2026.","Educação"
"MUNICÍPIO - SECRETARIA DE ADMINISTRAÇÃO. INEXIGIBILIDADE DE LICITAÇÃO. Ref. Proc. 2024/09812. PARTES: PREFEITURA MUNICIPAL X COMERCIAL DE ALIMENTOS UNIÃO EIRELI. OBJETO: O presente instrumento tem por objeto a Aquisição de equipamentos para laboratório para a rede pública de ensino, conforme especificações do edital. DOTAÇÃO ORÇAMENTÁRIA: 10.302.0001.2001.33903900. VALOR: R$ 5.600.000,00.","Educação"
"DISPENSA DE LICITAÇÃO Nº 453/2024 - PROCESSO: 112233/2023. CONTRATANTE: SECRETARIA MUNICIPAL DE INFRAESTRUTURA. CONTRATADA: VIGILÂNCIA E SEGURANÇA PATRIMONIAL LTDA. OBJETO DO CONTRATO: Aquisição de equipamentos para laboratório visando o projeto de inclusão digital. VALOR: R$ 45.900,00. PRAZO DE VIGÊNCIA: 12 (doze) meses a partir da assinatura.","Educação"
"MUNICÍPIO - SECRETARIA DE ADMINISTRAÇÃO. EXTRATO DE CONTRATO. Ref. Proc. 2023/00456. PARTES: SECRETARIA MUNICIPAL DE INFRAESTRUTURA X DISTRIBUIDORA DE MEDICAMENTOS BOA SAÚDE. OBJETO: O presente instrumento tem por objeto a Registro de preços para aquisição de mobiliário escolar para a Secretaria Municipal de Educação, conforme especificações do edital. DOTAÇÃO ORÇAMENTÁRIA: 10.302.0001.2001.33903900. VALOR: R$ 1.250.000,00.","Educação"
"PREGÃO ELETRÔNICO Nº 809/2024 - PROCESSO: 112233/2023. CONTRATANTE: FUNDO MUNICIPAL DE EDUCAÇÃO. CONTRATADA: ORGANIZAÇÃO SOCIAL ESPERANÇA. OBJETO DO CONTRATO: Registro de preços para aquisição de equipamentos para laboratório para a rede pública de ensino. VALOR: R$ 1.250.000,00. PRAZO DE VIGÊNCIA: 12 (doze) meses a partir da assinatura.","Educação"
"MUNICÍPIO - SECRETARIA DE ADMINISTRAÇÃO. PREGÃO ELETRÔNICO. Ref. Proc. 2024/09812. PARTES: SECRETARIA MUNICIPAL DE INFRAESTRUTURA X CONSTRUTORA ALPHA LTDA. OBJETO: O presente instrumento tem por objeto a Registro de preços para aquisição de mobiliário escolar para professores da rede pública, conforme especificações do edital. DOTAÇÃO ORÇAMENTÁRIA: 10.302.0001.2001.33903900. VALOR: R$ 45.900,00.","Educação"
"TERMO DE RATIFICAÇÃO DE EXTRATO DE CONTRATO. Processo Administrativo nº PM-882/2023. Reconheço e ratifico a contratação de TECNOLOGIA INTEGRADA LTDA, inscrita no CNPJ sob nº 22.000.000/0001-00. Objeto: Fornecimento de notebooks e Chromebooks para atender as escolas municipais. Valor Estimado: R$ 89.000,00, com base na art. 75, inciso II, da Lei nº 14.133/21.","Educação"
"TOMADA DE PREÇOS. PROCESSO INSTRUTIVO: PM-882/2023. PARTES: MUNICÍPIO DE SÃO JOSÉ DOS CAMPOS e CONSTRUTORA ALPHA LTDA. OBJETO: Fornecimento de lousas digitais destinados às creches municipais. VALOR GLOBAL: R$ 1.250.000,00. FUNDAMENTO LEGAL: Lei 14.133/2021. ASSINATURA: 19/06/2026.","Educação"
"DISPENSA DE LICITAÇÃO Nº 251/2024 - PROCESSO: PM-882/2023. CONTRATANTE: FUNDO MUNICIPAL DE EDUCAÇÃO. CONTRATADA: VIGILÂNCIA E SEGURANÇA PATRIMONIAL LTDA. OBJETO DO CONTRATO: Aquisição de merenda escolar para os alunos do ensino fundamental. VALOR: R$ 89.000,00. PRAZO DE VIGÊNCIA: 12 (doze) meses a partir da assinatura.","Educação"
"PREGÃO ELETRÔNICO Nº 854/2024 - PROCESSO: 2023/00456. CONTRATANTE: FUNDO MUNICIPAL DE EDUCAÇÃO. CONTRATADA: CONSTRUTORA ALPHA LTDA. OBJETO DO CONTRATO: Prestação de serviços de manutenção em materiais didáticos para as unidades de educação infantil. VALOR: R$ 15.400,00. PRAZO DE VIGÊNCIA: 12 (doze) meses a partir da assinatura.","Educação"
"TERMO DE RATIFICAÇÃO DE EXTRATO DE REGISTRO DE PREÇOS. Processo Administrativo nº PM-882/2023. Reconheço e ratifico a contratação de CONSTRUTORA ALPHA LTDA, inscrita no CNPJ sob nº 19.000.000/0001-00. Objeto: Prestação de serviços de manutenção em notebooks e Chromebooks para a rede pública de ensino. Valor Estimado: R$ 15.400,00, com base na art. 75, inciso II, da Lei nº 14.133/21.","Educação"
"EXTRATO DE CONTRATO. PROCESSO INSTRUTIVO: PMSC-098/24. PARTES: MUNICÍPIO DE SÃO JOSÉ DOS CAMPOS e ORGANIZAÇÃO SOCIAL ESPERANÇA. OBJETO: Locação de equipamentos para mobiliário escolar para a Secretaria Municipal de Educação. VALOR GLOBAL: R$ 45.900,00. FUNDAMENTO LEGAL: art. 75, inciso II, da Lei nº 14.133/21. ASSINATURA: 29/07/2026.","Educação"
"INEXIGIBILIDADE DE LICITAÇÃO. PROCESSO INSTRUTIVO: 112233/2023. PARTES: FUNDO MUNICIPAL DE EDUCAÇÃO e SERVIÇOS DE LIMPEZA BRASIL S/A. OBJETO: Registro de preços para aquisição de merenda escolar para a Secretaria Municipal de Educação. VALOR GLOBAL: R$ 345.600,00. FUNDAMENTO LEGAL: art. 75, inciso II, da Lei nº 14.133/21. ASSINATURA: 12/05/2026.","Educação"
"MUNICÍPIO - SECRETARIA DE ADMINISTRAÇÃO. EXTRATO DE TERMO ADITIVO. Ref. Proc. 112233/2023. PARTES: MUNICÍPIO DE SÃO JOSÉ DOS CAMPOS X DISTRIBUIDORA DE MEDICAMENTOS BOA SAÚDE. OBJETO: O presente instrumento tem por objeto a Locação de equipamentos para equipamentos para laboratório para a Secretaria Municipal de Educação, conforme especificações do edital. DOTAÇÃO ORÇAMENTÁRIA: 10.302.0001.2001.33903900. VALOR: R$ 45.900,00.","Educação"
"EXTRATO DE REGISTRO DE PREÇOS Nº 580/2024 - PROCESSO: PMSC-098/24. CONTRATANTE: FUNDO MUNICIPAL DE EDUCAÇÃO. CONTRATADA: VIGILÂNCIA E SEGURANÇA PATRIMONIAL LTDA. OBJETO DO CONTRATO: Locação de equipamentos para kits de robótica para atender as escolas municipais. VALOR: R$ 1.250.000,00. PRAZO DE VIGÊNCIA: 12 (doze) meses a partir da assinatura.","Educação"
"TERMO DE RATIFICAÇÃO DE EXTRATO DE CONTRATO. Processo Administrativo nº 2023/00456. Reconheço e ratifico a contratação de DISTRIBUIDORA DE MEDICAMENTOS BOA SAÚDE, inscrita no CNPJ sob nº 57.000.000/0001-00. Objeto: Fornecimento de mobiliário escolar para a rede pública de ensino. Valor Estimado: R$ 5.600.000,00, com base na Lei 14.133/2021.","Educação"
"MUNICÍPIO - SECRETARIA DE ADMINISTRAÇÃO. EXTRATO DE REGISTRO DE PREÇOS. Ref. Proc. 2024/09812. PARTES: SECRETARIA MUNICIPAL DE INFRAESTRUTURA X COMERCIAL DE ALIMENTOS UNIÃO EIRELI. OBJETO: O presente instrumento tem por objeto a Fornecimento de notebooks e Chromebooks para as unidades de educação infantil, conforme especificações do edital. DOTAÇÃO ORÇAMENTÁRIA: 10.302.0001.2001.33903900. VALOR: R$ 1.250.000,00.","Educação"
"EXTRATO DE TERMO ADITIVO. PROCESSO INSTRUTIVO: 0012.0034/2024. PARTES: SECRETARIA MUNICIPAL DE INFRAESTRUTURA e VIGILÂNCIA E SEGURANÇA PATRIMONIAL LTDA. OBJETO: Prestação de serviços de manutenção em livros literários para os alunos do ensino fundamental. VALOR GLOBAL: R$ 210.000,00. FUNDAMENTO LEGAL: art. 24, inciso II, da Lei nº 8.666/93. ASSINATURA: 05/05/2026.","Educação"
"INEXIGIBILIDADE DE LICITAÇÃO Nº 571/2024 - PROCESSO: 2023/00456. CONTRATANTE: FUNDO MUNICIPAL DE SAÚDE. CONTRATADA: VIGILÂNCIA E SEGURANÇA PATRIMONIAL LTDA. OBJETO DO CONTRATO: Prestação de serviços de manutenção em mobiliário escolar destinados às creches municipais. VALOR: R$ 1.250.000,00. PRAZO DE VIGÊNCIA: 12 (doze) meses a partir da assinatura.","Educação"
"PREGÃO ELETRÔNICO Nº 626/2024 - PROCESSO: PMSC-098/24. CONTRATANTE: FUNDO MUNICIPAL DE EDUCAÇÃO. CONTRATADA: TECNOLOGIA INTEGRADA LTDA. OBJETO DO CONTRATO: Locação de equipamentos para equipamentos para laboratório para as unidades de educação infantil. VALOR: R$ 1.250.000,00. PRAZO DE VIGÊNCIA: 12 (doze) meses a partir da assinatura.","Educação"
"EXTRATO DE REGISTRO DE PREÇOS Nº 160/2024 - PROCESSO: 2023/00456. CONTRATANTE: FUNDO MUNICIPAL DE EDUCAÇÃO. CONTRATADA: COMERCIAL DE ALIMENTOS UNIÃO EIRELI. OBJETO DO CONTRATO: Contratação de empresa para fornecimento de notebooks e Chromebooks visando o projeto de inclusão digital. VALOR: R$ 210.000,00. PRAZO DE VIGÊNCIA: 12 (doze) meses a partir da assinatura.","Educação"
"DISPENSA DE LICITAÇÃO Nº 440/2024 - PROCESSO: 0012.0034/2024. CONTRATANTE: FUNDO MUNICIPAL DE EDUCAÇÃO. CONTRATADA: SERVIÇOS DE LIMPEZA BRASIL S/A. OBJETO DO CONTRATO: Registro de preços para aquisição de merenda escolar para os alunos do ensino fundamental. VALOR: R$ 89.000,00. PRAZO DE VIGÊNCIA: 12 (doze) meses a partir da assinatura.","Educação"
"AVISO DE LICITAÇÃO. PROCESSO INSTRUTIVO: 2023/00456. PARTES: FUNDO MUNICIPAL DE SAÚDE e TECNOLOGIA INTEGRADA LTDA. OBJETO: Fornecimento de mobiliário escolar para as unidades de educação infantil. VALOR GLOBAL: R$ 1.250.000,00. FUNDAMENTO LEGAL: art. 24, inciso II, da Lei nº 8.666/93. ASSINATURA: 01/05/2026.","Educação"
"INEXIGIBILIDADE DE LICITAÇÃO. PROCESSO INSTRUTIVO: 2023/00456. PARTES: MUNICÍPIO DE SÃO JOSÉ DOS CAMPOS e VIGILÂNCIA E SEGURANÇA PATRIMONIAL LTDA. OBJETO: Registro de preços para aquisição de equipamentos para laboratório para as unidades de educação infantil. VALOR GLOBAL: R$ 1.250.000,00. FUNDAMENTO LEGAL: art. 24, inciso II, da Lei nº 8.666/93. ASSINATURA: 02/07/2026.","Educação"
"EXTRATO DE TERMO ADITIVO Nº 31/2024 - PROCESSO: 112233/2023. CONTRATANTE: FUNDO MUNICIPAL DE SAÚDE. CONTRATADA: COMERCIAL DE ALIMENTOS UNIÃO EIRELI. OBJETO DO CONTRATO: Contratação de empresa para fornecimento de mobiliário escolar visando o projeto de inclusão digital. VALOR: R$ 5.600.000,00. PRAZO DE VIGÊNCIA: 12 (doze) meses a partir da assinatura.","Educação"
"TERMO DE RATIFICAÇÃO DE EXTRATO DE REGISTRO DE PREÇOS. Processo Administrativo nº 2023/00456. Reconheço e ratifico a contratação de SERVIÇOS DE LIMPEZA BRASIL S/A, inscrita no CNPJ sob nº 26.000.000/0001-00. Objeto: Aquisição de carteiras e cadeiras para os alunos do ensino fundamental. Valor Estimado: R$ 89.000,00, com base na Lei 14.133/2021.","Educação"
"TERMO DE RATIFICAÇÃO DE EXTRATO DE REGISTRO DE PREÇOS. Processo Administrativo nº 112233/2023. Reconheço e ratifico a contratação de TECNOLOGIA INTEGRADA LTDA, inscrita no CNPJ sob nº 44.000.000/0001-00. Objeto: Registro de preços para aquisição de equipamentos para laboratório para a Secretaria Municipal de Educação. Valor Estimado: R$ 89.000,00, com base na art. 75, inciso II, da Lei nº 14.133/21.","Educação"
"DISPENSA DE LICITAÇÃO. PROCESSO INSTRUTIVO: 112233/2023. PARTES: FUNDO MUNICIPAL DE EDUCAÇÃO e SERVIÇOS DE LIMPEZA BRASIL S/A. OBJETO: Aquisição de mobiliário escolar para professores da rede pública. VALOR GLOBAL: R$ 210.000,00. FUNDAMENTO LEGAL: art. 24, inciso II, da Lei nº 8.666/93. ASSINATURA: 17/06/2026.","Educação"
"MUNICÍPIO - SECRETARIA DE ADMINISTRAÇÃO. EXTRATO DE REGISTRO DE PREÇOS. Ref. Proc. 112233/2023. PARTES: MUNICÍPIO DE SÃO JOSÉ DOS CAMPOS X VIGILÂNCIA E SEGURANÇA PATRIMONIAL LTDA. OBJETO: O presente instrumento tem por objeto a Registro de preços para aquisição de notebooks e Chromebooks visando o projeto de inclusão digital, conforme especificações do edital. DOTAÇÃO ORÇAMENTÁRIA: 10.302.0001.2001.33903900. VALOR: R$ 345.600,00.","Educação"
"EXTRATO DE CONTRATO Nº 409/2024 - PROCESSO: 112233/2023. CONTRATANTE: PREFEITURA MUNICIPAL. CONTRATADA: DISTRIBUIDORA DE MEDICAMENTOS BOA SAÚDE. OBJETO DO CONTRATO: Fornecimento de materiais didáticos para professores da rede pública. VALOR: R$ 89.000,00. PRAZO DE VIGÊNCIA: 12 (doze) meses a partir da assinatura.","Educação"
"EXTRATO DE REGISTRO DE PREÇOS Nº 191/2024 - PROCESSO: PM-882/2023. CONTRATANTE: FUNDO MUNICIPAL DE EDUCAÇÃO. CONTRATADA: SERVIÇOS DE LIMPEZA BRASIL S/A. OBJETO DO CONTRATO: Prestação de serviços de manutenção em notebooks e Chromebooks para os alunos do ensino fundamental. VALOR: R$ 345.600,00. PRAZO DE VIGÊNCIA: 12 (doze) meses a partir da assinatura.","Educação"
"PREGÃO ELETRÔNICO. PROCESSO INSTRUTIVO: 2024/09812. PARTES: FUNDO MUNICIPAL DE SAÚDE e TECNOLOGIA INTEGRADA LTDA. OBJETO: Prestação de serviços de manutenção em merenda escolar para a rede pública de ensino. VALOR GLOBAL: R$ 1.250.000,00. FUNDAMENTO LEGAL: art. 25, caput, da Lei 8.666/93. ASSINATURA: 28/07/2026.","Educação"
"MUNICÍPIO - SECRETARIA DE ADMINISTRAÇÃO. DISPENSA DE LICITAÇÃO. Ref. Proc. PM-882/2023. PARTES: PREFEITURA MUNICIPAL X VIGILÂNCIA E SEGURANÇA PATRIMONIAL LTDA. OBJETO: O presente instrumento tem por objeto a Aquisição de mobiliário escolar para as unidades de educação infantil, conforme especificações do edital. DOTAÇÃO ORÇAMENTÁRIA: 10.302.0001.2001.33903900. VALOR: R$ 210.000,00.","Educação"
"EXTRATO DE CONTRATO Nº 517/2024 - PROCESSO: 2024/09812. CONTRATANTE: PREFEITURA MUNICIPAL. CONTRATADA: CONSTRUTORA ALPHA LTDA. OBJETO DO CONTRATO: Aquisição de mobiliário escolar para atender as escolas municipais. VALOR: R$ 15.400,00. PRAZO DE VIGÊNCIA: 12 (doze) meses a partir da assinatura.","Educação"
"TERMO DE RATIFICAÇÃO DE DISPENSA DE LICITAÇÃO. Processo Administrativo nº PMSC-098/24. Reconheço e ratifico a contratação de DISTRIBUIDORA DE MEDICAMENTOS BOA SAÚDE, inscrita no CNPJ sob nº 44.000.000/0001-00. Objeto: Contratação de empresa para fornecimento de materiais didáticos para a rede pública de ensino. Valor Estimado: R$ 15.400,00, com base na art. 24, inciso II, da Lei nº 8.666/93.","Educação"
"TERMO DE RATIFICAÇÃO DE PREGÃO ELETRÔNICO. Processo Administrativo nº 112233/2023. Reconheço e ratifico a contratação de CONSTRUTORA ALPHA LTDA, inscrita no CNPJ sob nº 74.000.000/0001-00. Objeto: Aquisição de livros literários para professores da rede pública. Valor Estimado: R$ 45.900,00, com base na Lei 14.133/2021.","Educação"
"INEXIGIBILIDADE DE LICITAÇÃO. PROCESSO INSTRUTIVO: 0012.0034/2024. PARTES: FUNDO MUNICIPAL DE EDUCAÇÃO e SERVIÇOS DE LIMPEZA BRASIL S/A. OBJETO: Aquisição de lousas digitais para as unidades de educação infantil. VALOR GLOBAL: R$ 1.250.000,00. FUNDAMENTO LEGAL: Lei 14.133/2021. ASSINATURA: 04/08/2026.","Educação"
"AVISO DE LICITAÇÃO. PROCESSO INSTRUTIVO: PM-882/2023. PARTES: SECRETARIA MUNICIPAL DE INFRAESTRUTURA e TECNOLOGIA INTEGRADA LTDA. OBJETO: Contratação de empresa para fornecimento de livros literários para professores da rede pública. VALOR GLOBAL: R$ 5.600.000,00. FUNDAMENTO LEGAL: art. 25, caput, da Lei 8.666/93. ASSINATURA: 06/06/2026.","Educação"
"EXTRATO DE CONTRATO Nº 734/2024 - PROCESSO: PM-882/2023. CONTRATANTE: FUNDO MUNICIPAL DE SAÚDE. CONTRATADA: VIGILÂNCIA E SEGURANÇA PATRIMONIAL LTDA. OBJETO DO CONTRATO: Contratação de empresa para fornecimento de notebooks e Chromebooks para atender as escolas municipais. VALOR: R$ 345.600,00. PRAZO DE VIGÊNCIA: 12 (doze) meses a partir da assinatura.","Educação"
"EXTRATO DE REGISTRO DE PREÇOS Nº 116/2024 - PROCESSO: 0012.0034/2024. CONTRATANTE: PREFEITURA MUNICIPAL. CONTRATADA: DISTRIBUIDORA DE MEDICAMENTOS BOA SAÚDE. OBJETO DO CONTRATO: Locação de equipamentos para notebooks e Chromebooks para a rede pública de ensino. VALOR: R$ 15.400,00. PRAZO DE VIGÊNCIA: 12 (doze) meses a partir da assinatura.","Educação"
"TOMADA DE PREÇOS Nº 400/2024 - PROCESSO: PM-882/2023. CONTRATANTE: FUNDO MUNICIPAL DE SAÚDE. CONTRATADA: CONSTRUTORA ALPHA LTDA. OBJETO DO CONTRATO: Aquisição de uniformes escolares destinados às creches municipais. VALOR: R$ 210.000,00. PRAZO DE VIGÊNCIA: 12 (doze) meses a partir da assinatura.","Educação"
"EXTRATO DE REGISTRO DE PREÇOS. PROCESSO INSTRUTIVO: 112233/2023. PARTES: FUNDO MUNICIPAL DE EDUCAÇÃO e ORGANIZAÇÃO SOCIAL ESPERANÇA. OBJETO: Aquisição de materiais didáticos destinados às creches municipais. VALOR GLOBAL: R$ 1.250.000,00. FUNDAMENTO LEGAL: Lei 14.133/2021. ASSINATURA: 19/05/2026.","Educação"
"MUNICÍPIO - SECRETARIA DE ADMINISTRAÇÃO. TOMADA DE PREÇOS. Ref. Proc. PMSC-098/24. PARTES: SECRETARIA MUNICIPAL DE INFRAESTRUTURA X DISTRIBUIDORA DE MEDICAMENTOS BOA SAÚDE. OBJETO: O presente instrumento tem por objeto a Prestação de serviços de manutenção em mobiliário escolar visando o projeto de inclusão digital, conforme especificações do edital. DOTAÇÃO ORÇAMENTÁRIA: 10.302.0001.2001.33903900. VALOR: R$ 5.600.000,00.","Educação"
"TERMO DE RATIFICAÇÃO DE EXTRATO DE TERMO ADITIVO. Processo Administrativo nº 2023/00456. Reconheço e ratifico a contratação de SERVIÇOS DE LIMPEZA BRASIL S/A, inscrita no CNPJ sob nº 67.000.000/0001-00. Objeto: Registro de preços para aquisição de equipamentos para laboratório visando o projeto de inclusão digital. Valor Estimado: R$ 345.600,00, com base na Lei 14.133/2021.","Educação"
"EXTRATO DE CONTRATO. PROCESSO INSTRUTIVO: 112233/2023. PARTES: FUNDO MUNICIPAL DE SAÚDE e CONSTRUTORA ALPHA LTDA. OBJETO: Aquisição de lousas digitais para professores da rede pública. VALOR GLOBAL: R$ 210.000,00. FUNDAMENTO LEGAL: art. 24, inciso II, da Lei nº 8.666/93. ASSINATURA: 16/07/2026.","Educação"
"PREGÃO ELETRÔNICO. PROCESSO INSTRUTIVO: 2024/09812. PARTES: FUNDO MUNICIPAL DE SAÚDE e SERVIÇOS DE LIMPEZA BRASIL S/A. OBJETO: Prestação de serviços de manutenção em carteiras e cadeiras para a rede pública de ensino. VALOR GLOBAL: R$ 1.250.000,00. FUNDAMENTO LEGAL: art. 25, caput, da Lei 8.666/93. ASSINATURA: 16/05/2026.","Educação"
"DISPENSA DE LICITAÇÃO. PROCESSO INSTRUTIVO: 2024/09812. PARTES: FUNDO MUNICIPAL DE EDUCAÇÃO e ORGANIZAÇÃO SOCIAL ESPERANÇA. OBJETO: Locação de equipamentos para merenda escolar visando o projeto de inclusão digital. VALOR GLOBAL: R$ 210.000,00. FUNDAMENTO LEGAL: art. 75, inciso II, da Lei nº 14.133/21. ASSINATURA: 31/05/2026.","Educação"
"MUNICÍPIO - SECRETARIA DE ADMINISTRAÇÃO. TOMADA DE PREÇOS. Ref. Proc. 0012.0034/2024. PARTES: FUNDO MUNICIPAL DE EDUCAÇÃO X TECNOLOGIA INTEGRADA LTDA. OBJETO: O presente instrumento tem por objeto a Prestação de serviços de manutenção em merenda escolar visando o projeto de inclusão digital, conforme especificações do edital. DOTAÇÃO ORÇAMENTÁRIA: 10.302.0001.2001.33903900. VALOR: R$ 89.000,00.","Educação"
"EXTRATO DE CONTRATO Nº 930/2024 - PROCESSO: PM-882/2023. CONTRATANTE: FUNDO MUNICIPAL DE EDUCAÇÃO. CONTRATADA: SERVIÇOS DE LIMPEZA BRASIL S/A. OBJETO DO CONTRATO: Fornecimento de mobiliário escolar para atender as escolas municipais. VALOR: R$ 345.600,00. PRAZO DE VIGÊNCIA: 12 (doze) meses a partir da assinatura.","Educação"
"MUNICÍPIO - SECRETARIA DE ADMINISTRAÇÃO. EXTRATO DE CONTRATO. Ref. Proc. 112233/2023. PARTES: PREFEITURA MUNICIPAL X ORGANIZAÇÃO SOCIAL ESPERANÇA. OBJETO: O presente instrumento tem por objeto a Locação de equipamentos para kits de robótica para os alunos do ensino fundamental, conforme especificações do edital. DOTAÇÃO ORÇAMENTÁRIA: 10.302.0001.2001.33903900. VALOR: R$ 345.600,00.","Educação"
"TOMADA DE PREÇOS. PROCESSO INSTRUTIVO: 2023/00456. PARTES: FUNDO MUNICIPAL DE EDUCAÇÃO e DISTRIBUIDORA DE MEDICAMENTOS BOA SAÚDE. OBJETO: Prestação de serviços de manutenção em livros literários para a rede pública de ensino. VALOR GLOBAL: R$ 5.600.000,00. FUNDAMENTO LEGAL: art. 75, inciso II, da Lei nº 14.133/21. ASSINATURA: 08/06/2026.","Educação"
"TOMADA DE PREÇOS. PROCESSO INSTRUTIVO: PMSC-098/24. PARTES: SECRETARIA MUNICIPAL DE INFRAESTRUTURA e DISTRIBUIDORA DE MEDICAMENTOS BOA SAÚDE. OBJETO: Fornecimento de uniformes escolares para professores da rede pública. VALOR GLOBAL: R$ 1.250.000,00. FUNDAMENTO LEGAL: art. 25, caput, da Lei 8.666/93. ASSINATURA: 04/07/2026.","Educação"
"TERMO DE RATIFICAÇÃO DE EXTRATO DE REGISTRO DE PREÇOS. Processo Administrativo nº PM-882/2023. Reconheço e ratifico a contratação de COMERCIAL DE ALIMENTOS UNIÃO EIRELI, inscrita no CNPJ sob nº 62.000.000/0001-00. Objeto: Fornecimento de carteiras e cadeiras para as unidades de educação infantil. Valor Estimado: R$ 89.000,00, com base na art. 24, inciso II, da Lei nº 8.666/93.","Educação"
"EXTRATO DE REGISTRO DE PREÇOS. PROCESSO INSTRUTIVO: PMSC-098/24. PARTES: PREFEITURA MUNICIPAL e SERVIÇOS DE LIMPEZA BRASIL S/A. OBJETO: Prestação de serviços de manutenção em carteiras e cadeiras destinados às creches municipais. VALOR GLOBAL: R$ 89.000,00. FUNDAMENTO LEGAL: art. 75, inciso II, da Lei nº 14.133/21. ASSINATURA: 29/05/2026.","Educação"
"PREGÃO ELETRÔNICO. PROCESSO INSTRUTIVO: PMSC-098/24. PARTES: SECRETARIA MUNICIPAL DE INFRAESTRUTURA e SERVIÇOS DE LIMPEZA BRASIL S/A. OBJETO: Fornecimento de kits de robótica para a Secretaria Municipal de Educação. VALOR GLOBAL: R$ 345.600,00. FUNDAMENTO LEGAL: Lei 14.133/2021. ASSINATURA: 26/06/2026.","Educação"
"EXTRATO DE TERMO ADITIVO. PROCESSO INSTRUTIVO: PM-882/2023. PARTES: FUNDO MUNICIPAL DE EDUCAÇÃO e ORGANIZAÇÃO SOCIAL ESPERANÇA. OBJETO: Fornecimento de uniformes escolares visando o projeto de inclusão digital. VALOR GLOBAL: R$ 45.900,00. FUNDAMENTO LEGAL: art. 24, inciso II, da Lei nº 8.666/93. ASSINATURA: 07/05/2026.","Educação"
"EXTRATO DE CONTRATO Nº 497/2024 - PROCESSO: PMSC-098/24. CONTRATANTE: FUNDO MUNICIPAL DE EDUCAÇÃO. CONTRATADA: ORGANIZAÇÃO SOCIAL ESPERANÇA. OBJETO DO CONTRATO: Prestação de serviços de manutenção em notebooks e Chromebooks visando o projeto de inclusão digital. VALOR: R$ 45.900,00. PRAZO DE VIGÊNCIA: 12 (doze) meses a partir da assinatura.","Educação"
"DISPENSA DE LICITAÇÃO. PROCESSO INSTRUTIVO: 112233/2023. PARTES: MUNICÍPIO DE SÃO JOSÉ DOS CAMPOS e DISTRIBUIDORA DE MEDICAMENTOS BOA SAÚDE. OBJETO: Prestação de serviços de manutenção em equipamentos para laboratório para a rede pública de ensino. VALOR GLOBAL: R$ 45.900,00. FUNDAMENTO LEGAL: art. 75, inciso II, da Lei nº 14.133/21. ASSINATURA: 24/05/2026.","Educação"
"TERMO DE RATIFICAÇÃO DE INEXIGIBILIDADE DE LICITAÇÃO. Processo Administrativo nº PMSC-098/24. Reconheço e ratifico a contratação de DISTRIBUIDORA DE MEDICAMENTOS BOA SAÚDE, inscrita no CNPJ sob nº 19.000.000/0001-00. Objeto: Prestação de serviços de manutenção em uniformes escolares para a Secretaria Municipal de Educação. Valor Estimado: R$ 15.400,00, com base na art. 24, inciso II, da Lei nº 8.666/93.","Educação"
"TERMO DE RATIFICAÇÃO DE AVISO DE LICITAÇÃO. Processo Administrativo nº 2024/09812. Reconheço e ratifico a contratação de VIGILÂNCIA E SEGURANÇA PATRIMONIAL LTDA, inscrita no CNPJ sob nº 69.000.000/0001-00. Objeto: Contratação de empresa para fornecimento de merenda escolar para os alunos do ensino fundamental. Valor Estimado: R$ 45.900,00, com base na art. 25, caput, da Lei 8.666/93.","Educação"
"TOMADA DE PREÇOS Nº 447/2024 - PROCESSO: 2023/00456. CONTRATANTE: FUNDO MUNICIPAL DE EDUCAÇÃO. CONTRATADA: SERVIÇOS DE LIMPEZA BRASIL S/A. OBJETO DO CONTRATO: Fornecimento de livros literários para atender as escolas municipais. VALOR: R$ 15.400,00. PRAZO DE VIGÊNCIA: 12 (doze) meses a partir da assinatura.","Educação"
"MUNICÍPIO - SECRETARIA DE ADMINISTRAÇÃO. AVISO DE LICITAÇÃO. Ref. Proc. PMSC-098/24. PARTES: SECRETARIA MUNICIPAL DE INFRAESTRUTURA X SERVIÇOS DE LIMPEZA BRASIL S/A. OBJETO: O presente instrumento tem por objeto a Registro de preços para aquisição de carteiras e cadeiras para a rede pública de ensino, conforme especificações do edital. DOTAÇÃO ORÇAMENTÁRIA: 10.302.0001.2001.33903900. VALOR: R$ 210.000,00.","Educação"
"EXTRATO DE TERMO ADITIVO Nº 199/2024 - PROCESSO: PM-882/2023. CONTRATANTE: FUNDO MUNICIPAL DE EDUCAÇÃO. CONTRATADA: DISTRIBUIDORA DE MEDICAMENTOS BOA SAÚDE. OBJETO DO CONTRATO: Registro de preços para aquisição de materiais didáticos visando o projeto de inclusão digital. VALOR: R$ 15.400,00. PRAZO DE VIGÊNCIA: 12 (doze) meses a partir da assinatura.","Educação"
"EXTRATO DE CONTRATO. PROCESSO INSTRUTIVO: 2024/09812. PARTES: FUNDO MUNICIPAL DE EDUCAÇÃO e COMERCIAL DE ALIMENTOS UNIÃO EIRELI. OBJETO: Aquisição de mobiliário escolar para os alunos do ensino fundamental. VALOR GLOBAL: R$ 345.600,00. FUNDAMENTO LEGAL: art. 24, inciso II, da Lei nº 8.666/93. ASSINATURA: 06/06/2026.","Educação"
"EXTRATO DE CONTRATO Nº 733/2024 - PROCESSO: 0012.0034/2024. CONTRATANTE: PREFEITURA MUNICIPAL. CONTRATADA: DISTRIBUIDORA DE MEDICAMENTOS BOA SAÚDE. OBJETO DO CONTRATO: Contratação de empresa para fornecimento de materiais didáticos para atender as escolas municipais. VALOR: R$ 210.000,00. PRAZO DE VIGÊNCIA: 12 (doze) meses a partir da assinatura.","Educação"
"MUNICÍPIO - SECRETARIA DE ADMINISTRAÇÃO. DISPENSA DE LICITAÇÃO. Ref. Proc. PM-882/2023. PARTES: PREFEITURA MUNICIPAL X VIGILÂNCIA E SEGURANÇA PATRIMONIAL LTDA. OBJETO: O presente instrumento tem por objeto a Aquisição de aluguel social para a população em situação de rua, conforme especificações do edital. DOTAÇÃO ORÇAMENTÁRIA: 10.302.0001.2001.33903900. VALOR: R$ 5.600.000,00.","Assistência Social"
"MUNICÍPIO - SECRETARIA DE ADMINISTRAÇÃO. TOMADA DE PREÇOS. Ref. Proc. PMSC-098/24. PARTES: FUNDO MUNICIPAL DE SAÚDE X COMERCIAL DE ALIMENTOS UNIÃO EIRELI. OBJETO: O presente instrumento tem por objeto a Registro de preços para o fornecimento de refeições para população em situação de rua visando o enfrentamento da pobreza, conforme especificações do edital. DOTAÇÃO ORÇAMENTÁRIA: 10.302.0001.2001.33903900. VALOR: R$ 45.900,00.","Assistência Social"
"TERMO DE RATIFICAÇÃO DE EXTRATO DE REGISTRO DE PREÇOS. Processo Administrativo nº PMSC-098/24. Reconheço e ratifico a contratação de COMERCIAL DE ALIMENTOS UNIÃO EIRELI, inscrita no CNPJ sob nº 93.000.000/0001-00. Objeto: Locação de espaço para aluguel social atendendo ao Centro de Referência de Assistência Social (CRAS). Valor Estimado: R$ 45.900,00, com base na art. 24, inciso II, da Lei nº 8.666/93.","Assistência Social"
"EXTRATO DE TERMO ADITIVO. PROCESSO INSTRUTIVO: 112233/2023. PARTES: PREFEITURA MUNICIPAL e VIGILÂNCIA E SEGURANÇA PATRIMONIAL LTDA. OBJETO: Aquisição de aluguel social para o Fundo Municipal de Assistência Social. VALOR GLOBAL: R$ 89.000,00. FUNDAMENTO LEGAL: art. 24, inciso II, da Lei nº 8.666/93. ASSINATURA: 29/06/2026.","Assistência Social"
"TOMADA DE PREÇOS. PROCESSO INSTRUTIVO: 2024/09812. PARTES: FUNDO MUNICIPAL DE SAÚDE e ORGANIZAÇÃO SOCIAL ESPERANÇA. OBJETO: Registro de preços para o fornecimento de fraldas geriátricas para famílias em situação de vulnerabilidade. VALOR GLOBAL: R$ 1.250.000,00. FUNDAMENTO LEGAL: art. 75, inciso II, da Lei nº 14.133/21. ASSINATURA: 01/07/2026.","Assistência Social"
"TERMO DE RATIFICAÇÃO DE EXTRATO DE CONTRATO. Processo Administrativo nº PM-882/2023. Reconheço e ratifico a contratação de VIGILÂNCIA E SEGURANÇA PATRIMONIAL LTDA, inscrita no CNPJ sob nº 96.000.000/0001-00. Objeto: Prestação de serviços urnas funerárias para famílias em situação de vulnerabilidade. Valor Estimado: R$ 1.250.000,00, com base na art. 24, inciso II, da Lei nº 8.666/93.","Assistência Social"
"INEXIGIBILIDADE DE LICITAÇÃO Nº 871/2024 - PROCESSO: PM-882/2023. CONTRATANTE: FUNDO MUNICIPAL DE SAÚDE. CONTRATADA: VIGILÂNCIA E SEGURANÇA PATRIMONIAL LTDA. OBJETO DO CONTRATO: Aquisição de cestas básicas para o Fundo Municipal de Assistência Social. VALOR: R$ 1.250.000,00. PRAZO DE VIGÊNCIA: 12 (doze) meses a partir da assinatura.","Assistência Social"
"TOMADA DE PREÇOS. PROCESSO INSTRUTIVO: 2023/00456. PARTES: FUNDO MUNICIPAL DE SAÚDE e COMERCIAL DE ALIMENTOS UNIÃO EIRELI. OBJETO: Fornecimento de atendimento psicossocial para o Fundo Municipal de Assistência Social. VALOR GLOBAL: R$ 1.250.000,00. FUNDAMENTO LEGAL: art. 25, caput, da Lei 8.666/93. ASSINATURA: 30/04/2026.","Assistência Social"
"MUNICÍPIO - SECRETARIA DE ADMINISTRAÇÃO. TOMADA DE PREÇOS. Ref. Proc. 2023/00456. PARTES: FUNDO MUNICIPAL DE EDUCAÇÃO X SERVIÇOS DE LIMPEZA BRASIL S/A. OBJETO: O presente instrumento tem por objeto a Contratação de organização da sociedade civil para gestão de abrigo institucional para o centro de convivência da juventude, conforme especificações do edital. DOTAÇÃO ORÇAMENTÁRIA: 10.302.0001.2001.33903900. VALOR: R$ 15.400,00.","Assistência Social"
"TERMO DE RATIFICAÇÃO DE EXTRATO DE CONTRATO. Processo Administrativo nº 112233/2023. Reconheço e ratifico a contratação de SERVIÇOS DE LIMPEZA BRASIL S/A, inscrita no CNPJ sob nº 34.000.000/0001-00. Objeto: Fornecimento de gestão de abrigo institucional para o Fundo Municipal de Assistência Social. Valor Estimado: R$ 89.000,00, com base na Lei 14.133/2021.","Assistência Social"
"MUNICÍPIO - SECRETARIA DE ADMINISTRAÇÃO. EXTRATO DE REGISTRO DE PREÇOS. Ref. Proc. 2023/00456. PARTES: MUNICÍPIO DE SÃO JOSÉ DOS CAMPOS X TECNOLOGIA INTEGRADA LTDA. OBJETO: O presente instrumento tem por objeto a Contratação de organização da sociedade civil para kits de higiene pessoal visando o enfrentamento da pobreza, conforme especificações do edital. DOTAÇÃO ORÇAMENTÁRIA: 10.302.0001.2001.33903900. VALOR: R$ 45.900,00.","Assistência Social"
"MUNICÍPIO - SECRETARIA DE ADMINISTRAÇÃO. EXTRATO DE CONTRATO. Ref. Proc. PM-882/2023. PARTES: SECRETARIA MUNICIPAL DE INFRAESTRUTURA X ORGANIZAÇÃO SOCIAL ESPERANÇA. OBJETO: O presente instrumento tem por objeto a Contratação de organização da sociedade civil para atendimento psicossocial para a população em situação de rua, conforme especificações do edital. DOTAÇÃO ORÇAMENTÁRIA: 10.302.0001.2001.33903900. VALOR: R$ 45.900,00.","Assistência Social"
"INEXIGIBILIDADE DE LICITAÇÃO. PROCESSO INSTRUTIVO: PMSC-098/24. PARTES: FUNDO MUNICIPAL DE SAÚDE e CONSTRUTORA ALPHA LTDA. OBJETO: Aquisição de fraldas geriátricas para a população em situação de rua. VALOR GLOBAL: R$ 1.250.000,00. FUNDAMENTO LEGAL: art. 25, caput, da Lei 8.666/93. ASSINATURA: 22/06/2026.","Assistência Social"
"EXTRATO DE TERMO ADITIVO. PROCESSO INSTRUTIVO: 0012.0034/2024. PARTES: FUNDO MUNICIPAL DE SAÚDE e TECNOLOGIA INTEGRADA LTDA. OBJETO: Aquisição de kits de higiene pessoal para a população em situação de rua. VALOR GLOBAL: R$ 345.600,00. FUNDAMENTO LEGAL: art. 75, inciso II, da Lei nº 14.133/21. ASSINATURA: 14/07/2026.","Assistência Social"
"EXTRATO DE REGISTRO DE PREÇOS. PROCESSO INSTRUTIVO: 2023/00456. PARTES: PREFEITURA MUNICIPAL e CONSTRUTORA ALPHA LTDA. OBJETO: Fornecimento de fraldas geriátricas visando o enfrentamento da pobreza. VALOR GLOBAL: R$ 345.600,00. FUNDAMENTO LEGAL: art. 24, inciso II, da Lei nº 8.666/93. ASSINATURA: 27/07/2026.","Assistência Social"
"EXTRATO DE CONTRATO Nº 895/2024 - PROCESSO: PM-882/2023. CONTRATANTE: FUNDO MUNICIPAL DE EDUCAÇÃO. CONTRATADA: ORGANIZAÇÃO SOCIAL ESPERANÇA. OBJETO DO CONTRATO: Registro de preços para o fornecimento de gestão de abrigo institucional para o Fundo Municipal de Assistência Social. VALOR: R$ 345.600,00. PRAZO DE VIGÊNCIA: 12 (doze) meses a partir da assinatura.","Assistência Social"
"INEXIGIBILIDADE DE LICITAÇÃO Nº 641/2024 - PROCESSO: 0012.0034/2024. CONTRATANTE: SECRETARIA MUNICIPAL DE INFRAESTRUTURA. CONTRATADA: VIGILÂNCIA E SEGURANÇA PATRIMONIAL LTDA. OBJETO DO CONTRATO: Locação de espaço para aluguel social para o Fundo Municipal de Assistência Social. VALOR: R$ 345.600,00. PRAZO DE VIGÊNCIA: 12 (doze) meses a partir da assinatura.","Assistência Social"
"AVISO DE LICITAÇÃO. PROCESSO INSTRUTIVO: 0012.0034/2024. PARTES: MUNICÍPIO DE SÃO JOSÉ DOS CAMPOS e COMERCIAL DE ALIMENTOS UNIÃO EIRELI. OBJETO: Prestação de serviços aluguel social para idosos do asilo municipal. VALOR GLOBAL: R$ 345.600,00. FUNDAMENTO LEGAL: art. 24, inciso II, da Lei nº 8.666/93. ASSINATURA: 13/06/2026.","Assistência Social"
"PREGÃO ELETRÔNICO. PROCESSO INSTRUTIVO: 112233/2023. PARTES: SECRETARIA MUNICIPAL DE INFRAESTRUTURA e SERVIÇOS DE LIMPEZA BRASIL S/A. OBJETO: Aquisição de refeições para população em situação de rua atendendo ao Centro de Referência de Assistência Social (CRAS). VALOR GLOBAL: R$ 5.600.000,00. FUNDAMENTO LEGAL: art. 25, caput, da Lei 8.666/93. ASSINATURA: 18/07/2026.","Assistência Social"
"EXTRATO DE TERMO ADITIVO. PROCESSO INSTRUTIVO: 2024/09812. PARTES: MUNICÍPIO DE SÃO JOSÉ DOS CAMPOS e COMERCIAL DE ALIMENTOS UNIÃO EIRELI. OBJETO: Contratação de organização da sociedade civil para refeições para população em situação de rua atendendo ao Centro de Referência de Assistência Social (CRAS). VALOR GLOBAL: R$ 1.250.000,00. FUNDAMENTO LEGAL: Lei 14.133/2021. ASSINATURA: 28/07/2026.","Assistência Social"
"EXTRATO DE REGISTRO DE PREÇOS Nº 471/2024 - PROCESSO: 2023/00456. CONTRATANTE: FUNDO MUNICIPAL DE SAÚDE. CONTRATADA: SERVIÇOS DE LIMPEZA BRASIL S/A. OBJETO DO CONTRATO: Locação de espaço para refeições para população em situação de rua visando o enfrentamento da pobreza. VALOR: R$ 5.600.000,00. PRAZO DE VIGÊNCIA: 12 (doze) meses a partir da assinatura.","Assistência Social"
"AVISO DE LICITAÇÃO. PROCESSO INSTRUTIVO: 112233/2023. PARTES: PREFEITURA MUNICIPAL e TECNOLOGIA INTEGRADA LTDA. OBJETO: Contratação de organização da sociedade civil para fraldas geriátricas para famílias em situação de vulnerabilidade. VALOR GLOBAL: R$ 89.000,00. FUNDAMENTO LEGAL: art. 24, inciso II, da Lei nº 8.666/93. ASSINATURA: 29/06/2026.","Assistência Social"
"PREGÃO ELETRÔNICO Nº 860/2024 - PROCESSO: PM-882/2023. CONTRATANTE: MUNICÍPIO DE SÃO JOSÉ DOS CAMPOS. CONTRATADA: ORGANIZAÇÃO SOCIAL ESPERANÇA. OBJETO DO CONTRATO: Fornecimento de oficinas profissionalizantes para a população em situação de rua. VALOR: R$ 45.900,00. PRAZO DE VIGÊNCIA: 12 (doze) meses a partir da assinatura.","Assistência Social"
"EXTRATO DE TERMO ADITIVO Nº 379/2024 - PROCESSO: PM-882/2023. CONTRATANTE: FUNDO MUNICIPAL DE SAÚDE. CONTRATADA: VIGILÂNCIA E SEGURANÇA PATRIMONIAL LTDA. OBJETO DO CONTRATO: Locação de espaço para cestas básicas para famílias em situação de vulnerabilidade. VALOR: R$ 15.400,00. PRAZO DE VIGÊNCIA: 12 (doze) meses a partir da assinatura.","Assistência Social"
"TERMO DE RATIFICAÇÃO DE DISPENSA DE LICITAÇÃO. Processo Administrativo nº 2023/00456. Reconheço e ratifico a contratação de SERVIÇOS DE LIMPEZA BRASIL S/A, inscrita no CNPJ sob nº 56.000.000/0001-00. Objeto: Fornecimento de cestas básicas em caráter de benefício eventual. Valor Estimado: R$ 15.400,00, com base na art. 25, caput, da Lei 8.666/93.","Assistência Social"
"TOMADA DE PREÇOS. PROCESSO INSTRUTIVO: 2023/00456. PARTES: PREFEITURA MUNICIPAL e COMERCIAL DE ALIMENTOS UNIÃO EIRELI. OBJETO: Prestação de serviços atendimento psicossocial para o centro de convivência da juventude. VALOR GLOBAL: R$ 210.000,00. FUNDAMENTO LEGAL: art. 75, inciso II, da Lei nº 14.133/21. ASSINATURA: 22/07/2026.","Assistência Social"
"INEXIGIBILIDADE DE LICITAÇÃO. PROCESSO INSTRUTIVO: 0012.0034/2024. PARTES: FUNDO MUNICIPAL DE SAÚDE e ORGANIZAÇÃO SOCIAL ESPERANÇA. OBJETO: Prestação de serviços fraldas geriátricas para famílias em situação de vulnerabilidade. VALOR GLOBAL: R$ 45.900,00. FUNDAMENTO LEGAL: art. 24, inciso II, da Lei nº 8.666/93. ASSINATURA: 01/08/2026.","Assistência Social"
"DISPENSA DE LICITAÇÃO. PROCESSO INSTRUTIVO: 2024/09812. PARTES: FUNDO MUNICIPAL DE EDUCAÇÃO e COMERCIAL DE ALIMENTOS UNIÃO EIRELI. OBJETO: Prestação de serviços cobertores e roupas de frio para idosos do asilo municipal. VALOR GLOBAL: R$ 89.000,00. FUNDAMENTO LEGAL: art. 24, inciso II, da Lei nº 8.666/93. ASSINATURA: 24/06/2026.","Assistência Social"
"EXTRATO DE CONTRATO. PROCESSO INSTRUTIVO: 112233/2023. PARTES: PREFEITURA MUNICIPAL e DISTRIBUIDORA DE MEDICAMENTOS BOA SAÚDE. OBJETO: Fornecimento de kits de higiene pessoal visando o enfrentamento da pobreza. VALOR GLOBAL: R$ 5.600.000,00. FUNDAMENTO LEGAL: Lei 14.133/2021. ASSINATURA: 12/05/2026.","Assistência Social"
"EXTRATO DE TERMO ADITIVO. PROCESSO INSTRUTIVO: 2024/09812. PARTES: SECRETARIA MUNICIPAL DE INFRAESTRUTURA e ORGANIZAÇÃO SOCIAL ESPERANÇA. OBJETO: Locação de espaço para refeições para população em situação de rua para o centro de convivência da juventude. VALOR GLOBAL: R$ 45.900,00. FUNDAMENTO LEGAL: Lei 14.133/2021. ASSINATURA: 23/07/2026.","Assistência Social"
"MUNICÍPIO - SECRETARIA DE ADMINISTRAÇÃO. PREGÃO ELETRÔNICO. Ref. Proc. PM-882/2023. PARTES: FUNDO MUNICIPAL DE SAÚDE X COMERCIAL DE ALIMENTOS UNIÃO EIRELI. OBJETO: O presente instrumento tem por objeto a Registro de preços para o fornecimento de cestas básicas em caráter de benefício eventual, conforme especificações do edital. DOTAÇÃO ORÇAMENTÁRIA: 10.302.0001.2001.33903900. VALOR: R$ 210.000,00.","Assistência Social"
"AVISO DE LICITAÇÃO Nº 991/2024 - PROCESSO: 2023/00456. CONTRATANTE: FUNDO MUNICIPAL DE EDUCAÇÃO. CONTRATADA: SERVIÇOS DE LIMPEZA BRASIL S/A. OBJETO DO CONTRATO: Prestação de serviços urnas funerárias para idosos do asilo municipal. VALOR: R$ 89.000,00. PRAZO DE VIGÊNCIA: 12 (doze) meses a partir da assinatura.","Assistência Social"
"MUNICÍPIO - SECRETARIA DE ADMINISTRAÇÃO. EXTRATO DE REGISTRO DE PREÇOS. Ref. Proc. PMSC-098/24. PARTES: FUNDO MUNICIPAL DE SAÚDE X VIGILÂNCIA E SEGURANÇA PATRIMONIAL LTDA. OBJETO: O presente instrumento tem por objeto a Contratação de organização da sociedade civil para cestas básicas para a população em situação de rua, conforme especificações do edital. DOTAÇÃO ORÇAMENTÁRIA: 10.302.0001.2001.33903900. VALOR: R$ 1.250.000,00.","Assistência Social"
"TERMO DE RATIFICAÇÃO DE INEXIGIBILIDADE DE LICITAÇÃO. Processo Administrativo nº 2023/00456. Reconheço e ratifico a contratação de COMERCIAL DE ALIMENTOS UNIÃO EIRELI, inscrita no CNPJ sob nº 69.000.000/0001-00. Objeto: Fornecimento de cobertores e roupas de frio atendendo ao Centro de Referência de Assistência Social (CRAS). Valor Estimado: R$ 210.000,00, com base na Lei 14.133/2021.","Assistência Social"
"INEXIGIBILIDADE DE LICITAÇÃO. PROCESSO INSTRUTIVO: 112233/2023. PARTES: FUNDO MUNICIPAL DE EDUCAÇÃO e TECNOLOGIA INTEGRADA LTDA. OBJETO: Contratação de organização da sociedade civil para refeições para população em situação de rua para o centro de convivência da juventude. VALOR GLOBAL: R$ 345.600,00. FUNDAMENTO LEGAL: Lei 14.133/2021. ASSINATURA: 28/05/2026.","Assistência Social"
"MUNICÍPIO - SECRETARIA DE ADMINISTRAÇÃO. INEXIGIBILIDADE DE LICITAÇÃO. Ref. Proc. 0012.0034/2024. PARTES: FUNDO MUNICIPAL DE EDUCAÇÃO X VIGILÂNCIA E SEGURANÇA PATRIMONIAL LTDA. OBJETO: O presente instrumento tem por objeto a Locação de espaço para cobertores e roupas de frio para o centro de convivência da juventude, conforme especificações do edital. DOTAÇÃO ORÇAMENTÁRIA: 10.302.0001.2001.33903900. VALOR: R$ 45.900,00.","Assistência Social"
"MUNICÍPIO - SECRETARIA DE ADMINISTRAÇÃO. AVISO DE LICITAÇÃO. Ref. Proc. 0012.0034/2024. PARTES: MUNICÍPIO DE SÃO JOSÉ DOS CAMPOS X VIGILÂNCIA E SEGURANÇA PATRIMONIAL LTDA. OBJETO: O presente instrumento tem por objeto a Locação de espaço para gestão de abrigo institucional para o Fundo Municipal de Assistência Social, conforme especificações do edital. DOTAÇÃO ORÇAMENTÁRIA: 10.302.0001.2001.33903900. VALOR: R$ 15.400,00.","Assistência Social"
"MUNICÍPIO - SECRETARIA DE ADMINISTRAÇÃO. TOMADA DE PREÇOS. Ref. Proc. PMSC-098/24. PARTES: FUNDO MUNICIPAL DE SAÚDE X TECNOLOGIA INTEGRADA LTDA. OBJETO: O presente instrumento tem por objeto a Prestação de serviços refeições para população em situação de rua para o centro de convivência da juventude, conforme especificações do edital. DOTAÇÃO ORÇAMENTÁRIA: 10.302.0001.2001.33903900. VALOR: R$ 1.250.000,00.","Assistência Social"
"INEXIGIBILIDADE DE LICITAÇÃO Nº 140/2024 - PROCESSO: PMSC-098/24. CONTRATANTE: PREFEITURA MUNICIPAL. CONTRATADA: TECNOLOGIA INTEGRADA LTDA. OBJETO DO CONTRATO: Prestação de serviços fraldas geriátricas para idosos do asilo municipal. VALOR: R$ 45.900,00. PRAZO DE VIGÊNCIA: 12 (doze) meses a partir da assinatura.","Assistência Social"
"MUNICÍPIO - SECRETARIA DE ADMINISTRAÇÃO. EXTRATO DE TERMO ADITIVO. Ref. Proc. 2023/00456. PARTES: FUNDO MUNICIPAL DE SAÚDE X TECNOLOGIA INTEGRADA LTDA. OBJETO: O presente instrumento tem por objeto a Fornecimento de fraldas geriátricas em caráter de benefício eventual, conforme especificações do edital. DOTAÇÃO ORÇAMENTÁRIA: 10.302.0001.2001.33903900. VALOR: R$ 15.400,00.","Assistência Social"
"EXTRATO DE TERMO ADITIVO. PROCESSO INSTRUTIVO: 2024/09812. PARTES: FUNDO MUNICIPAL DE SAÚDE e CONSTRUTORA ALPHA LTDA. OBJETO: Contratação de organização da sociedade civil para aluguel social atendendo ao Centro de Referência de Assistência Social (CRAS). VALOR GLOBAL: R$ 210.000,00. FUNDAMENTO LEGAL: art. 24, inciso II, da Lei nº 8.666/93. ASSINATURA: 31/05/2026.","Assistência Social"
"EXTRATO DE CONTRATO. PROCESSO INSTRUTIVO: 2024/09812. PARTES: SECRETARIA MUNICIPAL DE INFRAESTRUTURA e TECNOLOGIA INTEGRADA LTDA. OBJETO: Aquisição de gestão de abrigo institucional para famílias em situação de vulnerabilidade. VALOR GLOBAL: R$ 345.600,00. FUNDAMENTO LEGAL: art. 24, inciso II, da Lei nº 8.666/93. ASSINATURA: 20/05/2026.","Assistência Social"
"TERMO DE RATIFICAÇÃO DE DISPENSA DE LICITAÇÃO. Processo Administrativo nº 2023/00456. Reconheço e ratifico a contratação de VIGILÂNCIA E SEGURANÇA PATRIMONIAL LTDA, inscrita no CNPJ sob nº 78.000.000/0001-00. Objeto: Locação de espaço para aluguel social para idosos do asilo municipal. Valor Estimado: R$ 345.600,00, com base na art. 25, caput, da Lei 8.666/93.","Assistência Social"
"EXTRATO DE TERMO ADITIVO. PROCESSO INSTRUTIVO: 112233/2023. PARTES: PREFEITURA MUNICIPAL e SERVIÇOS DE LIMPEZA BRASIL S/A. OBJETO: Locação de espaço para kits de higiene pessoal para a população em situação de rua. VALOR GLOBAL: R$ 345.600,00. FUNDAMENTO LEGAL: art. 75, inciso II, da Lei nº 14.133/21. ASSINATURA: 19/06/2026.","Assistência Social"
"PREGÃO ELETRÔNICO. PROCESSO INSTRUTIVO: PMSC-098/24. PARTES: MUNICÍPIO DE SÃO JOSÉ DOS CAMPOS e ORGANIZAÇÃO SOCIAL ESPERANÇA. OBJETO: Contratação de organização da sociedade civil para cestas básicas para o Fundo Municipal de Assistência Social. VALOR GLOBAL: R$ 5.600.000,00. FUNDAMENTO LEGAL: art. 25, caput, da Lei 8.666/93. ASSINATURA: 09/05/2026.","Assistência Social"
"EXTRATO DE REGISTRO DE PREÇOS. PROCESSO INSTRUTIVO: PM-882/2023. PARTES: FUNDO MUNICIPAL DE SAÚDE e SERVIÇOS DE LIMPEZA BRASIL S/A. OBJETO: Fornecimento de refeições para população em situação de rua em caráter de benefício eventual. VALOR GLOBAL: R$ 15.400,00. FUNDAMENTO LEGAL: art. 75, inciso II, da Lei nº 14.133/21. ASSINATURA: 10/06/2026.","Assistência Social"
"EXTRATO DE TERMO ADITIVO. PROCESSO INSTRUTIVO: 2024/09812. PARTES: PREFEITURA MUNICIPAL e VIGILÂNCIA E SEGURANÇA PATRIMONIAL LTDA. OBJETO: Fornecimento de refeições para população em situação de rua para o Fundo Municipal de Assistência Social. VALOR GLOBAL: R$ 345.600,00. FUNDAMENTO LEGAL: art. 75, inciso II, da Lei nº 14.133/21. ASSINATURA: 14/05/2026.","Assistência Social"
"TERMO DE RATIFICAÇÃO DE INEXIGIBILIDADE DE LICITAÇÃO. Processo Administrativo nº PMSC-098/24. Reconheço e ratifico a contratação de COMERCIAL DE ALIMENTOS UNIÃO EIRELI, inscrita no CNPJ sob nº 73.000.000/0001-00. Objeto: Prestação de serviços gestão de abrigo institucional para o Fundo Municipal de Assistência Social. Valor Estimado: R$ 15.400,00, com base na art. 75, inciso II, da Lei nº 14.133/21.","Assistência Social"
"INEXIGIBILIDADE DE LICITAÇÃO. PROCESSO INSTRUTIVO: 112233/2023. PARTES: MUNICÍPIO DE SÃO JOSÉ DOS CAMPOS e ORGANIZAÇÃO SOCIAL ESPERANÇA. OBJETO: Contratação de organização da sociedade civil para atendimento psicossocial para o Fundo Municipal de Assistência Social. VALOR GLOBAL: R$ 5.600.000,00. FUNDAMENTO LEGAL: art. 75, inciso II, da Lei nº 14.133/21. ASSINATURA: 02/05/2026.","Assistência Social"
"INEXIGIBILIDADE DE LICITAÇÃO Nº 83/2024 - PROCESSO: 0012.0034/2024. CONTRATANTE: FUNDO MUNICIPAL DE EDUCAÇÃO. CONTRATADA: COMERCIAL DE ALIMENTOS UNIÃO EIRELI. OBJETO DO CONTRATO: Aquisição de atendimento psicossocial para o Fundo Municipal de Assistência Social. VALOR: R$ 45.900,00. PRAZO DE VIGÊNCIA: 12 (doze) meses a partir da assinatura.","Assistência Social"
"PREGÃO ELETRÔNICO. PROCESSO INSTRUTIVO: 0012.0034/2024. PARTES: SECRETARIA MUNICIPAL DE INFRAESTRUTURA e COMERCIAL DE ALIMENTOS UNIÃO EIRELI. OBJETO: Registro de preços para o fornecimento de refeições para população em situação de rua para o Fundo Municipal de Assistência Social. VALOR GLOBAL: R$ 89.000,00. FUNDAMENTO LEGAL: art. 24, inciso II, da Lei nº 8.666/93. ASSINATURA: 01/06/2026.","Assistência Social"
"EXTRATO DE TERMO ADITIVO Nº 493/2024 - PROCESSO: 0012.0034/2024. CONTRATANTE: SECRETARIA MUNICIPAL DE INFRAESTRUTURA. CONTRATADA: COMERCIAL DE ALIMENTOS UNIÃO EIRELI. OBJETO DO CONTRATO: Prestação de serviços kits de higiene pessoal visando o enfrentamento da pobreza. VALOR: R$ 89.000,00. PRAZO DE VIGÊNCIA: 12 (doze) meses a partir da assinatura.","Assistência Social"
"TERMO DE RATIFICAÇÃO DE TOMADA DE PREÇOS. Processo Administrativo nº PM-882/2023. Reconheço e ratifico a contratação de COMERCIAL DE ALIMENTOS UNIÃO EIRELI, inscrita no CNPJ sob nº 79.000.000/0001-00. Objeto: Contratação de organização da sociedade civil para atendimento psicossocial visando o enfrentamento da pobreza. Valor Estimado: R$ 5.600.000,00, com base na art. 25, caput, da Lei 8.666/93.","Assistência Social"
"TERMO DE RATIFICAÇÃO DE AVISO DE LICITAÇÃO. Processo Administrativo nº PM-882/2023. Reconheço e ratifico a contratação de COMERCIAL DE ALIMENTOS UNIÃO EIRELI, inscrita no CNPJ sob nº 72.000.000/0001-00. Objeto: Registro de preços para o fornecimento de gestão de abrigo institucional para idosos do asilo municipal. Valor Estimado: R$ 345.600,00, com base na art. 75, inciso II, da Lei nº 14.133/21.","Assistência Social"
"EXTRATO DE CONTRATO. PROCESSO INSTRUTIVO: PM-882/2023. PARTES: PREFEITURA MUNICIPAL e TECNOLOGIA INTEGRADA LTDA. OBJETO: Aquisição de kits de higiene pessoal para o Fundo Municipal de Assistência Social. VALOR GLOBAL: R$ 45.900,00. FUNDAMENTO LEGAL: art. 24, inciso II, da Lei nº 8.666/93. ASSINATURA: 30/07/2026.","Assistência Social"
"PREGÃO ELETRÔNICO Nº 541/2024 - PROCESSO: PMSC-098/24. CONTRATANTE: PREFEITURA MUNICIPAL. CONTRATADA: VIGILÂNCIA E SEGURANÇA PATRIMONIAL LTDA. OBJETO DO CONTRATO: Locação de espaço para kits de higiene pessoal para o centro de convivência da juventude. VALOR: R$ 45.900,00. PRAZO DE VIGÊNCIA: 12 (doze) meses a partir da assinatura.","Assistência Social"
"MUNICÍPIO - SECRETARIA DE ADMINISTRAÇÃO. TOMADA DE PREÇOS. Ref. Proc. 2024/09812. PARTES: PREFEITURA MUNICIPAL X DISTRIBUIDORA DE MEDICAMENTOS BOA SAÚDE. OBJETO: O presente instrumento tem por objeto a Aquisição de oficinas profissionalizantes atendendo ao Centro de Referência de Assistência Social (CRAS), conforme especificações do edital. DOTAÇÃO ORÇAMENTÁRIA: 10.302.0001.2001.33903900. VALOR: R$ 45.900,00.","Assistência Social"
"EXTRATO DE REGISTRO DE PREÇOS. PROCESSO INSTRUTIVO: PM-882/2023. PARTES: PREFEITURA MUNICIPAL e COMERCIAL DE ALIMENTOS UNIÃO EIRELI. OBJETO: Fornecimento de cestas básicas para o Fundo Municipal de Assistência Social. VALOR GLOBAL: R$ 15.400,00. FUNDAMENTO LEGAL: art. 25, caput, da Lei 8.666/93. ASSINATURA: 28/04/2026.","Assistência Social"
"DISPENSA DE LICITAÇÃO. PROCESSO INSTRUTIVO: PMSC-098/24. PARTES: FUNDO MUNICIPAL DE SAÚDE e VIGILÂNCIA E SEGURANÇA PATRIMONIAL LTDA. OBJETO: Locação de espaço para aluguel social visando o enfrentamento da pobreza. VALOR GLOBAL: R$ 345.600,00. FUNDAMENTO LEGAL: art. 25, caput, da Lei 8.666/93. ASSINATURA: 26/07/2026.","Assistência Social"
"MUNICÍPIO - SECRETARIA DE ADMINISTRAÇÃO. AVISO DE LICITAÇÃO. Ref. Proc. 2023/00456. PARTES: SECRETARIA MUNICIPAL DE INFRAESTRUTURA X COMERCIAL DE ALIMENTOS UNIÃO EIRELI. OBJETO: O presente instrumento tem por objeto a Locação de espaço para aluguel social em caráter de benefício eventual, conforme especificações do edital. DOTAÇÃO ORÇAMENTÁRIA: 10.302.0001.2001.33903900. VALOR: R$ 15.400,00.","Assistência Social"
"MUNICÍPIO - SECRETARIA DE ADMINISTRAÇÃO. INEXIGIBILIDADE DE LICITAÇÃO. Ref. Proc. 2024/09812. PARTES: FUNDO MUNICIPAL DE SAÚDE X TECNOLOGIA INTEGRADA LTDA. OBJETO: O presente instrumento tem por objeto a Contratação de organização da sociedade civil para fraldas geriátricas para o Fundo Municipal de Assistência Social, conforme especificações do edital. DOTAÇÃO ORÇAMENTÁRIA: 10.302.0001.2001.33903900. VALOR: R$ 45.900,00.","Assistência Social"
"MUNICÍPIO - SECRETARIA DE ADMINISTRAÇÃO. EXTRATO DE REGISTRO DE PREÇOS. Ref. Proc. PM-882/2023. PARTES: MUNICÍPIO DE SÃO JOSÉ DOS CAMPOS X SERVIÇOS DE LIMPEZA BRASIL S/A. OBJETO: O presente instrumento tem por objeto a Aquisição de aluguel social atendendo ao Centro de Referência de Assistência Social (CRAS), conforme especificações do edital. DOTAÇÃO ORÇAMENTÁRIA: 10.302.0001.2001.33903900. VALOR: R$ 345.600,00.","Assistência Social"
"DISPENSA DE LICITAÇÃO. PROCESSO INSTRUTIVO: PMSC-098/24. PARTES: MUNICÍPIO DE SÃO JOSÉ DOS CAMPOS e VIGILÂNCIA E SEGURANÇA PATRIMONIAL LTDA. OBJETO: Registro de preços para o fornecimento de refeições para população em situação de rua para o centro de convivência da juventude. VALOR GLOBAL: R$ 45.900,00. FUNDAMENTO LEGAL: Lei 14.133/2021. ASSINATURA: 29/07/2026.","Assistência Social"
"MUNICÍPIO - SECRETARIA DE ADMINISTRAÇÃO. EXTRATO DE CONTRATO. Ref. Proc. PM-882/2023. PARTES: FUNDO MUNICIPAL DE SAÚDE X DISTRIBUIDORA DE MEDICAMENTOS BOA SAÚDE. OBJETO: O presente instrumento tem por objeto a Locação de espaço para oficinas profissionalizantes para o Fundo Municipal de Assistência Social, conforme especificações do edital. DOTAÇÃO ORÇAMENTÁRIA: 10.302.0001.2001.33903900. VALOR: R$ 15.400,00.","Assistência Social"
"TERMO DE RATIFICAÇÃO DE DISPENSA DE LICITAÇÃO. Processo Administrativo nº PM-882/2023. Reconheço e ratifico a contratação de VIGILÂNCIA E SEGURANÇA PATRIMONIAL LTDA, inscrita no CNPJ sob nº 84.000.000/0001-00. Objeto: Aquisição de cobertores e roupas de frio em caráter de benefício eventual. Valor Estimado: R$ 345.600,00, com base na Lei 14.133/2021.","Assistência Social"
"EXTRATO DE REGISTRO DE PREÇOS Nº 275/2024 - PROCESSO: PM-882/2023. CONTRATANTE: PREFEITURA MUNICIPAL. CONTRATADA: COMERCIAL DE ALIMENTOS UNIÃO EIRELI. OBJETO DO CONTRATO: Registro de preços para o fornecimento de oficinas profissionalizantes para o Fundo Municipal de Assistência Social. VALOR: R$ 45.900,00. PRAZO DE VIGÊNCIA: 12 (doze) meses a partir da assinatura.","Assistência Social"
"TERMO DE RATIFICAÇÃO DE INEXIGIBILIDADE DE LICITAÇÃO. Processo Administrativo nº PMSC-098/24. Reconheço e ratifico a contratação de DISTRIBUIDORA DE MEDICAMENTOS BOA SAÚDE, inscrita no CNPJ sob nº 93.000.000/0001-00. Objeto: Prestação de serviços urnas funerárias para a população em situação de rua. Valor Estimado: R$ 89.000,00, com base na Lei 14.133/2021.","Assistência Social"
"EXTRATO DE REGISTRO DE PREÇOS. PROCESSO INSTRUTIVO: 0012.0034/2024. PARTES: FUNDO MUNICIPAL DE EDUCAÇÃO e SERVIÇOS DE LIMPEZA BRASIL S/A. OBJETO: Registro de preços para o fornecimento de atendimento psicossocial para o Fundo Municipal de Assistência Social. VALOR GLOBAL: R$ 45.900,00. FUNDAMENTO LEGAL: art. 25, caput, da Lei 8.666/93. ASSINATURA: 17/05/2026.","Assistência Social"
"PREGÃO ELETRÔNICO. PROCESSO INSTRUTIVO: PM-882/2023. PARTES: FUNDO MUNICIPAL DE EDUCAÇÃO e ORGANIZAÇÃO SOCIAL ESPERANÇA. OBJETO: Contratação de organização da sociedade civil para kits de higiene pessoal para a população em situação de rua. VALOR GLOBAL: R$ 5.600.000,00. FUNDAMENTO LEGAL: art. 25, caput, da Lei 8.666/93. ASSINATURA: 15/05/2026.","Assistência Social"
"EXTRATO DE CONTRATO Nº 381/2024 - PROCESSO: PM-882/2023. CONTRATANTE: SECRETARIA MUNICIPAL DE INFRAESTRUTURA. CONTRATADA: COMERCIAL DE ALIMENTOS UNIÃO EIRELI. OBJETO DO CONTRATO: Locação de espaço para gestão de abrigo institucional para famílias em situação de vulnerabilidade. VALOR: R$ 15.400,00. PRAZO DE VIGÊNCIA: 12 (doze) meses a partir da assinatura.","Assistência Social"
"PREGÃO ELETRÔNICO Nº 208/2024 - PROCESSO: 0012.0034/2024. CONTRATANTE: FUNDO MUNICIPAL DE EDUCAÇÃO. CONTRATADA: SERVIÇOS DE LIMPEZA BRASIL S/A. OBJETO DO CONTRATO: Fornecimento de urnas funerárias visando o enfrentamento da pobreza. VALOR: R$ 210.000,00. PRAZO DE VIGÊNCIA: 12 (doze) meses a partir da assinatura.","Assistência Social"
"MUNICÍPIO - SECRETARIA DE ADMINISTRAÇÃO. AVISO DE LICITAÇÃO. Ref. Proc. 112233/2023. PARTES: PREFEITURA MUNICIPAL X TECNOLOGIA INTEGRADA LTDA. OBJETO: O presente instrumento tem por objeto a Aquisição de refeições para população em situação de rua para idosos do asilo municipal, conforme especificações do edital. DOTAÇÃO ORÇAMENTÁRIA: 10.302.0001.2001.33903900. VALOR: R$ 89.000,00.","Assistência Social"
"AVISO DE LICITAÇÃO Nº 227/2024 - PROCESSO: PM-882/2023. CONTRATANTE: MUNICÍPIO DE SÃO JOSÉ DOS CAMPOS. CONTRATADA: ORGANIZAÇÃO SOCIAL ESPERANÇA. OBJETO DO CONTRATO: Fornecimento de aluguel social para idosos do asilo municipal. VALOR: R$ 5.600.000,00. PRAZO DE VIGÊNCIA: 12 (doze) meses a partir da assinatura.","Assistência Social"
"DISPENSA DE LICITAÇÃO Nº 523/2024 - PROCESSO: 0012.0034/2024. CONTRATANTE: FUNDO MUNICIPAL DE SAÚDE. CONTRATADA: VIGILÂNCIA E SEGURANÇA PATRIMONIAL LTDA. OBJETO DO CONTRATO: Aquisição de fraldas geriátricas visando o enfrentamento da pobreza. VALOR: R$ 45.900,00. PRAZO DE VIGÊNCIA: 12 (doze) meses a partir da assinatura.","Assistência Social"
"TERMO DE RATIFICAÇÃO DE DISPENSA DE LICITAÇÃO. Processo Administrativo nº 2024/09812. Reconheço e ratifico a contratação de TECNOLOGIA INTEGRADA LTDA, inscrita no CNPJ sob nº 16.000.000/0001-00. Objeto: Registro de preços para o fornecimento de kits de higiene pessoal para a população em situação de rua. Valor Estimado: R$ 345.600,00, com base na art. 25, caput, da Lei 8.666/93.","Assistência Social"
"INEXIGIBILIDADE DE LICITAÇÃO Nº 429/2024 - PROCESSO: 112233/2023. CONTRATANTE: PREFEITURA MUNICIPAL. CONTRATADA: DISTRIBUIDORA DE MEDICAMENTOS BOA SAÚDE. OBJETO DO CONTRATO: Locação de espaço para urnas funerárias para idosos do asilo municipal. VALOR: R$ 45.900,00. PRAZO DE VIGÊNCIA: 12 (doze) meses a partir da assinatura.","Assistência Social"
"TERMO DE RATIFICAÇÃO DE INEXIGIBILIDADE DE LICITAÇÃO. Processo Administrativo nº PM-882/2023. Reconheço e ratifico a contratação de DISTRIBUIDORA DE MEDICAMENTOS BOA SAÚDE, inscrita no CNPJ sob nº 45.000.000/0001-00. Objeto: Aquisição de gestão de abrigo institucional atendendo ao Centro de Referência de Assistência Social (CRAS). Valor Estimado: R$ 210.000,00, com base na art. 24, inciso II, da Lei nº 8.666/93.","Assistência Social"
"EXTRATO DE REGISTRO DE PREÇOS. PROCESSO INSTRUTIVO: 2023/00456. PARTES: MUNICÍPIO DE SÃO JOSÉ DOS CAMPOS e TECNOLOGIA INTEGRADA LTDA. OBJETO: Aquisição de cobertores e roupas de frio para a população em situação de rua. VALOR GLOBAL: R$ 210.000,00. FUNDAMENTO LEGAL: art. 25, caput, da Lei 8.666/93. ASSINATURA: 01/05/2026.","Assistência Social"
"MUNICÍPIO - SECRETARIA DE ADMINISTRAÇÃO. EXTRATO DE TERMO ADITIVO. Ref. Proc. 112233/2023. PARTES: FUNDO MUNICIPAL DE SAÚDE X VIGILÂNCIA E SEGURANÇA PATRIMONIAL LTDA. OBJETO: O presente instrumento tem por objeto a Fornecimento de aluguel social para o centro de convivência da juventude, conforme especificações do edital. DOTAÇÃO ORÇAMENTÁRIA: 10.302.0001.2001.33903900. VALOR: R$ 15.400,00.","Assistência Social"
"MUNICÍPIO - SECRETARIA DE ADMINISTRAÇÃO. INEXIGIBILIDADE DE LICITAÇÃO. Ref. Proc. 2023/00456. PARTES: SECRETARIA MUNICIPAL DE INFRAESTRUTURA X CONSTRUTORA ALPHA LTDA. OBJETO: O presente instrumento tem por objeto a Locação de espaço para urnas funerárias visando o enfrentamento da pobreza, conforme especificações do edital. DOTAÇÃO ORÇAMENTÁRIA: 10.302.0001.2001.33903900. VALOR: R$ 210.000,00.","Assistência Social"
"TERMO DE RATIFICAÇÃO DE EXTRATO DE REGISTRO DE PREÇOS. Processo Administrativo nº 0012.0034/2024. Reconheço e ratifico a contratação de TECNOLOGIA INTEGRADA LTDA, inscrita no CNPJ sob nº 19.000.000/0001-00. Objeto: Locação de espaço para aluguel social para a população em situação de rua. Valor Estimado: R$ 210.000,00, com base na art. 25, caput, da Lei 8.666/93.","Assistência Social"
"MUNICÍPIO - SECRETARIA DE ADMINISTRAÇÃO. EXTRATO DE TERMO ADITIVO. Ref. Proc. 2023/00456. PARTES: FUNDO MUNICIPAL DE EDUCAÇÃO X VIGILÂNCIA E SEGURANÇA PATRIMONIAL LTDA. OBJETO: O presente instrumento tem por objeto a Aquisição de cestas básicas para famílias em situação de vulnerabilidade, conforme especificações do edital. DOTAÇÃO ORÇAMENTÁRIA: 10.302.0001.2001.33903900. VALOR: R$ 5.600.000,00.","Assistência Social"
"TERMO DE RATIFICAÇÃO DE EXTRATO DE REGISTRO DE PREÇOS. Processo Administrativo nº 112233/2023. Reconheço e ratifico a contratação de VIGILÂNCIA E SEGURANÇA PATRIMONIAL LTDA, inscrita no CNPJ sob nº 81.000.000/0001-00. Objeto: Aquisição de fraldas geriátricas atendendo ao Centro de Referência de Assistência Social (CRAS). Valor Estimado: R$ 15.400,00, com base na art. 25, caput, da Lei 8.666/93.","Assistência Social"
"PREGÃO ELETRÔNICO Nº 995/2024 - PROCESSO: 112233/2023. CONTRATANTE: FUNDO MUNICIPAL DE EDUCAÇÃO. CONTRATADA: VIGILÂNCIA E SEGURANÇA PATRIMONIAL LTDA. OBJETO DO CONTRATO: Fornecimento de atendimento psicossocial para a população em situação de rua. VALOR: R$ 45.900,00. PRAZO DE VIGÊNCIA: 12 (doze) meses a partir da assinatura.","Assistência Social"
"AVISO DE LICITAÇÃO Nº 75/2024 - PROCESSO: 0012.0034/2024. CONTRATANTE: MUNICÍPIO DE SÃO JOSÉ DOS CAMPOS. CONTRATADA: TECNOLOGIA INTEGRADA LTDA. OBJETO DO CONTRATO: Locação de espaço para gestão de abrigo institucional para o centro de convivência da juventude. VALOR: R$ 45.900,00. PRAZO DE VIGÊNCIA: 12 (doze) meses a partir da assinatura.","Assistência Social"
"AVISO DE LICITAÇÃO Nº 241/2024 - PROCESSO: 2024/09812. CONTRATANTE: PREFEITURA MUNICIPAL. CONTRATADA: TECNOLOGIA INTEGRADA LTDA. OBJETO DO CONTRATO: Contratação de organização da sociedade civil para urnas funerárias para idosos do asilo municipal. VALOR: R$ 345.600,00. PRAZO DE VIGÊNCIA: 12 (doze) meses a partir da assinatura.","Assistência Social"
"DISPENSA DE LICITAÇÃO Nº 726/2024 - PROCESSO: 2024/09812. CONTRATANTE: FUNDO MUNICIPAL DE SAÚDE. CONTRATADA: TECNOLOGIA INTEGRADA LTDA. OBJETO DO CONTRATO: Registro de preços para o fornecimento de fraldas geriátricas para o centro de convivência da juventude. VALOR: R$ 5.600.000,00. PRAZO DE VIGÊNCIA: 12 (doze) meses a partir da assinatura.","Assistência Social"
"MUNICÍPIO - SECRETARIA DE ADMINISTRAÇÃO. EXTRATO DE REGISTRO DE PREÇOS. Ref. Proc. PM-882/2023. PARTES: MUNICÍPIO DE SÃO JOSÉ DOS CAMPOS X COMERCIAL DE ALIMENTOS UNIÃO EIRELI. OBJETO: O presente instrumento tem por objeto a Locação de espaço para urnas funerárias para o Fundo Municipal de Assistência Social, conforme especificações do edital. DOTAÇÃO ORÇAMENTÁRIA: 10.302.0001.2001.33903900. VALOR: R$ 45.900,00.","Assistência Social"
"MUNICÍPIO - SECRETARIA DE ADMINISTRAÇÃO. EXTRATO DE REGISTRO DE PREÇOS. Ref. Proc. PM-882/2023. PARTES: FUNDO MUNICIPAL DE EDUCAÇÃO X VIGILÂNCIA E SEGURANÇA PATRIMONIAL LTDA. OBJETO: O presente instrumento tem por objeto a Aquisição de fraldas geriátricas em caráter de benefício eventual, conforme especificações do edital. DOTAÇÃO ORÇAMENTÁRIA: 10.302.0001.2001.33903900. VALOR: R$ 5.600.000,00.","Assistência Social"
"AVISO DE LICITAÇÃO Nº 110/2024 - PROCESSO: 0012.0034/2024. CONTRATANTE: FUNDO MUNICIPAL DE SAÚDE. CONTRATADA: ORGANIZAÇÃO SOCIAL ESPERANÇA. OBJETO DO CONTRATO: Fornecimento de fraldas geriátricas para o Fundo Municipal de Assistência Social. VALOR: R$ 15.400,00. PRAZO DE VIGÊNCIA: 12 (doze) meses a partir da assinatura.","Assistência Social"
"MUNICÍPIO - SECRETARIA DE ADMINISTRAÇÃO. DISPENSA DE LICITAÇÃO. Ref. Proc. 0012.0034/2024. PARTES: SECRETARIA MUNICIPAL DE INFRAESTRUTURA X TECNOLOGIA INTEGRADA LTDA. OBJETO: O presente instrumento tem por objeto a Locação de espaço para atendimento psicossocial para a população em situação de rua, conforme especificações do edital. DOTAÇÃO ORÇAMENTÁRIA: 10.302.0001.2001.33903900. VALOR: R$ 45.900,00.","Assistência Social"
"TERMO DE RATIFICAÇÃO DE AVISO DE LICITAÇÃO. Processo Administrativo nº PMSC-098/24. Reconheço e ratifico a contratação de DISTRIBUIDORA DE MEDICAMENTOS BOA SAÚDE, inscrita no CNPJ sob nº 61.000.000/0001-00. Objeto: Contratação de organização da sociedade civil para refeições para população em situação de rua em caráter de benefício eventual. Valor Estimado: R$ 5.600.000,00, com base na art. 75, inciso II, da Lei nº 14.133/21.","Assistência Social"
"TERMO DE RATIFICAÇÃO DE PREGÃO ELETRÔNICO. Processo Administrativo nº 2023/00456. Reconheço e ratifico a contratação de SERVIÇOS DE LIMPEZA BRASIL S/A, inscrita no CNPJ sob nº 80.000.000/0001-00. Objeto: Prestação de serviços cestas básicas atendendo ao Centro de Referência de Assistência Social (CRAS). Valor Estimado: R$ 45.900,00, com base na Lei 14.133/2021.","Assistência Social"
"EXTRATO DE REGISTRO DE PREÇOS Nº 24/2024 - PROCESSO: PMSC-098/24. CONTRATANTE: MUNICÍPIO DE SÃO JOSÉ DOS CAMPOS. CONTRATADA: ORGANIZAÇÃO SOCIAL ESPERANÇA. OBJETO DO CONTRATO: Prestação de serviços fraldas geriátricas para o Fundo Municipal de Assistência Social. VALOR: R$ 45.900,00. PRAZO DE VIGÊNCIA: 12 (doze) meses a partir da assinatura.","Assistência Social"
"EXTRATO DE CONTRATO Nº 467/2024 - PROCESSO: 112233/2023. CONTRATANTE: FUNDO MUNICIPAL DE SAÚDE. CONTRATADA: DISTRIBUIDORA DE MEDICAMENTOS BOA SAÚDE. OBJETO DO CONTRATO: Aquisição de cobertores e roupas de frio atendendo ao Centro de Referência de Assistência Social (CRAS). VALOR: R$ 5.600.000,00. PRAZO DE VIGÊNCIA: 12 (doze) meses a partir da assinatura.","Assistência Social"
"EXTRATO DE CONTRATO Nº 333/2024 - PROCESSO: PMSC-098/24. CONTRATANTE: FUNDO MUNICIPAL DE SAÚDE. CONTRATADA: ORGANIZAÇÃO SOCIAL ESPERANÇA. OBJETO DO CONTRATO: Registro de preços para o fornecimento de cobertores e roupas de frio para famílias em situação de vulnerabilidade. VALOR: R$ 15.400,00. PRAZO DE VIGÊNCIA: 12 (doze) meses a partir da assinatura.","Assistência Social"
"MUNICÍPIO - SECRETARIA DE ADMINISTRAÇÃO. INEXIGIBILIDADE DE LICITAÇÃO. Ref. Proc. 0012.0034/2024. PARTES: FUNDO MUNICIPAL DE EDUCAÇÃO X TECNOLOGIA INTEGRADA LTDA. OBJETO: O presente instrumento tem por objeto a Registro de preços para o fornecimento de aluguel social para o centro de convivência da juventude, conforme especificações do edital. DOTAÇÃO ORÇAMENTÁRIA: 10.302.0001.2001.33903900. VALOR: R$ 1.250.000,00.","Assistência Social"
"INEXIGIBILIDADE DE LICITAÇÃO Nº 572/2024 - PROCESSO: 112233/2023. CONTRATANTE: SECRETARIA MUNICIPAL DE INFRAESTRUTURA. CONTRATADA: ORGANIZAÇÃO SOCIAL ESPERANÇA. OBJETO DO CONTRATO: Fornecimento de cestas básicas visando o enfrentamento da pobreza. VALOR: R$ 15.400,00. PRAZO DE VIGÊNCIA: 12 (doze) meses a partir da assinatura.","Assistência Social"
"TERMO DE RATIFICAÇÃO DE EXTRATO DE TERMO ADITIVO. Processo Administrativo nº PM-882/2023. Reconheço e ratifico a contratação de TECNOLOGIA INTEGRADA LTDA, inscrita no CNPJ sob nº 13.000.000/0001-00. Objeto: Registro de preços para o fornecimento de refeições para população em situação de rua para a população em situação de rua. Valor Estimado: R$ 1.250.000,00, com base na art. 24, inciso II, da Lei nº 8.666/93.","Assistência Social"
"TERMO DE RATIFICAÇÃO DE EXTRATO DE TERMO ADITIVO. Processo Administrativo nº 0012.0034/2024. Reconheço e ratifico a contratação de CONSTRUTORA ALPHA LTDA, inscrita no CNPJ sob nº 21.000.000/0001-00. Objeto: Locação de espaço para oficinas profissionalizantes atendendo ao Centro de Referência de Assistência Social (CRAS). Valor Estimado: R$ 210.000,00, com base na art. 25, caput, da Lei 8.666/93.","Assistência Social"
"EXTRATO DE TERMO ADITIVO. PROCESSO INSTRUTIVO: 2024/09812. PARTES: FUNDO MUNICIPAL DE EDUCAÇÃO e TECNOLOGIA INTEGRADA LTDA. OBJETO: Aquisição de atendimento psicossocial em caráter de benefício eventual. VALOR GLOBAL: R$ 345.600,00. FUNDAMENTO LEGAL: art. 25, caput, da Lei 8.666/93. ASSINATURA: 31/07/2026.","Assistência Social"
"MUNICÍPIO - SECRETARIA DE ADMINISTRAÇÃO. AVISO DE LICITAÇÃO. Ref. Proc. 2023/00456. PARTES: PREFEITURA MUNICIPAL X ORGANIZAÇÃO SOCIAL ESPERANÇA. OBJETO: O presente instrumento tem por objeto a Prestação de serviços gestão de abrigo institucional para famílias em situação de vulnerabilidade, conforme especificações do edital. DOTAÇÃO ORÇAMENTÁRIA: 10.302.0001.2001.33903900. VALOR: R$ 5.600.000,00.","Assistência Social"
"EXTRATO DE REGISTRO DE PREÇOS. PROCESSO INSTRUTIVO: 0012.0034/2024. PARTES: SECRETARIA MUNICIPAL DE INFRAESTRUTURA e SERVIÇOS DE LIMPEZA BRASIL S/A. OBJETO: Contratação de organização da sociedade civil para refeições para população em situação de rua para famílias em situação de vulnerabilidade. VALOR GLOBAL: R$ 89.000,00. FUNDAMENTO LEGAL: Lei 14.133/2021. ASSINATURA: 28/07/2026.","Assistência Social"
"AVISO DE LICITAÇÃO. PROCESSO INSTRUTIVO: 2023/00456. PARTES: FUNDO MUNICIPAL DE SAÚDE e ORGANIZAÇÃO SOCIAL ESPERANÇA. OBJETO: Prestação de serviços aluguel social para a população em situação de rua. VALOR GLOBAL: R$ 5.600.000,00. FUNDAMENTO LEGAL: Lei 14.133/2021. ASSINATURA: 16/05/2026.","Assistência Social"
"EXTRATO DE TERMO ADITIVO. PROCESSO INSTRUTIVO: PM-882/2023. PARTES: PREFEITURA MUNICIPAL e VIGILÂNCIA E SEGURANÇA PATRIMONIAL LTDA. OBJETO: Fornecimento de cobertores e roupas de frio para a população em situação de rua. VALOR GLOBAL: R$ 89.000,00. FUNDAMENTO LEGAL: art. 24, inciso II, da Lei nº 8.666/93. ASSINATURA: 25/05/2026.","Assistência Social"
"EXTRATO DE REGISTRO DE PREÇOS. PROCESSO INSTRUTIVO: 2024/09812. PARTES: FUNDO MUNICIPAL DE SAÚDE e COMERCIAL DE ALIMENTOS UNIÃO EIRELI. OBJETO: Fornecimento de refeições para população em situação de rua para famílias em situação de vulnerabilidade. VALOR GLOBAL: R$ 89.000,00. FUNDAMENTO LEGAL: art. 25, caput, da Lei 8.666/93. ASSINATURA: 12/07/2026.","Assistência Social"
"MUNICÍPIO - SECRETARIA DE ADMINISTRAÇÃO. TOMADA DE PREÇOS. Ref. Proc. PMSC-098/24. PARTES: FUNDO MUNICIPAL DE SAÚDE X SERVIÇOS DE LIMPEZA BRASIL S/A. OBJETO: O presente instrumento tem por objeto a Registro de preços para o fornecimento de oficinas profissionalizantes atendendo ao Centro de Referência de Assistência Social (CRAS), conforme especificações do edital. DOTAÇÃO ORÇAMENTÁRIA: 10.302.0001.2001.33903900. VALOR: R$ 1.250.000,00.","Assistência Social"
"TERMO DE RATIFICAÇÃO DE PREGÃO ELETRÔNICO. Processo Administrativo nº PM-882/2023. Reconheço e ratifico a contratação de TECNOLOGIA INTEGRADA LTDA, inscrita no CNPJ sob nº 45.000.000/0001-00. Objeto: Registro de preços para o fornecimento de kits de higiene pessoal visando o enfrentamento da pobreza. Valor Estimado: R$ 89.000,00, com base na art. 25, caput, da Lei 8.666/93.","Assistência Social"
"MUNICÍPIO - SECRETARIA DE ADMINISTRAÇÃO. AVISO DE LICITAÇÃO. Ref. Proc. 112233/2023. PARTES: MUNICÍPIO DE SÃO JOSÉ DOS CAMPOS X TECNOLOGIA INTEGRADA LTDA. OBJETO: O presente instrumento tem por objeto a Locação de espaço para atendimento psicossocial em caráter de benefício eventual, conforme especificações do edital. DOTAÇÃO ORÇAMENTÁRIA: 10.302.0001.2001.33903900. VALOR: R$ 89.000,00.","Assistência Social"
"TOMADA DE PREÇOS Nº 809/2024 - PROCESSO: 0012.0034/2024. CONTRATANTE: FUNDO MUNICIPAL DE EDUCAÇÃO. CONTRATADA: ORGANIZAÇÃO SOCIAL ESPERANÇA. OBJETO DO CONTRATO: Prestação de serviços aluguel social para o Fundo Municipal de Assistência Social. VALOR: R$ 45.900,00. PRAZO DE VIGÊNCIA: 12 (doze) meses a partir da assinatura.","Assistência Social"
